dataset,container_shape,ALG,Select_range,PES,OES,best_N_mean,best_N_std,best_U_star_mean,best_U_star_std,origin_N_mean,origin_N_std,origin_U_star_mean,origin_U_star_std,time_cost_s_mean,time_cost_s_std,n_seeds
Merged1_normal,cube,BLF,bottom_left_filling,None,height_only,2.0,0.0,0.3149446496058741,0.007506582333795197,2.0,0.0,0.3149446496058741,0.007506582333795197,12.689190006256103,0.561735380162147,5
Merged1_normal,cube,fixed_CA,all,maximum_connected_space,maximum_connected_space,2.0,0.0,0.28909862865781233,0.027817753442978134,2.0,0.0,0.28909862865781233,0.027817753442978134,28.08728394508362,1.792675015731634,5
Merged1_normal,cube,fixed_CA,all,maximum_connected_space,minimum_bb_volume,2.0,0.0,0.293333506100853,0.02439707648930461,2.0,0.0,0.293333506100853,0.02439707648930461,27.921380710601806,0.9510359969810034,5
Merged1_normal,cube,fixed_CA,all,maximum_connected_space,waste_overlap_distance,2.0,0.0,0.293333506100853,0.02439707648930461,2.0,0.0,0.293333506100853,0.02439707648930461,27.85087823867798,1.68697116688659,5
Merged1_normal,cube,fixed_CA,all,minimum_length_of_edges_of_AABB,maximum_connected_space,2.0,0.0,0.29158889968685886,0.022395009297803723,2.0,0.0,0.29158889968685886,0.022395009297803723,28.169012546539307,1.6163376989760154,5
Merged1_normal,cube,fixed_CA,all,minimum_length_of_edges_of_AABB,minimum_bb_volume,2.0,0.0,0.3010168232372314,0.017596813120728198,2.0,0.0,0.3010168232372314,0.017596813120728198,26.933957386016846,0.6589297942937614,5
Merged1_normal,cube,fixed_CA,all,minimum_length_of_edges_of_AABB,waste_overlap_distance,2.0,0.0,0.293708238851096,0.016152553847869063,2.0,0.0,0.293708238851096,0.016152553847869063,27.207960319519042,0.879999436297747,5
Merged1_normal,cube,fixed_CA,all,minimum_volume_of_AABB,maximum_connected_space,2.0,0.0,0.2944931216931217,0.024398948107171706,2.0,0.0,0.2944931216931217,0.024398948107171706,27.872578382492065,1.661539881858403,5
Merged1_normal,cube,fixed_CA,all,minimum_volume_of_AABB,minimum_bb_volume,2.0,0.0,0.29108580066947415,0.022789197713957016,2.0,0.0,0.29108580066947415,0.022789197713957016,28.193110847473143,1.9762051098926678,5
Merged1_normal,cube,fixed_CA,all,minimum_volume_of_AABB,waste_overlap_distance,1.8,0.4472135954999579,0.30018926681783825,0.02671922180180096,1.8,0.4472135954999579,0.30018926681783825,0.02671922180180096,27.70782618522644,1.5565309598311723,5
Merged1_normal,cube,fixed_CA,bottom,maximum_connected_space,maximum_connected_space,2.0,0.0,0.30891990065867614,0.008961733101600174,2.0,0.0,0.30891990065867614,0.008961733101600174,22.0630081653595,1.0505141760080952,5
Merged1_normal,cube,fixed_CA,bottom,maximum_connected_space,minimum_bb_volume,2.0,0.0,0.3049683619479538,0.015812431055596616,2.0,0.0,0.3049683619479538,0.015812431055596616,22.13456506729126,0.8422446482943676,5
Merged1_normal,cube,fixed_CA,bottom,maximum_connected_space,waste_overlap_distance,1.8,0.4472135954999579,0.3132000431918799,0.018392442796347833,1.8,0.4472135954999579,0.3132000431918799,0.018392442796347833,21.51002769470215,1.8504859052114495,5
Merged1_normal,cube,fixed_CA,bottom,minimum_length_of_edges_of_AABB,maximum_connected_space,2.0,0.0,0.30891990065867614,0.008961733101600174,2.0,0.0,0.30891990065867614,0.008961733101600174,21.907018995285036,1.237982143445507,5
Merged1_normal,cube,fixed_CA,bottom,minimum_length_of_edges_of_AABB,minimum_bb_volume,2.0,0.0,0.3072613324694957,0.016942032729607977,2.0,0.0,0.3072613324694957,0.016942032729607977,22.196276044845582,1.121807905821242,5
Merged1_normal,cube,fixed_CA,bottom,minimum_length_of_edges_of_AABB,waste_overlap_distance,2.0,0.0,0.29532067811251483,0.015024490984797124,2.0,0.0,0.29532067811251483,0.015024490984797124,21.599384307861328,1.2170804511438997,5
Merged1_normal,cube,fixed_CA,bottom,minimum_volume_of_AABB,maximum_connected_space,2.0,0.0,0.3112128711802181,0.009729350073945504,2.0,0.0,0.3112128711802181,0.009729350073945504,22.33234887123108,1.1677407359992882,5
Merged1_normal,cube,fixed_CA,bottom,minimum_volume_of_AABB,minimum_bb_volume,2.0,0.0,0.30891990065867614,0.008961733101600174,2.0,0.0,0.30891990065867614,0.008961733101600174,22.37971987724304,0.853995897801391,5
Merged1_normal,cube,fixed_CA,bottom,minimum_volume_of_AABB,waste_overlap_distance,2.0,0.0,0.29981643451031204,0.014053315123610046,2.0,0.0,0.29981643451031204,0.014053315123610046,21.504992628097533,1.2914042639561338,5
Merged1_normal,cube,fixed_CA,bottom_top,maximum_connected_space,maximum_connected_space,2.0,0.0,0.30891990065867614,0.008961733101600174,2.0,0.0,0.30891990065867614,0.008961733101600174,23.134935903549195,1.2038740527028895,5
Merged1_normal,cube,fixed_CA,bottom_top,maximum_connected_space,minimum_bb_volume,2.0,0.0,0.3072613324694957,0.016942032729607977,2.0,0.0,0.3072613324694957,0.016942032729607977,23.51093955039978,0.24027470001683532,5
Merged1_normal,cube,fixed_CA,bottom_top,maximum_connected_space,waste_overlap_distance,1.8,0.4472135954999579,0.31090707267033796,0.018311899859102414,1.8,0.4472135954999579,0.31090707267033796,0.018311899859102414,22.11889705657959,0.8923352383027181,5
Merged1_normal,cube,fixed_CA,bottom_top,minimum_length_of_edges_of_AABB,maximum_connected_space,1.8,0.4472135954999579,0.30748109275456215,0.02828574636723434,1.8,0.4472135954999579,0.30748109275456215,0.02828574636723434,24.29789090156555,2.6038429960913407,5
Merged1_normal,cube,fixed_CA,bottom_top,minimum_length_of_edges_of_AABB,minimum_bb_volume,1.6,0.5477225575051661,0.3190656732534284,0.0226494101528243,1.6,0.5477225575051661,0.3190656732534284,0.0226494101528243,23.43527498245239,1.2865181482513492,5
Merged1_normal,cube,fixed_CA,bottom_top,minimum_length_of_edges_of_AABB,waste_overlap_distance,2.0,0.0,0.3039042867940827,0.015834258611137027,2.0,0.0,0.3039042867940827,0.015834258611137027,23.96746063232422,1.5607083970572715,5
Merged1_normal,cube,fixed_CA,bottom_top,minimum_volume_of_AABB,maximum_connected_space,2.0,0.0,0.3112128711802181,0.009729350073945504,2.0,0.0,0.3112128711802181,0.009729350073945504,23.278500366210938,1.0924104259103105,5
Merged1_normal,cube,fixed_CA,bottom_top,minimum_volume_of_AABB,minimum_bb_volume,2.0,0.0,0.3112128711802181,0.009729350073945504,2.0,0.0,0.3112128711802181,0.009729350073945504,23.06868886947632,0.6488157311728721,5
Merged1_normal,cube,fixed_CA,bottom_top,minimum_volume_of_AABB,waste_overlap_distance,2.0,0.0,0.2958648957995897,0.014360202655939019,2.0,0.0,0.2958648957995897,0.014360202655939019,22.37830023765564,0.9258541275018022,5
Merged1_normal,cylinder,BLF,bottom_left_filling,None,height_only,1.8,0.4472135954999579,0.24975665256599364,0.03217284833881301,1.8,0.4472135954999579,0.24975665256599364,0.03217284833881301,91.81764540672302,3.1260939763788063,5
Merged1_normal,cylinder,fixed_CA,all,maximum_connected_space,maximum_connected_space,2.0,0.0,0.2396252777127915,0.014694667549693822,2.0,0.0,0.2396252777127915,0.014694667549693822,119.14781017303467,1.5577803722344974,5
Merged1_normal,cylinder,fixed_CA,all,maximum_connected_space,minimum_bb_volume,2.0,0.0,0.2457060000205112,0.017936500393936745,2.0,0.0,0.2457060000205112,0.017936500393936745,119.26992106437683,1.3806860908058647,5
Merged1_normal,cylinder,fixed_CA,all,maximum_connected_space,waste_overlap_distance,2.0,0.0,0.2565258995611818,0.011951330777998787,2.0,0.0,0.2565258995611818,0.011951330777998787,117.54063649177552,2.5123254199726537,5
Merged1_normal,cylinder,fixed_CA,all,minimum_length_of_edges_of_AABB,maximum_connected_space,2.0,0.0,0.24007806534651294,0.014467355770685059,2.0,0.0,0.24007806534651294,0.014467355770685059,122.07308282852173,2.4791019274868633,5
Merged1_normal,cylinder,fixed_CA,all,minimum_length_of_edges_of_AABB,minimum_bb_volume,2.0,0.0,0.2508979648871835,0.013980972592538487,2.0,0.0,0.2508979648871835,0.013980972592538487,118.08077602386474,1.3031325821705664,5
Merged1_normal,cylinder,fixed_CA,all,minimum_length_of_edges_of_AABB,waste_overlap_distance,2.0,0.0,0.2508979648871835,0.013980972592538487,2.0,0.0,0.2508979648871835,0.013980972592538487,121.89444208145142,2.222276928962266,5
Merged1_normal,cylinder,fixed_CA,all,minimum_volume_of_AABB,maximum_connected_space,2.0,0.0,0.23652044822441604,0.025891973003428506,2.0,0.0,0.23652044822441604,0.025891973003428506,119.2375783443451,3.0256897547111734,5
Merged1_normal,cylinder,fixed_CA,all,minimum_volume_of_AABB,minimum_bb_volume,2.0,0.0,0.24008151515705553,0.0240064353718463,2.0,0.0,0.24008151515705553,0.0240064353718463,119.86529397964478,3.2011622618102082,5
Merged1_normal,cylinder,fixed_CA,all,minimum_volume_of_AABB,waste_overlap_distance,2.0,0.0,0.2396252777127915,0.014694667549693822,2.0,0.0,0.2396252777127915,0.014694667549693822,120.57870483398438,2.9523312169646285,5
Merged1_normal,cylinder,fixed_CA,bottom,maximum_connected_space,maximum_connected_space,1.8,0.4472135954999579,0.26173123244370683,0.012886310124095897,1.8,0.4472135954999579,0.26173123244370683,0.012886310124095897,102.78164248466491,2.82634486935752,5
Merged1_normal,cylinder,fixed_CA,bottom,maximum_connected_space,minimum_bb_volume,1.8,0.4472135954999579,0.25678822890452835,0.01902893686914576,1.8,0.4472135954999579,0.25678822890452835,0.01902893686914576,102.4942943096161,1.2604565077128862,5
Merged1_normal,cylinder,fixed_CA,bottom,maximum_connected_space,waste_overlap_distance,1.6,0.5477225575051661,0.2600758983516637,0.02195926473695076,1.6,0.5477225575051661,0.2600758983516637,0.02195926473695076,105.16054668426514,2.7869727053810567,5
Merged1_normal,cylinder,fixed_CA,bottom,minimum_length_of_edges_of_AABB,maximum_connected_space,1.6,0.5477225575051662,0.2650189018908422,0.01566966667641125,1.6,0.5477225575051662,0.2650189018908422,0.01566966667641125,102.3626561164856,2.7450286571005296,5
Merged1_normal,cylinder,fixed_CA,bottom,minimum_length_of_edges_of_AABB,minimum_bb_volume,1.6,0.5477225575051661,0.26715692197464297,0.013792900001768745,1.6,0.5477225575051661,0.26715692197464297,0.013792900001768745,102.05280332565307,3.127262845362712,5
Merged1_normal,cylinder,fixed_CA,bottom,minimum_length_of_edges_of_AABB,waste_overlap_distance,1.2,0.4472135954999579,0.2751837686547292,0.013596908432360767,1.2,0.4472135954999579,0.2751837686547292,0.013596908432360767,104.49748420715332,4.049493983717602,5
Merged1_normal,cylinder,fixed_CA,bottom,minimum_volume_of_AABB,maximum_connected_space,1.6,0.5477225575051662,0.2610427077562384,0.021927670246547903,1.6,0.5477225575051662,0.2610427077562384,0.021927670246547903,102.85615706443787,2.9417401342385445,5
Merged1_normal,cylinder,fixed_CA,bottom,minimum_volume_of_AABB,minimum_bb_volume,1.8,0.4472135954999579,0.26076442303913216,0.013004143736453345,1.8,0.4472135954999579,0.26076442303913216,0.013004143736453345,100.78989849090576,2.943234663811238,5
Merged1_normal,cylinder,fixed_CA,bottom,minimum_volume_of_AABB,waste_overlap_distance,1.8,0.4472135954999579,0.26173123244370683,0.012886310124095897,1.8,0.4472135954999579,0.26173123244370683,0.012886310124095897,102.90235080718995,3.4500137295312014,5
Merged1_normal,cylinder,fixed_CA,bottom_top,maximum_connected_space,maximum_connected_space,1.8,0.4472135954999579,0.26173123244370683,0.012886310124095897,1.8,0.4472135954999579,0.26173123244370683,0.012886310124095897,107.48415365219117,1.3484656672410327,5
Merged1_normal,cylinder,fixed_CA,bottom_top,maximum_connected_space,minimum_bb_volume,1.8,0.4472135954999579,0.2560252458061813,0.019968559778127188,1.8,0.4472135954999579,0.2560252458061813,0.019968559778127188,107.84533295631408,1.9657825236602087,5
Merged1_normal,cylinder,fixed_CA,bottom_top,maximum_connected_space,waste_overlap_distance,1.6,0.5477225575051661,0.26684514534685194,0.014262956452609664,1.6,0.5477225575051661,0.26684514534685194,0.014262956452609664,108.59536709785462,2.3107765018816626,5
Merged1_normal,cylinder,fixed_CA,bottom_top,minimum_length_of_edges_of_AABB,maximum_connected_space,1.8,0.4472135954999579,0.2650089836855321,0.011303221458783633,1.8,0.4472135954999579,0.2650089836855321,0.011303221458783633,108.38112325668335,1.2552279953116698,5
Merged1_normal,cylinder,fixed_CA,bottom_top,minimum_length_of_edges_of_AABB,minimum_bb_volume,1.6,0.5477225575051661,0.27091678423980203,0.00949779347277561,1.6,0.5477225575051661,0.27091678423980203,0.00949779347277561,108.1755506515503,1.8368462721331327,5
Merged1_normal,cylinder,fixed_CA,bottom_top,minimum_length_of_edges_of_AABB,waste_overlap_distance,1.8,0.4472135954999579,0.2648360619320823,0.010852657371084318,1.8,0.4472135954999579,0.2648360619320823,0.010852657371084318,110.33162913322448,2.9782992239406694,5
Merged1_normal,cylinder,fixed_CA,bottom_top,minimum_volume_of_AABB,maximum_connected_space,1.8,0.4472135954999579,0.23977462576086656,0.03105670133794775,1.8,0.4472135954999579,0.23977462576086656,0.03105670133794775,108.86543316841126,1.8279353219311394,5
Merged1_normal,cylinder,fixed_CA,bottom_top,minimum_volume_of_AABB,minimum_bb_volume,1.8,0.4472135954999579,0.26076442303913216,0.013004143736453345,1.8,0.4472135954999579,0.26076442303913216,0.013004143736453345,106.81863870620728,2.3147623226190377,5
Merged1_normal,cylinder,fixed_CA,bottom_top,minimum_volume_of_AABB,waste_overlap_distance,1.8,0.4472135954999579,0.26173123244370683,0.012886310124095897,1.8,0.4472135954999579,0.26173123244370683,0.012886310124095897,108.8624340057373,2.5245685791730503,5
Merged2_normal,cube,BLF,bottom_left_filling,None,height_only,3.0,0.0,0.3119904977864162,0.02445704193614044,3.0,0.0,0.3119904977864162,0.02445704193614044,29.685326766967773,1.7173265105433946,5
Merged2_normal,cube,fixed_CA,all,maximum_connected_space,maximum_connected_space,3.0,0.0,0.2875330093942339,0.01504301152263502,3.0,0.0,0.2875330093942339,0.01504301152263502,59.90847382545471,2.707147824576381,5
Merged2_normal,cube,fixed_CA,all,maximum_connected_space,minimum_bb_volume,3.0,0.0,0.28895238095238096,0.017839467552919326,3.0,0.0,0.28895238095238096,0.017839467552919326,60.7975832939148,2.7163199530566597,5
Merged2_normal,cube,fixed_CA,all,maximum_connected_space,waste_overlap_distance,3.0,0.0,0.3018612244897959,0.01371506998114944,3.0,0.0,0.3018612244897959,0.01371506998114944,59.25552220344544,2.5428008683853647,5
Merged2_normal,cube,fixed_CA,all,minimum_length_of_edges_of_AABB,maximum_connected_space,3.0,0.0,0.3042537091026887,0.007035881684334802,3.0,0.0,0.3042537091026887,0.007035881684334802,60.79829893112183,3.355135636311367,5
Merged2_normal,cube,fixed_CA,all,minimum_length_of_edges_of_AABB,minimum_bb_volume,3.0,0.0,0.2981882734045999,0.017236854021675223,3.0,0.0,0.2981882734045999,0.017236854021675223,59.41119899749756,2.0096070770665944,5
Merged2_normal,cube,fixed_CA,all,minimum_length_of_edges_of_AABB,waste_overlap_distance,3.0,0.0,0.3018632977000324,0.012882503489126193,3.0,0.0,0.3018632977000324,0.012882503489126193,59.80267481803894,1.9555621198594544,5
Merged2_normal,cube,fixed_CA,all,minimum_volume_of_AABB,maximum_connected_space,3.0,0.0,0.29224420688910485,0.012831561701699487,3.0,0.0,0.29224420688910485,0.012831561701699487,60.08569669723511,2.716443246063286,5
Merged2_normal,cube,fixed_CA,all,minimum_volume_of_AABB,minimum_bb_volume,3.0,0.0,0.30318842457617967,0.01628395850681529,3.0,0.0,0.30318842457617967,0.01628395850681529,59.516975498199464,2.7803395714072208,5
Merged2_normal,cube,fixed_CA,all,minimum_volume_of_AABB,waste_overlap_distance,3.0,0.0,0.3090877443040708,0.018539233986321683,3.0,0.0,0.3090877443040708,0.018539233986321683,57.772983932495116,2.847637140503721,5
Merged2_normal,cube,fixed_CA,bottom,maximum_connected_space,maximum_connected_space,2.6,0.5477225575051661,0.3431727891156463,0.03252648176779042,2.6,0.5477225575051661,0.3431727891156463,0.03252648176779042,47.14121890068054,2.167211953075686,5
Merged2_normal,cube,fixed_CA,bottom,maximum_connected_space,minimum_bb_volume,2.4,0.5477225575051662,0.33988675089083253,0.020095000784509622,2.4,0.5477225575051662,0.33988675089083253,0.020095000784509622,46.85762677192688,1.9075864409371106,5
Merged2_normal,cube,fixed_CA,bottom,maximum_connected_space,waste_overlap_distance,2.6,0.5477225575051661,0.3357843861354065,0.020369887599861046,2.6,0.5477225575051661,0.3357843861354065,0.020369887599861046,46.51609320640564,2.030516630027945,5
Merged2_normal,cube,fixed_CA,bottom,minimum_length_of_edges_of_AABB,maximum_connected_space,2.6,0.5477225575051661,0.3431727891156463,0.03252648176779042,2.6,0.5477225575051661,0.3431727891156463,0.03252648176779042,46.68526840209961,2.0460976960794257,5
Merged2_normal,cube,fixed_CA,bottom,minimum_length_of_edges_of_AABB,minimum_bb_volume,2.6,0.5477225575051661,0.33425686210992334,0.021189078424538314,2.6,0.5477225575051661,0.33425686210992334,0.021189078424538314,47.64557580947876,2.053212843204492,5
Merged2_normal,cube,fixed_CA,bottom,minimum_length_of_edges_of_AABB,waste_overlap_distance,2.8,0.4472135954999579,0.33015449735449737,0.020058929819492873,2.8,0.4472135954999579,0.33015449735449737,0.020058929819492873,47.04625964164734,2.356133025288555,5
Merged2_normal,cube,fixed_CA,bottom,minimum_volume_of_AABB,maximum_connected_space,2.6,0.5477225575051661,0.3394933592484613,0.036186422210377656,2.6,0.5477225575051661,0.3394933592484613,0.036186422210377656,46.887323713302614,2.006249746271887,5
Merged2_normal,cube,fixed_CA,bottom,minimum_volume_of_AABB,minimum_bb_volume,2.6,0.5477225575051662,0.3281174819134003,0.02723764444998159,2.6,0.5477225575051662,0.3281174819134003,0.02723764444998159,45.75858392715454,3.9069321064166584,5
Merged2_normal,cube,fixed_CA,bottom,minimum_volume_of_AABB,waste_overlap_distance,2.6,0.5477225575051661,0.32958911564625853,0.027459784563205848,2.6,0.5477225575051661,0.32958911564625853,0.027459784563205848,45.66655917167664,2.7483952215941096,5
Merged2_normal,cube,fixed_CA,bottom_top,maximum_connected_space,maximum_connected_space,2.8,0.4472135954999579,0.3289707806932297,0.016765266357527373,2.8,0.4472135954999579,0.3289707806932297,0.016765266357527373,48.07787356376648,0.953196412598308,5
Merged2_normal,cube,fixed_CA,bottom_top,maximum_connected_space,minimum_bb_volume,2.8,0.447213595499958,0.32699086491739554,0.013027385027160922,2.8,0.447213595499958,0.32699086491739554,0.013027385027160922,50.03669514656067,2.0915407741396588,5
Merged2_normal,cube,fixed_CA,bottom_top,maximum_connected_space,waste_overlap_distance,2.6,0.5477225575051661,0.3357843861354065,0.020369887599861046,2.6,0.5477225575051661,0.3357843861354065,0.020369887599861046,49.597568130493165,2.715156075564753,5
Merged2_normal,cube,fixed_CA,bottom_top,minimum_length_of_edges_of_AABB,maximum_connected_space,2.8,0.447213595499958,0.32969139401792463,0.05178740747291161,2.8,0.447213595499958,0.32969139401792463,0.05178740747291161,50.81556034088135,3.2295846170239186,5
Merged2_normal,cube,fixed_CA,bottom_top,minimum_length_of_edges_of_AABB,minimum_bb_volume,3.0,0.0,0.3186631249325127,0.007702072783329371,3.0,0.0,0.3186631249325127,0.007702072783329371,51.09110198020935,2.2196134662207307,5
Merged2_normal,cube,fixed_CA,bottom_top,minimum_length_of_edges_of_AABB,waste_overlap_distance,3.0,0.0,0.32118518518518513,0.008217436060475718,3.0,0.0,0.32118518518518513,0.008217436060475718,49.151062154769896,1.922711857704684,5
Merged2_normal,cube,fixed_CA,bottom_top,minimum_volume_of_AABB,maximum_connected_space,2.8,0.4472135954999579,0.33034220926465824,0.016429442182055623,2.8,0.4472135954999579,0.33034220926465824,0.016429442182055623,48.961506366729736,1.1722472743449988,5
Merged2_normal,cube,fixed_CA,bottom_top,minimum_volume_of_AABB,minimum_bb_volume,2.8,0.4472135954999579,0.3211331821617536,0.026901203324297237,2.8,0.4472135954999579,0.3211331821617536,0.026901203324297237,49.189822626113894,2.0532461139085485,5
Merged2_normal,cube,fixed_CA,bottom_top,minimum_volume_of_AABB,waste_overlap_distance,2.6,0.5477225575051661,0.3304614188532556,0.026668647407416615,2.6,0.5477225575051661,0.3304614188532556,0.026668647407416615,49.19579501152039,2.998635997321699,5
Merged2_normal,cylinder,BLF,bottom_left_filling,None,height_only,2.6,0.5477225575051661,0.2823869730677602,0.023916125634029877,2.6,0.5477225575051661,0.2823869730677602,0.023916125634029877,169.77227606773377,3.5076296259481317,5
Merged2_normal,cylinder,fixed_CA,all,maximum_connected_space,maximum_connected_space,3.0,0.0,0.24891331763042426,0.015225197929743785,3.0,0.0,0.24891331763042426,0.015225197929743785,228.6626880645752,4.031842801507173,5
Merged2_normal,cylinder,fixed_CA,all,maximum_connected_space,minimum_bb_volume,3.0,0.0,0.25176853895182916,0.01408931334788262,3.0,0.0,0.25176853895182916,0.01408931334788262,226.84451537132264,5.241283068658293,5
Merged2_normal,cylinder,fixed_CA,all,maximum_connected_space,waste_overlap_distance,3.0,0.0,0.2555555684750116,0.012738472584356529,3.0,0.0,0.2555555684750116,0.012738472584356529,227.95652074813842,6.471351272293467,5
Merged2_normal,cylinder,fixed_CA,all,minimum_length_of_edges_of_AABB,maximum_connected_space,3.0,0.0,0.26046615816929986,0.011042572854537152,3.0,0.0,0.26046615816929986,0.011042572854537152,224.76730542182924,4.4285858678714325,5
Merged2_normal,cylinder,fixed_CA,all,minimum_length_of_edges_of_AABB,minimum_bb_volume,3.0,0.0,0.2565899366693796,0.012051832875334416,3.0,0.0,0.2565899366693796,0.012051832875334416,229.16712427139282,5.512051109261914,5
Merged2_normal,cylinder,fixed_CA,all,minimum_length_of_edges_of_AABB,waste_overlap_distance,3.0,0.0,0.25261575492425903,0.010397662421103435,3.0,0.0,0.25261575492425903,0.010397662421103435,232.89774045944213,2.4754401097717507,5
Merged2_normal,cylinder,fixed_CA,all,minimum_volume_of_AABB,maximum_connected_space,3.0,0.0,0.24341374465703333,0.014591882546810046,3.0,0.0,0.24341374465703333,0.014591882546810046,231.43223161697387,5.879311233427514,5
Merged2_normal,cylinder,fixed_CA,all,minimum_volume_of_AABB,minimum_bb_volume,3.0,0.0,0.2588240483510035,0.007311629213266169,3.0,0.0,0.2588240483510035,0.007311629213266169,220.3110821723938,7.97860560364095,5
Merged2_normal,cylinder,fixed_CA,all,minimum_volume_of_AABB,waste_overlap_distance,3.0,0.0,0.25707355698482587,0.007542939177976185,3.0,0.0,0.25707355698482587,0.007542939177976185,225.43088545799256,3.2230281965293446,5
Merged2_normal,cylinder,fixed_CA,bottom,maximum_connected_space,maximum_connected_space,2.6,0.5477225575051661,0.2855774728512779,0.024491782485413907,2.6,0.5477225575051661,0.2855774728512779,0.024491782485413907,198.14766302108765,3.067871782710855,5
Merged2_normal,cylinder,fixed_CA,bottom,maximum_connected_space,minimum_bb_volume,2.6,0.5477225575051662,0.296188227627801,0.04500608768993446,2.6,0.5477225575051662,0.296188227627801,0.04500608768993446,192.43949270248413,3.7375774364686922,5
Merged2_normal,cylinder,fixed_CA,bottom,maximum_connected_space,waste_overlap_distance,2.2,0.4472135954999579,0.3034946388728993,0.029049059842904457,2.2,0.4472135954999579,0.3034946388728993,0.029049059842904457,197.01004114151002,1.829931185370625,5
Merged2_normal,cylinder,fixed_CA,bottom,minimum_length_of_edges_of_AABB,maximum_connected_space,2.6,0.5477225575051661,0.2855774728512779,0.024491782485413907,2.6,0.5477225575051661,0.2855774728512779,0.024491782485413907,195.58860759735109,4.13325108675562,5
Merged2_normal,cylinder,fixed_CA,bottom,minimum_length_of_edges_of_AABB,minimum_bb_volume,2.6,0.5477225575051662,0.30016240937292155,0.04051053224447438,2.6,0.5477225575051662,0.30016240937292155,0.04051053224447438,191.3953854560852,1.933115301433935,5
Merged2_normal,cylinder,fixed_CA,bottom,minimum_length_of_edges_of_AABB,waste_overlap_distance,2.6,0.5477225575051662,0.2898657310978846,0.028331051423705733,2.6,0.5477225575051662,0.2898657310978846,0.028331051423705733,195.6391658782959,1.594242475882211,5
Merged2_normal,cylinder,fixed_CA,bottom,minimum_volume_of_AABB,maximum_connected_space,2.8,0.4472135954999579,0.2711588459462106,0.009993651507294917,2.8,0.4472135954999579,0.2711588459462106,0.009993651507294917,194.7395297050476,2.452733917493851,5
Merged2_normal,cylinder,fixed_CA,bottom,minimum_volume_of_AABB,minimum_bb_volume,2.4,0.5477225575051661,0.3026839333953791,0.04226798519522684,2.4,0.5477225575051661,0.3026839333953791,0.04226798519522684,188.64946355819703,4.183929360342891,5
Merged2_normal,cylinder,fixed_CA,bottom,minimum_volume_of_AABB,waste_overlap_distance,2.4,0.5477225575051661,0.28827536843772783,0.016483919570962232,2.4,0.5477225575051661,0.28827536843772783,0.016483919570962232,194.70978331565857,4.028555507030307,5
Merged2_normal,cylinder,fixed_CA,bottom_top,maximum_connected_space,maximum_connected_space,2.6,0.5477225575051661,0.2858055915734099,0.024294867756280675,2.6,0.5477225575051661,0.2858055915734099,0.024294867756280675,204.59978342056274,4.524206901605219,5
Merged2_normal,cylinder,fixed_CA,bottom_top,maximum_connected_space,minimum_bb_volume,2.4,0.5477225575051661,0.3110433993086181,0.04388311762817959,2.4,0.5477225575051661,0.3110433993086181,0.04388311762817959,199.7887861251831,3.954645296642613,5
Merged2_normal,cylinder,fixed_CA,bottom_top,maximum_connected_space,waste_overlap_distance,2.4,0.5477225575051661,0.2875086480446262,0.02238271036770034,2.4,0.5477225575051661,0.2875086480446262,0.02238271036770034,208.0460662841797,6.661350290839782,5
Merged2_normal,cylinder,fixed_CA,bottom_top,minimum_length_of_edges_of_AABB,maximum_connected_space,2.2,0.447213595499958,0.30873490108716856,0.02933608948695593,2.2,0.447213595499958,0.30873490108716856,0.02933608948695593,203.18950753211976,2.9115384771236856,5
Merged2_normal,cylinder,fixed_CA,bottom_top,minimum_length_of_edges_of_AABB,minimum_bb_volume,2.6,0.5477225575051662,0.28612599272755757,0.03582672374458821,2.6,0.5477225575051662,0.28612599272755757,0.03582672374458821,202.0925859451294,3.6121063653584082,5
Merged2_normal,cylinder,fixed_CA,bottom_top,minimum_length_of_edges_of_AABB,waste_overlap_distance,2.6,0.5477225575051662,0.28393450058034586,0.02406635725094869,2.6,0.5477225575051662,0.28393450058034586,0.02406635725094869,203.0137571334839,4.787272118406296,5
Merged2_normal,cylinder,fixed_CA,bottom_top,minimum_volume_of_AABB,maximum_connected_space,2.8,0.4472135954999579,0.27352843456268605,0.006378305073810466,2.8,0.4472135954999579,0.27352843456268605,0.006378305073810466,201.71886200904845,3.769951126059858,5
Merged2_normal,cylinder,fixed_CA,bottom_top,minimum_volume_of_AABB,minimum_bb_volume,2.6,0.5477225575051661,0.27979357799233107,0.018470145822686898,2.6,0.5477225575051661,0.27979357799233107,0.018470145822686898,199.61660356521605,4.386323065408868,5
Merged2_normal,cylinder,fixed_CA,bottom_top,minimum_volume_of_AABB,waste_overlap_distance,2.4,0.5477225575051661,0.28827536843772783,0.016483919570962232,2.4,0.5477225575051661,0.28827536843772783,0.016483919570962232,205.3846122264862,2.1367859997209218,5
Merged3_normal,cube,BLF,bottom_left_filling,None,height_only,3.8,0.447213595499958,0.33007761580822803,0.030937198645317035,3.8,0.447213595499958,0.33007761580822803,0.030937198645317035,50.93742589950561,3.816543395532914,5
Merged3_normal,cube,fixed_CA,all,maximum_connected_space,maximum_connected_space,4.0,0.0,0.2994271892884138,0.018483344992482546,4.0,0.0,0.2994271892884138,0.018483344992482546,99.28090772628784,3.868893148536103,5
Merged3_normal,cube,fixed_CA,all,maximum_connected_space,minimum_bb_volume,4.0,0.0,0.3100795162509448,0.006813434560612142,4.0,0.0,0.3100795162509448,0.006813434560612142,95.72219138145446,3.6294268015485693,5
Merged3_normal,cube,fixed_CA,all,maximum_connected_space,waste_overlap_distance,4.0,0.0,0.3125157110463233,0.0074220202576038615,4.0,0.0,0.3125157110463233,0.0074220202576038615,97.62150402069092,3.083702002218608,5
Merged3_normal,cube,fixed_CA,all,minimum_length_of_edges_of_AABB,maximum_connected_space,4.0,0.0,0.3031694489435986,0.015507687648925263,4.0,0.0,0.3031694489435986,0.015507687648925263,101.01112847328186,1.2275161356655944,5
Merged3_normal,cube,fixed_CA,all,minimum_length_of_edges_of_AABB,minimum_bb_volume,4.0,0.0,0.30912013821401574,0.013304705004890803,4.0,0.0,0.30912013821401574,0.013304705004890803,95.62714014053344,3.4947601135477253,5
Merged3_normal,cube,fixed_CA,all,minimum_length_of_edges_of_AABB,waste_overlap_distance,4.0,0.0,0.30573055465572474,0.019428959924145,4.0,0.0,0.30573055465572474,0.019428959924145,97.83126049041748,3.348344019475286,5
Merged3_normal,cube,fixed_CA,all,minimum_volume_of_AABB,maximum_connected_space,4.0,0.0,0.3029680596047943,0.011559455249533408,4.0,0.0,0.3029680596047943,0.011559455249533408,96.32045192718506,5.109660488767546,5
Merged3_normal,cube,fixed_CA,all,minimum_volume_of_AABB,minimum_bb_volume,4.0,0.0,0.3055310657596372,0.008372623091957042,4.0,0.0,0.3055310657596372,0.008372623091957042,97.02282972335816,3.8604068645878673,5
Merged3_normal,cube,fixed_CA,all,minimum_volume_of_AABB,waste_overlap_distance,4.0,0.0,0.3011848684447324,0.016446106031053547,4.0,0.0,0.3011848684447324,0.016446106031053547,97.28570718765259,3.8791348378849944,5
Merged3_normal,cube,fixed_CA,bottom,maximum_connected_space,maximum_connected_space,3.4,0.5477225575051662,0.35644824532987796,0.031897708622025824,3.4,0.5477225575051662,0.35644824532987796,0.031897708622025824,77.8396369934082,3.0627977796676786,5
Merged3_normal,cube,fixed_CA,bottom,maximum_connected_space,minimum_bb_volume,3.0,0.0,0.3666532771838894,0.015348427347465455,3.0,0.0,0.3666532771838894,0.015348427347465455,79.31166925430298,3.5532010368707647,5
Merged3_normal,cube,fixed_CA,bottom,maximum_connected_space,waste_overlap_distance,3.4,0.5477225575051661,0.35013350610085303,0.02583392696641032,3.4,0.5477225575051661,0.35013350610085303,0.02583392696641032,77.86452255249023,1.3557856687571133,5
Merged3_normal,cube,fixed_CA,bottom,minimum_length_of_edges_of_AABB,maximum_connected_space,3.4,0.5477225575051662,0.35644824532987796,0.031897708622025824,3.4,0.5477225575051662,0.35644824532987796,0.031897708622025824,77.73072419166564,3.0000257874950154,5
Merged3_normal,cube,fixed_CA,bottom,minimum_length_of_edges_of_AABB,minimum_bb_volume,3.2,0.447213595499958,0.3540800345535039,0.02881257788812655,3.2,0.447213595499958,0.3540800345535039,0.02881257788812655,78.79279251098633,3.2443455996163792,5
Merged3_normal,cube,fixed_CA,bottom,minimum_length_of_edges_of_AABB,waste_overlap_distance,3.6,0.5477225575051662,0.3375602634704675,0.027252788480468356,3.6,0.5477225575051662,0.3375602634704675,0.027252788480468356,77.48811702728271,1.683047400742701,5
Merged3_normal,cube,fixed_CA,bottom,minimum_volume_of_AABB,maximum_connected_space,3.6,0.5477225575051661,0.3500942878738797,0.03402319006523264,3.6,0.5477225575051661,0.3500942878738797,0.03402319006523264,78.53680391311646,3.093856540457008,5
Merged3_normal,cube,fixed_CA,bottom,minimum_volume_of_AABB,minimum_bb_volume,3.4,0.5477225575051662,0.3537864161537631,0.0365035112079987,3.4,0.5477225575051662,0.3537864161537631,0.0365035112079987,78.76363687515259,1.8755532973760458,5
Merged3_normal,cube,fixed_CA,bottom,minimum_volume_of_AABB,waste_overlap_distance,3.6,0.5477225575051662,0.3403969333765252,0.021112122892717845,3.6,0.5477225575051662,0.3403969333765252,0.021112122892717845,77.10875430107117,2.5863295662639683,5
Merged3_normal,cube,fixed_CA,bottom_top,maximum_connected_space,maximum_connected_space,3.4,0.5477225575051662,0.35071245005938884,0.0316194970740155,3.4,0.5477225575051662,0.35071245005938884,0.0316194970740155,79.87430448532105,3.287143940566119,5
Merged3_normal,cube,fixed_CA,bottom_top,maximum_connected_space,minimum_bb_volume,3.4,0.5477225575051661,0.3471087787495951,0.030935210849600086,3.4,0.5477225575051661,0.3471087787495951,0.030935210849600086,82.35454349517822,2.3894320302145133,5
Merged3_normal,cube,fixed_CA,bottom_top,maximum_connected_space,waste_overlap_distance,3.6,0.5477225575051662,0.3350997948385704,0.023111433878317857,3.6,0.5477225575051662,0.3350997948385704,0.023111433878317857,81.32943544387817,2.5531165410319616,5
Merged3_normal,cube,fixed_CA,bottom_top,minimum_length_of_edges_of_AABB,maximum_connected_space,3.4,0.5477225575051661,0.34612935968038006,0.025509397678774127,3.4,0.5477225575051661,0.34612935968038006,0.025509397678774127,78.82883081436157,3.3045948157288425,5
Merged3_normal,cube,fixed_CA,bottom_top,minimum_length_of_edges_of_AABB,minimum_bb_volume,3.8,0.44721359549995787,0.32891938235611706,0.02003446099200057,3.8,0.44721359549995787,0.32891938235611706,0.02003446099200057,82.11318359375,2.9968019526807383,5
Merged3_normal,cube,fixed_CA,bottom_top,minimum_length_of_edges_of_AABB,waste_overlap_distance,3.6,0.5477225575051662,0.33273037468955835,0.02202316263345174,3.6,0.5477225575051662,0.33273037468955835,0.02202316263345174,81.05782642364503,2.4690333199771892,5
Merged3_normal,cube,fixed_CA,bottom_top,minimum_volume_of_AABB,maximum_connected_space,3.4,0.5477225575051661,0.3505345858978512,0.027124103025194798,3.4,0.5477225575051661,0.3505345858978512,0.027124103025194798,79.12232947349548,4.229381252003463,5
Merged3_normal,cube,fixed_CA,bottom_top,minimum_volume_of_AABB,minimum_bb_volume,3.4,0.5477225575051662,0.3537864161537631,0.0365035112079987,3.4,0.5477225575051662,0.3537864161537631,0.0365035112079987,81.14310750961303,2.734584089515449,5
Merged3_normal,cube,fixed_CA,bottom_top,minimum_volume_of_AABB,waste_overlap_distance,3.6,0.5477225575051662,0.33800980455674334,0.01838434516975865,3.6,0.5477225575051662,0.33800980455674334,0.01838434516975865,79.91001024246216,2.47301722246207,5
Merged3_normal,cylinder,BLF,bottom_left_filling,None,height_only,3.6,0.5477225575051661,0.2810099236928233,0.026348846394057546,3.6,0.5477225575051661,0.2810099236928233,0.026348846394057546,282.3372646808624,13.693287183910675,5
Merged3_normal,cylinder,fixed_CA,all,maximum_connected_space,maximum_connected_space,4.0,0.0,0.2545050772077602,0.012610301333129768,4.0,0.0,0.2545050772077602,0.012610301333129768,363.5140471458435,9.086714450306111,5
Merged3_normal,cylinder,fixed_CA,all,maximum_connected_space,minimum_bb_volume,4.0,0.0,0.26245947786645096,0.008283621162398369,4.0,0.0,0.26245947786645096,0.008283621162398369,361.1210072040558,9.734137624547143,5
Merged3_normal,cylinder,fixed_CA,all,maximum_connected_space,waste_overlap_distance,4.0,0.0,0.2612120359570397,0.008537974994296796,4.0,0.0,0.2612120359570397,0.008537974994296796,367.75396432876585,10.013108231545699,5
Merged3_normal,cylinder,fixed_CA,all,minimum_length_of_edges_of_AABB,maximum_connected_space,3.8,0.44721359549995787,0.2708719846167831,0.015146860312694565,3.8,0.44721359549995787,0.2708719846167831,0.015146860312694565,359.76795611381533,14.61076235323989,5
Merged3_normal,cylinder,fixed_CA,all,minimum_length_of_edges_of_AABB,minimum_bb_volume,4.0,0.0,0.2602604153016596,0.010611258613786777,4.0,0.0,0.2602604153016596,0.010611258613786777,364.14250354766847,18.754007539491642,5
Merged3_normal,cylinder,fixed_CA,all,minimum_length_of_edges_of_AABB,waste_overlap_distance,4.0,0.0,0.2576362594155586,0.007515479824611918,4.0,0.0,0.2576362594155586,0.007515479824611918,378.7835666179657,11.295445326330213,5
Merged3_normal,cylinder,fixed_CA,all,minimum_volume_of_AABB,maximum_connected_space,3.8,0.4472135954999579,0.2676424109374665,0.009992960393235285,3.8,0.4472135954999579,0.2676424109374665,0.009992960393235285,364.402571105957,11.700076823353552,5
Merged3_normal,cylinder,fixed_CA,all,minimum_volume_of_AABB,minimum_bb_volume,4.0,0.0,0.26399545809652586,0.008774588280942333,4.0,0.0,0.26399545809652586,0.008774588280942333,352.2969759464264,9.6142625701677,5
Merged3_normal,cylinder,fixed_CA,all,minimum_volume_of_AABB,waste_overlap_distance,4.0,0.0,0.26053309407663405,0.007382596917612163,4.0,0.0,0.26053309407663405,0.007382596917612163,362.24688544273374,2.851245996496949,5
Merged3_normal,cylinder,fixed_CA,bottom,maximum_connected_space,maximum_connected_space,3.4,0.5477225575051661,0.2949893465931808,0.021804144678394477,3.4,0.5477225575051661,0.2949893465931808,0.021804144678394477,309.6885740280151,14.200060841438434,5
Merged3_normal,cylinder,fixed_CA,bottom,maximum_connected_space,minimum_bb_volume,3.4,0.5477225575051661,0.29463588475466623,0.028345498420788644,3.4,0.5477225575051661,0.29463588475466623,0.028345498420788644,312.6038320541382,6.18475060257746,5
Merged3_normal,cylinder,fixed_CA,bottom,maximum_connected_space,waste_overlap_distance,3.4,0.5477225575051661,0.2907396112309669,0.020920478979777786,3.4,0.5477225575051661,0.2907396112309669,0.020920478979777786,319.1788355350494,7.632064048481153,5
Merged3_normal,cylinder,fixed_CA,bottom,minimum_length_of_edges_of_AABB,maximum_connected_space,3.4,0.5477225575051662,0.29925709763267294,0.024157892313192778,3.4,0.5477225575051662,0.29925709763267294,0.024157892313192778,310.15331077575684,14.681792682571405,5
Merged3_normal,cylinder,fixed_CA,bottom,minimum_length_of_edges_of_AABB,minimum_bb_volume,3.6,0.5477225575051662,0.28172302828040807,0.017989889739450947,3.6,0.5477225575051662,0.28172302828040807,0.017989889739450947,312.0474849700928,8.050876200899674,5
Merged3_normal,cylinder,fixed_CA,bottom,minimum_length_of_edges_of_AABB,waste_overlap_distance,3.2,0.447213595499958,0.3025191091138974,0.018266880959208313,3.2,0.447213595499958,0.3025191091138974,0.018266880959208313,317.17890152931216,4.26781478908068,5
Merged3_normal,cylinder,fixed_CA,bottom,minimum_volume_of_AABB,maximum_connected_space,3.2,0.4472135954999579,0.3024676733969874,0.01885857340544663,3.2,0.4472135954999579,0.3024676733969874,0.01885857340544663,314.2726885318756,10.596332629170117,5
Merged3_normal,cylinder,fixed_CA,bottom,minimum_volume_of_AABB,minimum_bb_volume,3.2,0.447213595499958,0.30274847360094764,0.01837623937640399,3.2,0.447213595499958,0.30274847360094764,0.01837623937640399,312.218123626709,3.7169336047002366,5
Merged3_normal,cylinder,fixed_CA,bottom,minimum_volume_of_AABB,waste_overlap_distance,3.0,0.0,0.3119405656628632,0.012501054784125077,3.0,0.0,0.3119405656628632,0.012501054784125077,311.6100043296814,9.127698246346114,5
Merged3_normal,cylinder,fixed_CA,bottom_top,maximum_connected_space,maximum_connected_space,3.6,0.5477225575051662,0.28439107342285713,0.020432786705043313,3.6,0.5477225575051662,0.28439107342285713,0.020432786705043313,324.3267433643341,11.703027470472716,5
Merged3_normal,cylinder,fixed_CA,bottom_top,maximum_connected_space,minimum_bb_volume,3.4,0.5477225575051661,0.28970049954710275,0.01820711772770111,3.4,0.5477225575051661,0.28970049954710275,0.01820711772770111,323.67387838363646,6.87368989263861,5
Merged3_normal,cylinder,fixed_CA,bottom_top,maximum_connected_space,waste_overlap_distance,3.6,0.5477225575051662,0.28698039580528456,0.020182881124974402,3.6,0.5477225575051662,0.28698039580528456,0.020182881124974402,331.83853363990784,9.340534743275063,5
Merged3_normal,cylinder,fixed_CA,bottom_top,minimum_length_of_edges_of_AABB,maximum_connected_space,3.6,0.5477225575051662,0.291107087924811,0.026329866665949452,3.6,0.5477225575051662,0.291107087924811,0.026329866665949452,324.9052946090698,15.92826590486335,5
Merged3_normal,cylinder,fixed_CA,bottom_top,minimum_length_of_edges_of_AABB,minimum_bb_volume,3.6,0.5477225575051662,0.28042565994619906,0.015608812324774674,3.6,0.5477225575051662,0.28042565994619906,0.015608812324774674,324.4716916561127,5.848832935030073,5
Merged3_normal,cylinder,fixed_CA,bottom_top,minimum_length_of_edges_of_AABB,waste_overlap_distance,3.2,0.447213595499958,0.2975408408447275,0.01535896572109787,3.2,0.447213595499958,0.2975408408447275,0.01535896572109787,327.845419216156,3.0855797847659034,5
Merged3_normal,cylinder,fixed_CA,bottom_top,minimum_volume_of_AABB,maximum_connected_space,3.0,0.0,0.3111383409695937,0.011530338284536796,3.0,0.0,0.3111383409695937,0.011530338284536796,323.8328203678131,6.681276448322963,5
Merged3_normal,cylinder,fixed_CA,bottom_top,minimum_volume_of_AABB,minimum_bb_volume,3.2,0.447213595499958,0.30274847360094764,0.01837623937640399,3.2,0.447213595499958,0.30274847360094764,0.01837623937640399,324.4965883255005,5.3966344048827315,5
Merged3_normal,cylinder,fixed_CA,bottom_top,minimum_volume_of_AABB,waste_overlap_distance,3.0,0.0,0.3127101608980837,0.010409079572448094,3.0,0.0,0.3127101608980837,0.010409079572448094,323.5487156867981,7.272194773824683,5
Merged4_normal,cube,BLF,bottom_left_filling,None,height_only,5.0,0.0,0.32482466256343806,0.006231657239260462,5.0,0.0,0.32482466256343806,0.006231657239260462,76.86920347213746,3.8037189212274685,5
Merged4_normal,cube,fixed_CA,all,maximum_connected_space,maximum_connected_space,5.0,0.0,0.3117004211208293,0.0030796890710895223,5.0,0.0,0.3117004211208293,0.0030796890710895223,136.42996106147766,4.016539420164648,5
Merged4_normal,cube,fixed_CA,all,maximum_connected_space,minimum_bb_volume,5.0,0.0,0.30327061872367994,0.010239722561057927,5.0,0.0,0.30327061872367994,0.010239722561057927,138.2200581550598,3.3344800650876696,5
Merged4_normal,cube,fixed_CA,all,maximum_connected_space,waste_overlap_distance,5.2,0.44721359549995787,0.29832927761580824,0.019201375939742513,5.2,0.44721359549995787,0.29832927761580824,0.019201375939742513,141.84244260787963,2.547312298504736,5
Merged4_normal,cube,fixed_CA,all,minimum_length_of_edges_of_AABB,maximum_connected_space,5.0,0.0,0.31304735989633947,0.00849487588470356,5.0,0.0,0.31304735989633947,0.00849487588470356,143.65621366500855,3.818220060346692,5
Merged4_normal,cube,fixed_CA,all,minimum_length_of_edges_of_AABB,minimum_bb_volume,5.0,0.0,0.31639330525861137,0.01016100909357667,5.0,0.0,0.31639330525861137,0.01016100909357667,136.86354231834412,6.69652907730987,5
Merged4_normal,cube,fixed_CA,all,minimum_length_of_edges_of_AABB,waste_overlap_distance,5.0,0.0,0.3150569484936832,0.00907585682246372,5.0,0.0,0.3150569484936832,0.00907585682246372,136.11276021003724,6.328564708467834,5
Merged4_normal,cube,fixed_CA,all,minimum_volume_of_AABB,maximum_connected_space,5.0,0.0,0.3127351689882302,0.012146423383818045,5.0,0.0,0.3127351689882302,0.012146423383818045,139.36336946487427,5.9898146285851785,5
Merged4_normal,cube,fixed_CA,all,minimum_volume_of_AABB,minimum_bb_volume,5.0,0.0,0.3058959939531368,0.01638504840572618,5.0,0.0,0.3058959939531368,0.01638504840572618,138.24840159416198,3.625540624904378,5
Merged4_normal,cube,fixed_CA,all,minimum_volume_of_AABB,waste_overlap_distance,5.0,0.0,0.307237058632977,0.010939752253536212,5.0,0.0,0.307237058632977,0.010939752253536212,141.90268249511718,4.151875653096984,5
Merged4_normal,cube,fixed_CA,bottom,maximum_connected_space,maximum_connected_space,4.8,0.44721359549995787,0.3371691178058525,0.015725406218391663,4.8,0.44721359549995787,0.3371691178058525,0.015725406218391663,111.22123675346374,5.397373548468842,5
Merged4_normal,cube,fixed_CA,bottom,maximum_connected_space,minimum_bb_volume,4.4,0.5477225575051663,0.3488581650649678,0.02592202171355136,4.4,0.5477225575051663,0.3488581650649678,0.02592202171355136,110.73932271003723,5.1598721688276115,5
Merged4_normal,cube,fixed_CA,bottom,maximum_connected_space,waste_overlap_distance,4.6,0.5477225575051663,0.34545116078177307,0.025020453112769174,4.6,0.5477225575051663,0.34545116078177307,0.025020453112769174,107.88367056846619,5.121746937582261,5
Merged4_normal,cube,fixed_CA,bottom,minimum_length_of_edges_of_AABB,maximum_connected_space,4.8,0.44721359549995787,0.3371691178058525,0.015725406218391663,4.8,0.44721359549995787,0.3371691178058525,0.015725406218391663,110.76470651626587,5.971884196494227,5
Merged4_normal,cube,fixed_CA,bottom,minimum_length_of_edges_of_AABB,minimum_bb_volume,4.4,0.5477225575051662,0.35290449555483566,0.02384206966207147,4.4,0.5477225575051662,0.35290449555483566,0.02384206966207147,109.9467432975769,4.904749480073981,5
Merged4_normal,cube,fixed_CA,bottom,minimum_length_of_edges_of_AABB,waste_overlap_distance,4.6,0.5477225575051662,0.34505051290357414,0.024293725772099924,4.6,0.5477225575051662,0.34505051290357414,0.024293725772099924,109.29575462341309,4.95813804306577,5
Merged4_normal,cube,fixed_CA,bottom,minimum_volume_of_AABB,maximum_connected_space,4.6,0.5477225575051661,0.3352200986214592,0.011771236818530784,4.6,0.5477225575051661,0.3352200986214592,0.011771236818530784,109.11297931671143,3.805107719919772,5
Merged4_normal,cube,fixed_CA,bottom,minimum_volume_of_AABB,minimum_bb_volume,4.2,0.44721359549995787,0.3569830759817154,0.01805395624141045,4.2,0.44721359549995787,0.3569830759817154,0.01805395624141045,107.65259447097779,4.947228772393867,5
Merged4_normal,cube,fixed_CA,bottom,minimum_volume_of_AABB,waste_overlap_distance,4.8,0.4472135954999579,0.33857887197206926,0.02080821344533394,4.8,0.4472135954999579,0.33857887197206926,0.02080821344533394,110.79612770080567,4.860653297279914,5
Merged4_normal,cube,fixed_CA,bottom_top,maximum_connected_space,maximum_connected_space,4.8,0.44721359549995787,0.3371691178058525,0.015725406218391663,4.8,0.44721359549995787,0.3371691178058525,0.015725406218391663,115.58874921798706,5.747278697184518,5
Merged4_normal,cube,fixed_CA,bottom_top,maximum_connected_space,minimum_bb_volume,4.6,0.5477225575051661,0.34037096065939604,0.01355543966731213,4.6,0.5477225575051661,0.34037096065939604,0.01355543966731213,115.27472281455994,2.595759040509994,5
Merged4_normal,cube,fixed_CA,bottom_top,maximum_connected_space,waste_overlap_distance,4.6,0.5477225575051663,0.34553282222942083,0.025082497169233275,4.6,0.5477225575051663,0.34553282222942083,0.025082497169233275,114.27192606925965,3.8938737690587,5
Merged4_normal,cube,fixed_CA,bottom_top,minimum_length_of_edges_of_AABB,maximum_connected_space,4.4,0.5477225575051662,0.3474772918691286,0.02307770469255294,4.4,0.5477225575051662,0.3474772918691286,0.02307770469255294,114.37990455627441,4.217512348248519,5
Merged4_normal,cube,fixed_CA,bottom_top,minimum_length_of_edges_of_AABB,minimum_bb_volume,4.4,0.547722557505166,0.3555357448799626,0.02679293948077369,4.4,0.547722557505166,0.3555357448799626,0.02679293948077369,115.28592453002929,1.102701450039848,5
Merged4_normal,cube,fixed_CA,bottom_top,minimum_length_of_edges_of_AABB,waste_overlap_distance,4.6,0.5477225575051662,0.34684853327574416,0.022299456308646482,4.6,0.5477225575051662,0.34684853327574416,0.022299456308646482,116.91122827529907,4.194858826163548,5
Merged4_normal,cube,fixed_CA,bottom_top,minimum_volume_of_AABB,maximum_connected_space,4.6,0.5477225575051661,0.33527889716733256,0.011860582174768607,4.6,0.5477225575051661,0.33527889716733256,0.011860582174768607,114.38906044960022,2.5170816568346472,5
Merged4_normal,cube,fixed_CA,bottom_top,minimum_volume_of_AABB,minimum_bb_volume,4.2,0.44721359549995787,0.35636641111471046,0.019496257507502248,4.2,0.44721359549995787,0.35636641111471046,0.019496257507502248,112.85870146751404,1.7456100666806225,5
Merged4_normal,cube,fixed_CA,bottom_top,minimum_volume_of_AABB,waste_overlap_distance,4.6,0.5477225575051662,0.3427741856530972,0.020366775081872443,4.6,0.5477225575051662,0.3427741856530972,0.020366775081872443,114.79935264587402,3.6653945981334215,5
Merged4_normal,cylinder,BLF,bottom_left_filling,None,height_only,4.6,0.5477225575051661,0.28290152189300194,0.017255394229799347,4.6,0.5477225575051661,0.28290152189300194,0.017255394229799347,409.6880334854126,9.780715061503745,5
Merged4_normal,cylinder,fixed_CA,all,maximum_connected_space,maximum_connected_space,5.0,0.0,0.26635139121293666,0.011045322484074943,5.0,0.0,0.26635139121293666,0.011045322484074943,524.6824190139771,14.514876886120703,5
Merged4_normal,cylinder,fixed_CA,all,maximum_connected_space,minimum_bb_volume,5.0,0.0,0.2664816934319743,0.007015245684453074,5.0,0.0,0.2664816934319743,0.007015245684453074,515.0160371303558,10.284792665138646,5
Merged4_normal,cylinder,fixed_CA,all,maximum_connected_space,waste_overlap_distance,5.0,0.0,0.2660529107299454,0.005717925233035823,5.0,0.0,0.2660529107299454,0.005717925233035823,527.9512220382691,18.063237369480735,5
Merged4_normal,cylinder,fixed_CA,all,minimum_length_of_edges_of_AABB,maximum_connected_space,5.0,0.0,0.26532456947913063,0.005560522795367064,5.0,0.0,0.26532456947913063,0.005560522795367064,525.9801996707916,5.992415296635304,5
Merged4_normal,cylinder,fixed_CA,all,minimum_length_of_edges_of_AABB,minimum_bb_volume,5.0,0.0,0.2677302732997243,0.0032795655417021973,5.0,0.0,0.2677302732997243,0.0032795655417021973,526.3217440605164,14.573813280302488,5
Merged4_normal,cylinder,fixed_CA,all,minimum_length_of_edges_of_AABB,waste_overlap_distance,5.0,0.0,0.2708933542765333,0.005145781397964963,5.0,0.0,0.2708933542765333,0.005145781397964963,527.2351493835449,14.423499089690802,5
Merged4_normal,cylinder,fixed_CA,all,minimum_volume_of_AABB,maximum_connected_space,5.0,0.0,0.26878879016789087,0.006245610189343131,5.0,0.0,0.26878879016789087,0.006245610189343131,510.9546715259552,9.157265806267404,5
Merged4_normal,cylinder,fixed_CA,all,minimum_volume_of_AABB,minimum_bb_volume,4.8,0.44721359549995787,0.27272353866194765,0.02126530549210416,4.8,0.44721359549995787,0.27272353866194765,0.02126530549210416,519.54571018219,22.28586979561983,5
Merged4_normal,cylinder,fixed_CA,all,minimum_volume_of_AABB,waste_overlap_distance,4.8,0.44721359549995787,0.2686792826401797,0.02178101738437839,4.8,0.44721359549995787,0.2686792826401797,0.02178101738437839,527.7539730548858,23.531131611770245,5
Merged4_normal,cylinder,fixed_CA,bottom,maximum_connected_space,maximum_connected_space,4.4,0.5477225575051663,0.296825340555377,0.02184218186105896,4.4,0.5477225575051663,0.296825340555377,0.02184218186105896,457.1340555667877,11.72782315588522,5
Merged4_normal,cylinder,fixed_CA,bottom,maximum_connected_space,minimum_bb_volume,4.4,0.5477225575051663,0.29696720203543425,0.03152428217879582,4.4,0.5477225575051663,0.29696720203543425,0.03152428217879582,452.14876255989077,17.17853649464103,5
Merged4_normal,cylinder,fixed_CA,bottom,maximum_connected_space,waste_overlap_distance,4.2,0.44721359549995787,0.2966084337175086,0.01664066692958866,4.2,0.44721359549995787,0.2966084337175086,0.01664066692958866,467.27198820114137,10.148205828250337,5
Merged4_normal,cylinder,fixed_CA,bottom,minimum_length_of_edges_of_AABB,maximum_connected_space,4.4,0.5477225575051663,0.2962878409072197,0.02107062736385195,4.4,0.5477225575051663,0.2962878409072197,0.02107062736385195,456.2185573577881,13.373806258803112,5
Merged4_normal,cylinder,fixed_CA,bottom,minimum_length_of_edges_of_AABB,minimum_bb_volume,4.4,0.5477225575051663,0.2976024103801066,0.030287785520086298,4.4,0.5477225575051663,0.2976024103801066,0.030287785520086298,446.4567908287048,10.069044916631643,5
Merged4_normal,cylinder,fixed_CA,bottom,minimum_length_of_edges_of_AABB,waste_overlap_distance,4.4,0.5477225575051662,0.2898634312241895,0.01704628995958345,4.4,0.5477225575051662,0.2898634312241895,0.01704628995958345,466.14068579673767,13.075181112243774,5
Merged4_normal,cylinder,fixed_CA,bottom,minimum_volume_of_AABB,maximum_connected_space,4.2,0.44721359549995787,0.3104333098969594,0.027347705095081665,4.2,0.44721359549995787,0.3104333098969594,0.027347705095081665,447.32250633239744,23.87484600833939,5
Merged4_normal,cylinder,fixed_CA,bottom,minimum_volume_of_AABB,minimum_bb_volume,4.2,0.44721359549995787,0.3058623109279622,0.027923093439096047,4.2,0.44721359549995787,0.3058623109279622,0.027923093439096047,441.9907705307007,9.49025812636902,5
Merged4_normal,cylinder,fixed_CA,bottom,minimum_volume_of_AABB,waste_overlap_distance,4.2,0.44721359549995787,0.305211159188039,0.029456401248446742,4.2,0.44721359549995787,0.305211159188039,0.029456401248446742,461.71328444480895,16.726968190666064,5
Merged4_normal,cylinder,fixed_CA,bottom_top,maximum_connected_space,maximum_connected_space,4.2,0.44721359549995787,0.3008021575724399,0.018903957267983048,4.2,0.44721359549995787,0.3008021575724399,0.018903957267983048,464.1277028560638,10.33346845470336,5
Merged4_normal,cylinder,fixed_CA,bottom_top,maximum_connected_space,minimum_bb_volume,4.4,0.5477225575051663,0.30256462744744617,0.030569540264041798,4.4,0.5477225575051663,0.30256462744744617,0.030569540264041798,464.23861889839174,14.341428358510601,5
Merged4_normal,cylinder,fixed_CA,bottom_top,maximum_connected_space,waste_overlap_distance,4.2,0.44721359549995787,0.29996299115794284,0.016577468668871224,4.2,0.44721359549995787,0.29996299115794284,0.016577468668871224,481.4991259098053,9.677134292397549,5
Merged4_normal,cylinder,fixed_CA,bottom_top,minimum_length_of_edges_of_AABB,maximum_connected_space,4.6,0.5477225575051663,0.2903074505894484,0.022144331268227367,4.6,0.5477225575051663,0.2903074505894484,0.022144331268227367,471.8983288764954,7.205176489363983,5
Merged4_normal,cylinder,fixed_CA,bottom_top,minimum_length_of_edges_of_AABB,minimum_bb_volume,4.2,0.44721359549995787,0.3041894402989939,0.02708627916057057,4.2,0.44721359549995787,0.3041894402989939,0.02708627916057057,467.95924644470216,20.96706892805161,5
Merged4_normal,cylinder,fixed_CA,bottom_top,minimum_length_of_edges_of_AABB,waste_overlap_distance,4.6,0.5477225575051661,0.28970689607081723,0.02132342133775663,4.6,0.5477225575051661,0.28970689607081723,0.02132342133775663,482.6849427700043,13.737007980758971,5
Merged4_normal,cylinder,fixed_CA,bottom_top,minimum_volume_of_AABB,maximum_connected_space,4.2,0.4472135954999579,0.30583126263307847,0.029591471494732496,4.2,0.4472135954999579,0.30583126263307847,0.029591471494732496,467.8150356769562,25.719349808744962,5
Merged4_normal,cylinder,fixed_CA,bottom_top,minimum_volume_of_AABB,minimum_bb_volume,4.4,0.5477225575051662,0.29853706946698527,0.02798892943053963,4.4,0.5477225575051662,0.29853706946698527,0.02798892943053963,468.74394726753235,12.285347561758272,5
Merged4_normal,cylinder,fixed_CA,bottom_top,minimum_volume_of_AABB,waste_overlap_distance,4.2,0.44721359549995787,0.30401790805256834,0.02689747422025059,4.2,0.44721359549995787,0.30401790805256834,0.02689747422025059,476.3867542743683,9.67932288698825,5
Merged5_normal,cube,BLF,bottom_left_filling,None,height_only,6.0,0.0,0.3187969852067811,0.011332574206212422,6.0,0.0,0.3187969852067811,0.011332574206212422,110.48263869285583,5.125177309042323,5
Merged5_normal,cube,fixed_CA,all,maximum_connected_space,maximum_connected_space,6.0,0.0,0.30923285174387216,0.014829913118600092,6.0,0.0,0.30923285174387216,0.014829913118600092,181.45164208412172,8.126035137812769,5
Merged5_normal,cube,fixed_CA,all,maximum_connected_space,minimum_bb_volume,6.0,0.0,0.3099609977324263,0.007353624570665373,6.0,0.0,0.3099609977324263,0.007353624570665373,183.6767216205597,7.637498813110444,5
Merged5_normal,cube,fixed_CA,all,maximum_connected_space,waste_overlap_distance,6.0,0.0,0.30871530936184,0.009063593699811322,6.0,0.0,0.30871530936184,0.009063593699811322,183.72166543006898,8.25518676932867,5
Merged5_normal,cube,fixed_CA,all,minimum_length_of_edges_of_AABB,maximum_connected_space,6.0,0.0,0.3125051722276212,0.010446835397760165,6.0,0.0,0.3125051722276212,0.010446835397760165,180.54727969169616,7.673320837849162,5
Merged5_normal,cube,fixed_CA,all,minimum_length_of_edges_of_AABB,minimum_bb_volume,6.0,0.0,0.3153885930245114,0.012313566592496506,6.0,0.0,0.3153885930245114,0.012313566592496506,177.92951121330262,7.196602400298818,5
Merged5_normal,cube,fixed_CA,all,minimum_length_of_edges_of_AABB,waste_overlap_distance,6.0,0.0,0.31703313249109166,0.015711384385009648,6.0,0.0,0.31703313249109166,0.015711384385009648,181.10430188179015,13.340869086055138,5
Merged5_normal,cube,fixed_CA,all,minimum_volume_of_AABB,maximum_connected_space,6.0,0.0,0.3125007148256128,0.008273023345322051,6.0,0.0,0.3125007148256128,0.008273023345322051,186.4112181186676,4.614334092353354,5
Merged5_normal,cube,fixed_CA,all,minimum_volume_of_AABB,minimum_bb_volume,6.2,0.4472135954999579,0.3002346816398517,0.013733195877443503,6.2,0.4472135954999579,0.3002346816398517,0.013733195877443503,183.59221334457396,5.571450538207808,5
Merged5_normal,cube,fixed_CA,all,minimum_volume_of_AABB,waste_overlap_distance,6.2,0.4472135954999579,0.2940725479609833,0.010458966928925697,6.2,0.4472135954999579,0.2940725479609833,0.010458966928925697,189.63394746780395,8.882960634798119,5
Merged5_normal,cube,fixed_CA,bottom,maximum_connected_space,maximum_connected_space,5.2,0.44721359549995787,0.3602292884137782,0.01735088997143887,5.2,0.44721359549995787,0.3602292884137782,0.01735088997143887,149.65104598999022,2.4684636280500714,5
Merged5_normal,cube,fixed_CA,bottom,maximum_connected_space,minimum_bb_volume,5.2,0.4472135954999579,0.3576038181621855,0.014966070573537459,5.2,0.4472135954999579,0.3576038181621855,0.014966070573537459,145.461750459671,6.3246679112286275,5
Merged5_normal,cube,fixed_CA,bottom,maximum_connected_space,waste_overlap_distance,5.4,0.5477225575051663,0.3487818075801749,0.013517747464113378,5.4,0.5477225575051663,0.3487818075801749,0.013517747464113378,147.51884183883666,6.7878539223074466,5
Merged5_normal,cube,fixed_CA,bottom,minimum_length_of_edges_of_AABB,maximum_connected_space,5.2,0.44721359549995787,0.362438812223302,0.018000430299747596,5.2,0.44721359549995787,0.362438812223302,0.018000430299747596,148.77002291679383,2.5115575534272168,5
Merged5_normal,cube,fixed_CA,bottom,minimum_length_of_edges_of_AABB,minimum_bb_volume,5.4,0.5477225575051661,0.35024990821725516,0.01861755274970904,5.4,0.5477225575051661,0.35024990821725516,0.01861755274970904,145.64797096252443,6.563695102104484,5
Merged5_normal,cube,fixed_CA,bottom,minimum_length_of_edges_of_AABB,waste_overlap_distance,5.2,0.44721359549995804,0.36080386135406545,0.01676842769192679,5.2,0.44721359549995804,0.36080386135406545,0.01676842769192679,147.48852047920226,6.962528567642291,5
Merged5_normal,cube,fixed_CA,bottom,minimum_volume_of_AABB,maximum_connected_space,5.0,0.0,0.3626698196739013,0.01055879857635022,5.0,0.0,0.3626698196739013,0.01055879857635022,149.28902468681335,4.074090516132045,5
Merged5_normal,cube,fixed_CA,bottom,minimum_volume_of_AABB,minimum_bb_volume,5.0,0.0,0.3627594860166289,0.007702827778472453,5.0,0.0,0.3627594860166289,0.007702827778472453,146.2177273273468,5.135619780637675,5
Merged5_normal,cube,fixed_CA,bottom,minimum_volume_of_AABB,waste_overlap_distance,5.2,0.44721359549995787,0.35219352553719896,0.016521110100013697,5.2,0.44721359549995787,0.35219352553719896,0.016521110100013697,148.96330113410949,5.993839606610962,5
Merged5_normal,cube,fixed_CA,bottom_top,maximum_connected_space,maximum_connected_space,5.2,0.44721359549995787,0.36038771622934884,0.016713587558165512,5.2,0.44721359549995787,0.36038771622934884,0.016713587558165512,152.83331084251404,1.981408963819337,5
Merged5_normal,cube,fixed_CA,bottom_top,maximum_connected_space,minimum_bb_volume,5.6,0.5477225575051663,0.34317915559874745,0.017081624679220666,5.6,0.5477225575051663,0.34317915559874745,0.017081624679220666,155.02597765922548,3.1547451801794724,5
Merged5_normal,cube,fixed_CA,bottom_top,maximum_connected_space,waste_overlap_distance,5.6,0.547722557505166,0.3423779375877335,0.011681382209544915,5.6,0.547722557505166,0.3423779375877335,0.011681382209544915,151.039532661438,8.264788068836225,5
Merged5_normal,cube,fixed_CA,bottom_top,minimum_length_of_edges_of_AABB,maximum_connected_space,5.8,0.44721359549995787,0.3373587474354821,0.011045887176928119,5.8,0.44721359549995787,0.3373587474354821,0.011045887176928119,156.13783507347108,2.886902700512489,5
Merged5_normal,cube,fixed_CA,bottom_top,minimum_length_of_edges_of_AABB,minimum_bb_volume,5.6,0.547722557505166,0.3443672346398877,0.018467787091488375,5.6,0.547722557505166,0.3443672346398877,0.018467787091488375,154.90081300735474,4.581624641144109,5
Merged5_normal,cube,fixed_CA,bottom_top,minimum_length_of_edges_of_AABB,waste_overlap_distance,5.6,0.547722557505166,0.34425988554151815,0.024901514128449077,5.6,0.547722557505166,0.34425988554151815,0.024901514128449077,159.165789270401,4.674337739800023,5
Merged5_normal,cube,fixed_CA,bottom_top,minimum_volume_of_AABB,maximum_connected_space,5.2,0.44721359549995804,0.35814703379764606,0.01734206401372196,5.2,0.44721359549995804,0.35814703379764606,0.01734206401372196,154.18155980110168,4.08229449227751,5
Merged5_normal,cube,fixed_CA,bottom_top,minimum_volume_of_AABB,minimum_bb_volume,5.4,0.5477225575051661,0.3455195767195767,0.01647773437992661,5.4,0.5477225575051661,0.3455195767195767,0.01647773437992661,151.58946332931518,5.8810926181269245,5
Merged5_normal,cube,fixed_CA,bottom_top,minimum_volume_of_AABB,waste_overlap_distance,5.2,0.4472135954999579,0.3586826994924954,0.017942265284046136,5.2,0.4472135954999579,0.3586826994924954,0.017942265284046136,150.7383104801178,8.289977310237429,5
Merged5_normal,cylinder,BLF,bottom_left_filling,None,height_only,5.8,0.44721359549995804,0.28260086132140383,0.016135603121250227,5.8,0.44721359549995804,0.28260086132140383,0.016135603121250227,566.1097699642181,11.752556562142043,5
Merged5_normal,cylinder,fixed_CA,all,maximum_connected_space,maximum_connected_space,6.0,0.0,0.26083893894685317,0.005319006556776846,6.0,0.0,0.26083893894685317,0.005319006556776846,727.7039539337159,26.637751587227246,5
Merged5_normal,cylinder,fixed_CA,all,maximum_connected_space,minimum_bb_volume,6.0,0.0,0.2715217085184539,0.006320166151201811,6.0,0.0,0.2715217085184539,0.006320166151201811,686.8924451351165,17.613691560791924,5
Merged5_normal,cylinder,fixed_CA,all,maximum_connected_space,waste_overlap_distance,6.0,0.0,0.2629955017623206,0.013560695772725203,6.0,0.0,0.2629955017623206,0.013560695772725203,728.6882100105286,30.568088345947366,5
Merged5_normal,cylinder,fixed_CA,all,minimum_length_of_edges_of_AABB,maximum_connected_space,5.8,0.44721359549995787,0.27888919578436755,0.009133362727910167,5.8,0.44721359549995787,0.27888919578436755,0.009133362727910167,689.44532122612,9.263824918395715,5
Merged5_normal,cylinder,fixed_CA,all,minimum_length_of_edges_of_AABB,minimum_bb_volume,5.8,0.44721359549995787,0.272934822787772,0.01822057963072751,5.8,0.44721359549995787,0.272934822787772,0.01822057963072751,703.7703176498413,28.28589606453226,5
Merged5_normal,cylinder,fixed_CA,all,minimum_length_of_edges_of_AABB,waste_overlap_distance,6.0,0.0,0.27067607370918945,0.009179503812036692,6.0,0.0,0.27067607370918945,0.009179503812036692,720.0567646503448,20.071540761516257,5
Merged5_normal,cylinder,fixed_CA,all,minimum_volume_of_AABB,maximum_connected_space,6.0,0.0,0.2679530520026206,0.00738471438412175,6.0,0.0,0.2679530520026206,0.00738471438412175,693.1644774436951,10.13107319498175,5
Merged5_normal,cylinder,fixed_CA,all,minimum_volume_of_AABB,minimum_bb_volume,6.0,0.0,0.2679545181721012,0.00967694945692167,6.0,0.0,0.2679545181721012,0.00967694945692167,709.4088446617127,21.017722353977735,5
Merged5_normal,cylinder,fixed_CA,all,minimum_volume_of_AABB,waste_overlap_distance,6.0,0.0,0.2729441229020265,0.004286188689380185,6.0,0.0,0.2729441229020265,0.004286188689380185,711.8655063152313,32.21465808232319,5
Merged5_normal,cylinder,fixed_CA,bottom,maximum_connected_space,maximum_connected_space,5.0,0.0,0.30542624529256546,0.011749773964977034,5.0,0.0,0.30542624529256546,0.011749773964977034,617.4560806274415,10.404843116768586,5
Merged5_normal,cylinder,fixed_CA,bottom,maximum_connected_space,minimum_bb_volume,5.2,0.44721359549995787,0.3053573137656604,0.0185757020602587,5.2,0.44721359549995787,0.3053573137656604,0.0185757020602587,608.5027619838714,21.61056448907739,5
Merged5_normal,cylinder,fixed_CA,bottom,maximum_connected_space,waste_overlap_distance,5.2,0.44721359549995787,0.3014151505746387,0.016834095855282057,5.2,0.44721359549995787,0.3014151505746387,0.016834095855282057,624.8865202903747,25.510841685832567,5
Merged5_normal,cylinder,fixed_CA,bottom,minimum_length_of_edges_of_AABB,maximum_connected_space,5.0,0.0,0.3082074753649361,0.012885996932942198,5.0,0.0,0.3082074753649361,0.012885996932942198,617.4137924671173,11.635883875343596,5
Merged5_normal,cylinder,fixed_CA,bottom,minimum_length_of_edges_of_AABB,minimum_bb_volume,5.2,0.44721359549995787,0.3020138005103661,0.015666893223542203,5.2,0.44721359549995787,0.3020138005103661,0.015666893223542203,612.0868803024292,15.355859471885625,5
Merged5_normal,cylinder,fixed_CA,bottom,minimum_length_of_edges_of_AABB,waste_overlap_distance,5.2,0.44721359549995787,0.3012941412827503,0.016964321331297126,5.2,0.44721359549995787,0.3012941412827503,0.016964321331297126,626.5301236629487,23.30887264050113,5
Merged5_normal,cylinder,fixed_CA,bottom,minimum_volume_of_AABB,maximum_connected_space,5.4,0.547722557505166,0.29189904224461094,0.013455079835140894,5.4,0.547722557505166,0.29189904224461094,0.013455079835140894,624.6524511814117,17.771344104795403,5
Merged5_normal,cylinder,fixed_CA,bottom,minimum_volume_of_AABB,minimum_bb_volume,5.0,0.0,0.30808159321565626,0.009450043362851709,5.0,0.0,0.30808159321565626,0.009450043362851709,604.9533564567566,6.509558771390279,5
Merged5_normal,cylinder,fixed_CA,bottom,minimum_volume_of_AABB,waste_overlap_distance,5.0,0.0,0.31326967704546804,0.011276000784976108,5.0,0.0,0.31326967704546804,0.011276000784976108,609.8405097007751,15.191841591057718,5
Merged5_normal,cylinder,fixed_CA,bottom_top,maximum_connected_space,maximum_connected_space,5.0,0.0,0.30681177545175303,0.010346853393641811,5.0,0.0,0.30681177545175303,0.010346853393641811,637.6433008670807,7.568606635115055,5
Merged5_normal,cylinder,fixed_CA,bottom_top,maximum_connected_space,minimum_bb_volume,5.0,0.0,0.30693176417468926,0.010435955137830877,5.0,0.0,0.30693176417468926,0.010435955137830877,619.6987472057342,5.932045517386796,5
Merged5_normal,cylinder,fixed_CA,bottom_top,maximum_connected_space,waste_overlap_distance,5.2,0.44721359549995787,0.2996714510229669,0.01585282594083301,5.2,0.44721359549995787,0.2996714510229669,0.01585282594083301,650.8848624229431,25.661113116212658,5
Merged5_normal,cylinder,fixed_CA,bottom_top,minimum_length_of_edges_of_AABB,maximum_connected_space,5.4,0.5477225575051662,0.29162931018280835,0.015480605228866977,5.4,0.5477225575051662,0.29162931018280835,0.015480605228866977,638.1727728366852,20.814565576176047,5
Merged5_normal,cylinder,fixed_CA,bottom_top,minimum_length_of_edges_of_AABB,minimum_bb_volume,5.4,0.5477225575051662,0.2944298016973753,0.01789226941030446,5.4,0.5477225575051662,0.2944298016973753,0.01789226941030446,633.4988450527192,16.181838508243434,5
Merged5_normal,cylinder,fixed_CA,bottom_top,minimum_length_of_edges_of_AABB,waste_overlap_distance,5.2,0.4472135954999579,0.2979100568180535,0.011442832333954182,5.2,0.4472135954999579,0.2979100568180535,0.011442832333954182,651.7439517974854,17.957374986145656,5
Merged5_normal,cylinder,fixed_CA,bottom_top,minimum_volume_of_AABB,maximum_connected_space,5.4,0.547722557505166,0.29456994306356477,0.016542046700485643,5.4,0.547722557505166,0.29456994306356477,0.016542046700485643,646.4012392044067,21.206290293448962,5
Merged5_normal,cylinder,fixed_CA,bottom_top,minimum_volume_of_AABB,minimum_bb_volume,5.0,0.0,0.311579880783525,0.010679019121164592,5.0,0.0,0.311579880783525,0.010679019121164592,622.5507801532746,8.638562917850317,5
Merged5_normal,cylinder,fixed_CA,bottom_top,minimum_volume_of_AABB,waste_overlap_distance,5.0,0.0,0.31072296221894397,0.01062548707727015,5.0,0.0,0.31072296221894397,0.01062548707727015,638.5492063522339,11.817555375431489,5
St_05_Example3_normal,cube,BLF,bottom_left_filling,None,height_only,2.6,0.5477225575051662,0.31139455276928846,0.024558998614864873,2.6,0.5477225575051662,0.31139455276928846,0.024558998614864873,131.71435627937316,9.35304679555465,5
St_05_Example3_normal,cube,fixed_CA,all,maximum_connected_space,maximum_connected_space,2.6,0.5477225575051661,0.3104079105029519,0.025015672626554714,2.6,0.5477225575051661,0.3104079105029519,0.025015672626554714,186.33553814888,11.897636570469292,5
St_05_Example3_normal,cube,fixed_CA,all,maximum_connected_space,minimum_bb_volume,2.8,0.44721359549995787,0.29514686840178783,0.009687921395923015,2.8,0.44721359549995787,0.29514686840178783,0.009687921395923015,188.73130855560302,7.293869699883581,5
St_05_Example3_normal,cube,fixed_CA,all,maximum_connected_space,waste_overlap_distance,2.4,0.5477225575051661,0.32441837539177437,0.029309116443751098,2.4,0.5477225575051661,0.32441837539177437,0.029309116443751098,183.71970949172973,5.2042392247446,5
St_05_Example3_normal,cube,fixed_CA,all,minimum_length_of_edges_of_AABB,maximum_connected_space,2.4,0.5477225575051661,0.32948991096136254,0.04900911454915755,2.4,0.5477225575051661,0.32948991096136254,0.04900911454915755,206.97806191444397,10.634148103440499,5
St_05_Example3_normal,cube,fixed_CA,all,minimum_length_of_edges_of_AABB,minimum_bb_volume,2.4,0.5477225575051661,0.31831727647250196,0.034959513248643055,2.4,0.5477225575051661,0.31831727647250196,0.034959513248643055,203.16442866325377,10.577857080694816,5
St_05_Example3_normal,cube,fixed_CA,all,minimum_length_of_edges_of_AABB,waste_overlap_distance,2.6,0.5477225575051662,0.32097311217648655,0.05360037851411755,2.6,0.5477225575051662,0.32097311217648655,0.05360037851411755,200.0292104244232,8.399718183218427,5
St_05_Example3_normal,cube,fixed_CA,all,minimum_volume_of_AABB,maximum_connected_space,2.4,0.5477225575051661,0.32183538407909473,0.03463076134637364,2.4,0.5477225575051661,0.32183538407909473,0.03463076134637364,189.81843934059142,7.450002611887846,5
St_05_Example3_normal,cube,fixed_CA,all,minimum_volume_of_AABB,minimum_bb_volume,2.2,0.4472135954999579,0.3205427126796529,0.02168124569789946,2.2,0.4472135954999579,0.3205427126796529,0.02168124569789946,188.45125870704652,9.807860675382432,5
St_05_Example3_normal,cube,fixed_CA,all,minimum_volume_of_AABB,waste_overlap_distance,2.6,0.5477225575051661,0.30114416600148897,0.015399282600609285,2.6,0.5477225575051661,0.30114416600148897,0.015399282600609285,190.17901134490967,3.732540629696625,5
St_05_Example3_normal,cube,fixed_CA,bottom,maximum_connected_space,maximum_connected_space,2.0,0.0,0.36844481229842785,0.021974766355738334,2.0,0.0,0.36844481229842785,0.021974766355738334,150.7271198272705,2.862456336635223,5
St_05_Example3_normal,cube,fixed_CA,bottom,maximum_connected_space,minimum_bb_volume,2.0,0.0,0.3623839728902065,0.020503291025213755,2.0,0.0,0.3623839728902065,0.020503291025213755,152.63245549201966,6.205628853866706,5
St_05_Example3_normal,cube,fixed_CA,bottom,maximum_connected_space,waste_overlap_distance,2.0,0.0,0.3643786533632842,0.03540405350285173,2.0,0.0,0.3643786533632842,0.03540405350285173,149.12766304016114,4.647101090864501,5
St_05_Example3_normal,cube,fixed_CA,bottom,minimum_length_of_edges_of_AABB,maximum_connected_space,2.0,0.0,0.36844481229842785,0.021974766355738334,2.0,0.0,0.36844481229842785,0.021974766355738334,150.29079480171202,3.2310027707827076,5
St_05_Example3_normal,cube,fixed_CA,bottom,minimum_length_of_edges_of_AABB,minimum_bb_volume,2.0,0.0,0.3623839728902065,0.020503291025213755,2.0,0.0,0.3623839728902065,0.020503291025213755,151.0946436405182,8.095514649781139,5
St_05_Example3_normal,cube,fixed_CA,bottom,minimum_length_of_edges_of_AABB,waste_overlap_distance,2.2,0.447213595499958,0.3486758936228986,0.04802158122421375,2.2,0.447213595499958,0.3486758936228986,0.04802158122421375,150.8202030658722,6.196111375330961,5
St_05_Example3_normal,cube,fixed_CA,bottom,minimum_volume_of_AABB,maximum_connected_space,2.0,0.0,0.3654610088702711,0.03146638277662408,2.0,0.0,0.3654610088702711,0.03146638277662408,154.43778204917908,4.440462643788011,5
St_05_Example3_normal,cube,fixed_CA,bottom,minimum_volume_of_AABB,minimum_bb_volume,2.0,0.0,0.3643786533632842,0.022415287635620326,2.0,0.0,0.3643786533632842,0.022415287635620326,151.60674595832825,5.239615216377667,5
St_05_Example3_normal,cube,fixed_CA,bottom,minimum_volume_of_AABB,waste_overlap_distance,2.0,0.0,0.3599203905637701,0.02940238176723621,2.0,0.0,0.3599203905637701,0.02940238176723621,151.2734926223755,3.8798369689280885,5
St_05_Example3_normal,cube,fixed_CA,bottom_top,maximum_connected_space,maximum_connected_space,2.0,0.0,0.36844481229842785,0.021974766355738334,2.0,0.0,0.36844481229842785,0.021974766355738334,160.4761598110199,2.128246045270432,5
St_05_Example3_normal,cube,fixed_CA,bottom_top,maximum_connected_space,minimum_bb_volume,2.0,0.0,0.3623839728902065,0.020503291025213755,2.0,0.0,0.3623839728902065,0.020503291025213755,163.71621751785278,6.602650073607304,5
St_05_Example3_normal,cube,fixed_CA,bottom_top,maximum_connected_space,waste_overlap_distance,2.0,0.0,0.36282739600293856,0.035322393995943085,2.0,0.0,0.36282739600293856,0.035322393995943085,157.57233204841614,5.589592160618989,5
St_05_Example3_normal,cube,fixed_CA,bottom_top,minimum_length_of_edges_of_AABB,maximum_connected_space,2.0,0.0,0.36877789644313164,0.02884514347389584,2.0,0.0,0.36877789644313164,0.02884514347389584,166.71132974624635,4.6628362899918425,5
St_05_Example3_normal,cube,fixed_CA,bottom_top,minimum_length_of_edges_of_AABB,minimum_bb_volume,2.0,0.0,0.354289692247305,0.025575787214535493,2.0,0.0,0.354289692247305,0.025575787214535493,174.40533571243287,13.125566013220778,5
St_05_Example3_normal,cube,fixed_CA,bottom_top,minimum_length_of_edges_of_AABB,waste_overlap_distance,2.2,0.447213595499958,0.3526382253979632,0.03513396003997847,2.2,0.447213595499958,0.3526382253979632,0.03513396003997847,173.32853837013243,10.843827780374879,5
St_05_Example3_normal,cube,fixed_CA,bottom_top,minimum_volume_of_AABB,maximum_connected_space,2.0,0.0,0.3654610088702711,0.03146638277662408,2.0,0.0,0.3654610088702711,0.03146638277662408,162.56864848136902,5.577444696483646,5
St_05_Example3_normal,cube,fixed_CA,bottom_top,minimum_volume_of_AABB,minimum_bb_volume,2.0,0.0,0.3643786533632842,0.022415287635620326,2.0,0.0,0.3643786533632842,0.022415287635620326,159.6861506462097,3.419363378378083,5
St_05_Example3_normal,cube,fixed_CA,bottom_top,minimum_volume_of_AABB,waste_overlap_distance,2.0,0.0,0.36308750655379873,0.031405561787302624,2.0,0.0,0.36308750655379873,0.031405561787302624,156.31408953666687,5.900856985450705,5
St_05_Example3_normal,cylinder,BLF,bottom_left_filling,None,height_only,2.2,0.447213595499958,0.3050133911484664,0.020240800815666822,2.2,0.447213595499958,0.3050133911484664,0.020240800815666822,570.4166910171509,23.195395338952316,5
St_05_Example3_normal,cylinder,fixed_CA,all,maximum_connected_space,maximum_connected_space,3.0,0.0,0.2640862495440775,0.008448597904446528,3.0,0.0,0.2640862495440775,0.008448597904446528,703.269084739685,34.60798001364453,5
St_05_Example3_normal,cylinder,fixed_CA,all,maximum_connected_space,minimum_bb_volume,2.6,0.5477225575051662,0.2914604125047012,0.03171922088449254,2.6,0.5477225575051662,0.2914604125047012,0.03171922088449254,663.0497453689575,24.31024692951916,5
St_05_Example3_normal,cylinder,fixed_CA,all,maximum_connected_space,waste_overlap_distance,2.8,0.447213595499958,0.27899035928119625,0.03350478734438875,2.8,0.447213595499958,0.27899035928119625,0.03350478734438875,675.3381050586701,27.42434790377451,5
St_05_Example3_normal,cylinder,fixed_CA,all,minimum_length_of_edges_of_AABB,maximum_connected_space,2.6,0.5477225575051662,0.283345915968035,0.026040899951126323,2.6,0.5477225575051662,0.283345915968035,0.026040899951126323,694.0024707317352,9.401661037706731,5
St_05_Example3_normal,cylinder,fixed_CA,all,minimum_length_of_edges_of_AABB,minimum_bb_volume,3.0,0.0,0.2598804210851215,0.01138876487132568,3.0,0.0,0.2598804210851215,0.01138876487132568,702.7391031265258,30.22371660793957,5
St_05_Example3_normal,cylinder,fixed_CA,all,minimum_length_of_edges_of_AABB,waste_overlap_distance,3.0,0.0,0.2629809917779637,0.014644603659282223,3.0,0.0,0.2629809917779637,0.014644603659282223,693.8895265102386,46.115805305452376,5
St_05_Example3_normal,cylinder,fixed_CA,all,minimum_volume_of_AABB,maximum_connected_space,3.0,0.0,0.2741083731300294,0.005126674712992483,3.0,0.0,0.2741083731300294,0.005126674712992483,673.8019892215729,33.01725385658864,5
St_05_Example3_normal,cylinder,fixed_CA,all,minimum_volume_of_AABB,minimum_bb_volume,3.0,0.0,0.2715219781143423,0.008688658794174502,3.0,0.0,0.2715219781143423,0.008688658794174502,670.0794939517975,11.724236765212208,5
St_05_Example3_normal,cylinder,fixed_CA,all,minimum_volume_of_AABB,waste_overlap_distance,2.8,0.447213595499958,0.27810965760309825,0.025916515922486442,2.8,0.447213595499958,0.27810965760309825,0.025916515922486442,681.6766921043396,27.536219084641495,5
St_05_Example3_normal,cylinder,fixed_CA,bottom,maximum_connected_space,maximum_connected_space,2.0,0.0,0.3156519503199143,0.012295575645582108,2.0,0.0,0.3156519503199143,0.012295575645582108,590.8400340080261,15.991503106743052,5
St_05_Example3_normal,cylinder,fixed_CA,bottom,maximum_connected_space,minimum_bb_volume,2.0,0.0,0.3145755989235418,0.025916342209676316,2.0,0.0,0.3145755989235418,0.025916342209676316,584.0017133712769,24.347188824629523,5
St_05_Example3_normal,cylinder,fixed_CA,bottom,maximum_connected_space,waste_overlap_distance,2.0,0.0,0.3229431712106778,0.024412401290126565,2.0,0.0,0.3229431712106778,0.024412401290126565,590.3957008838654,21.254653970122522,5
St_05_Example3_normal,cylinder,fixed_CA,bottom,minimum_length_of_edges_of_AABB,maximum_connected_space,2.0,0.0,0.3114820373002857,0.015035133747529841,2.0,0.0,0.3114820373002857,0.015035133747529841,596.8061734199524,12.61737243343653,5
St_05_Example3_normal,cylinder,fixed_CA,bottom,minimum_length_of_edges_of_AABB,minimum_bb_volume,2.0,0.0,0.31262862440775213,0.025245526386364004,2.0,0.0,0.31262862440775213,0.025245526386364004,584.7637465000153,23.568790594617703,5
St_05_Example3_normal,cylinder,fixed_CA,bottom,minimum_length_of_edges_of_AABB,waste_overlap_distance,2.0,0.0,0.3209961966948881,0.024543303990109587,2.0,0.0,0.3209961966948881,0.024543303990109587,589.6958015918732,21.90522322712555,5
St_05_Example3_normal,cylinder,fixed_CA,bottom,minimum_volume_of_AABB,maximum_connected_space,2.2,0.447213595499958,0.3017494849650622,0.023525772053215994,2.2,0.447213595499958,0.3017494849650622,0.023525772053215994,600.7997729301453,21.23581448392873,5
St_05_Example3_normal,cylinder,fixed_CA,bottom,minimum_volume_of_AABB,minimum_bb_volume,2.4,0.5477225575051661,0.30642419601012383,0.031367142171214085,2.4,0.5477225575051661,0.30642419601012383,0.031367142171214085,592.4853633403778,24.129182767678667,5
St_05_Example3_normal,cylinder,fixed_CA,bottom,minimum_volume_of_AABB,waste_overlap_distance,2.2,0.447213595499958,0.31690676712947247,0.026566571523922645,2.2,0.447213595499958,0.31690676712947247,0.026566571523922645,589.6041545391083,12.81455091473793,5
St_05_Example3_normal,cylinder,fixed_CA,bottom_top,maximum_connected_space,maximum_connected_space,2.0,0.0,0.321516076304534,0.018030008088738884,2.0,0.0,0.321516076304534,0.018030008088738884,609.6744938850403,16.409007966111492,5
St_05_Example3_normal,cylinder,fixed_CA,bottom_top,maximum_connected_space,minimum_bb_volume,2.2,0.447213595499958,0.32117993099486614,0.029713968919090165,2.2,0.447213595499958,0.32117993099486614,0.029713968919090165,605.5776470184326,21.304540717122343,5
St_05_Example3_normal,cylinder,fixed_CA,bottom_top,maximum_connected_space,waste_overlap_distance,2.4,0.5477225575051661,0.3067476283177148,0.03418706149755782,2.4,0.5477225575051661,0.3067476283177148,0.03418706149755782,607.8996841430665,24.809128564546004,5
St_05_Example3_normal,cylinder,fixed_CA,bottom_top,minimum_length_of_edges_of_AABB,maximum_connected_space,2.0,0.0,0.32203237887177044,0.03683981656633244,2.0,0.0,0.32203237887177044,0.03683981656633244,609.6491064071655,25.607486225993128,5
St_05_Example3_normal,cylinder,fixed_CA,bottom_top,minimum_length_of_edges_of_AABB,minimum_bb_volume,2.6,0.5477225575051661,0.30018513314105794,0.040497284530569014,2.6,0.5477225575051661,0.30018513314105794,0.040497284530569014,619.8086391448975,25.546569065120405,5
St_05_Example3_normal,cylinder,fixed_CA,bottom_top,minimum_length_of_edges_of_AABB,waste_overlap_distance,2.2,0.447213595499958,0.3195880987842432,0.032847219817486506,2.2,0.447213595499958,0.3195880987842432,0.032847219817486506,622.8789233207702,27.056668769364634,5
St_05_Example3_normal,cylinder,fixed_CA,bottom_top,minimum_volume_of_AABB,maximum_connected_space,2.2,0.447213595499958,0.3119213851173077,0.02967201705459191,2.2,0.447213595499958,0.3119213851173077,0.02967201705459191,619.3561305522919,26.298930527808043,5
St_05_Example3_normal,cylinder,fixed_CA,bottom_top,minimum_volume_of_AABB,minimum_bb_volume,2.4,0.5477225575051661,0.3022542829904952,0.037143933990251295,2.4,0.5477225575051661,0.3022542829904952,0.037143933990251295,618.5330983638763,36.54893616409695,5
St_05_Example3_normal,cylinder,fixed_CA,bottom_top,minimum_volume_of_AABB,waste_overlap_distance,2.4,0.5477225575051661,0.2955501804389934,0.02146629707339598,2.4,0.5477225575051661,0.2955501804389934,0.02146629707339598,614.800136756897,21.468011668627845,5
chess,cube,BLF,bottom_left_filling,None,height_only,3.4,0.5477225575051662,0.23358444940476192,0.01999380073020755,3.4,0.5477225575051662,0.23358444940476192,0.01999380073020755,5.923608350753784,0.4654457554607051,5
chess,cube,fixed_CA,all,maximum_connected_space,maximum_connected_space,4.0,0.0,0.21587896319241984,0.009482303261760371,4.0,0.0,0.21587896319241984,0.009482303261760371,9.821310997009277,0.4736582266937929,5
chess,cube,fixed_CA,all,maximum_connected_space,minimum_bb_volume,3.8,0.4472135954999579,0.22196572825558797,0.012507318613628957,3.8,0.4472135954999579,0.22196572825558797,0.012507318613628957,9.667915105819702,0.4397283395590048,5
chess,cube,fixed_CA,all,maximum_connected_space,waste_overlap_distance,4.0,0.0,0.21798583272594754,0.009701729422844094,4.0,0.0,0.21798583272594754,0.009701729422844094,9.753363418579102,0.560694855880364,5
chess,cube,fixed_CA,all,minimum_length_of_edges_of_AABB,maximum_connected_space,4.0,0.0,0.21391748663751214,0.007201320153421129,4.0,0.0,0.21391748663751214,0.007201320153421129,9.64799656867981,0.42089153902886534,5
chess,cube,fixed_CA,all,minimum_length_of_edges_of_AABB,minimum_bb_volume,4.0,0.0,0.2178579020894072,0.005203911363082441,4.0,0.0,0.2178579020894072,0.005203911363082441,9.512386226654053,0.3993032750030251,5
chess,cube,fixed_CA,all,minimum_length_of_edges_of_AABB,waste_overlap_distance,4.0,0.0,0.2101437226676385,0.009278367563418424,4.0,0.0,0.2101437226676385,0.009278367563418424,9.936822700500489,0.16759765514359465,5
chess,cube,fixed_CA,all,minimum_volume_of_AABB,maximum_connected_space,4.0,0.0,0.21212152271622936,0.0072593215127164335,4.0,0.0,0.21212152271622936,0.0072593215127164335,10.031554985046387,0.20607210542679616,5
chess,cube,fixed_CA,all,minimum_volume_of_AABB,minimum_bb_volume,4.0,0.0,0.21570244169096214,0.007453777811163377,4.0,0.0,0.21570244169096214,0.007453777811163377,9.66031608581543,0.33055365557704364,5
chess,cube,fixed_CA,all,minimum_volume_of_AABB,waste_overlap_distance,4.0,0.0,0.21206116375121478,0.015523499536079555,4.0,0.0,0.21206116375121478,0.015523499536079555,9.952072906494141,0.5780004787559256,5
chess,cube,fixed_CA,bottom,maximum_connected_space,maximum_connected_space,3.0,0.0,0.2536830357142857,0.005699727735193605,3.0,0.0,0.2536830357142857,0.005699727735193605,7.5528724670410154,0.21363126679896324,5
chess,cube,fixed_CA,bottom,maximum_connected_space,minimum_bb_volume,3.0,0.0,0.24803776421282803,0.007712173742979913,3.0,0.0,0.24803776421282803,0.007712173742979913,7.721839332580567,0.10051378515043115,5
chess,cube,fixed_CA,bottom,maximum_connected_space,waste_overlap_distance,3.0,0.0,0.2491714877915452,0.01036118104651418,3.0,0.0,0.2491714877915452,0.01036118104651418,7.7983598709106445,0.24303455684613395,5
chess,cube,fixed_CA,bottom,minimum_length_of_edges_of_AABB,maximum_connected_space,3.0,0.0,0.2560951166180758,0.007136925500552667,3.0,0.0,0.2560951166180758,0.007136925500552667,7.451525163650513,0.1533749791615268,5
chess,cube,fixed_CA,bottom,minimum_length_of_edges_of_AABB,minimum_bb_volume,3.0,0.0,0.25030521137026235,0.007374382870465169,3.0,0.0,0.25030521137026235,0.007374382870465169,7.654978704452515,0.26833092987138835,5
chess,cube,fixed_CA,bottom,minimum_length_of_edges_of_AABB,waste_overlap_distance,3.0,0.0,0.24548104956268224,0.004056286891344883,3.0,0.0,0.24548104956268224,0.004056286891344883,7.7807330131530765,0.2783669735455797,5
chess,cube,fixed_CA,bottom,minimum_volume_of_AABB,maximum_connected_space,3.0,0.0,0.25655236424927114,0.005193675316290933,3.0,0.0,0.25655236424927114,0.005193675316290933,7.2487585067749025,0.2417174593749424,5
chess,cube,fixed_CA,bottom,minimum_volume_of_AABB,minimum_bb_volume,3.2,0.447213595499958,0.2447463025388727,0.022327284651107684,3.2,0.447213595499958,0.2447463025388727,0.022327284651107684,7.7821086883544925,0.39645231213504023,5
chess,cube,fixed_CA,bottom,minimum_volume_of_AABB,waste_overlap_distance,3.2,0.447213595499958,0.2366394102283771,0.017366331731174245,3.2,0.447213595499958,0.2366394102283771,0.017366331731174245,7.835946035385132,0.2401685117355305,5
chess,cube,fixed_CA,bottom_top,maximum_connected_space,maximum_connected_space,3.4,0.5477225575051662,0.24271345815111758,0.015944109053040802,3.4,0.5477225575051662,0.24271345815111758,0.015944109053040802,8.434664154052735,0.5294211152663955,5
chess,cube,fixed_CA,bottom_top,maximum_connected_space,minimum_bb_volume,3.2,0.447213595499958,0.24411670918367348,0.012927836636565581,3.2,0.447213595499958,0.24411670918367348,0.012927836636565581,8.245966053009033,0.2145154240984505,5
chess,cube,fixed_CA,bottom_top,maximum_connected_space,waste_overlap_distance,3.2,0.447213595499958,0.24788553814382897,0.01425522505546933,3.2,0.447213595499958,0.24788553814382897,0.01425522505546933,8.415108919143677,0.20800516100684233,5
chess,cube,fixed_CA,bottom_top,minimum_length_of_edges_of_AABB,maximum_connected_space,3.2,0.447213595499958,0.24666127611758987,0.014149693182978505,3.2,0.447213595499958,0.24666127611758987,0.014149693182978505,8.229819536209106,0.36790360897200625,5
chess,cube,fixed_CA,bottom_top,minimum_length_of_edges_of_AABB,minimum_bb_volume,3.4,0.5477225575051662,0.2421030354105928,0.016987566016287068,3.4,0.5477225575051662,0.2421030354105928,0.016987566016287068,8.156991863250733,0.34073300401692264,5
chess,cube,fixed_CA,bottom_top,minimum_length_of_edges_of_AABB,waste_overlap_distance,3.2,0.447213595499958,0.24617954324586977,0.012163266952399703,3.2,0.447213595499958,0.24617954324586977,0.012163266952399703,8.311947345733643,0.3375765460100842,5
chess,cube,fixed_CA,bottom_top,minimum_volume_of_AABB,maximum_connected_space,3.0,0.0,0.25655236424927114,0.005193675316290933,3.0,0.0,0.25655236424927114,0.005193675316290933,7.869337511062622,0.2688086459341905,5
chess,cube,fixed_CA,bottom_top,minimum_volume_of_AABB,minimum_bb_volume,3.2,0.447213595499958,0.2428808688654033,0.012762834615719415,3.2,0.447213595499958,0.2428808688654033,0.012762834615719415,8.397574853897094,0.1697404749315801,5
chess,cube,fixed_CA,bottom_top,minimum_volume_of_AABB,waste_overlap_distance,3.2,0.447213595499958,0.24788553814382897,0.012963858902463453,3.2,0.447213595499958,0.24788553814382897,0.012963858902463453,8.15921926498413,0.3791567749694292,5
chess,cylinder,BLF,bottom_left_filling,None,height_only,3.4,0.5477225575051661,0.22361738743750972,0.01399158315762452,3.4,0.5477225575051661,0.22361738743750972,0.01399158315762452,23.960640811920165,0.7964624403399871,5
chess,cylinder,fixed_CA,all,maximum_connected_space,maximum_connected_space,4.0,0.0,0.204516051843017,0.0070675362471858995,4.0,0.0,0.204516051843017,0.0070675362471858995,30.889804983139037,0.9343710806434323,5
chess,cylinder,fixed_CA,all,maximum_connected_space,minimum_bb_volume,4.0,0.0,0.19884813924219927,0.006633109952462488,4.0,0.0,0.19884813924219927,0.006633109952462488,30.86422553062439,0.6483803421068305,5
chess,cylinder,fixed_CA,all,maximum_connected_space,waste_overlap_distance,4.0,0.0,0.19807812371857428,0.006461332437128098,4.0,0.0,0.19807812371857428,0.006461332437128098,31.770406341552736,1.0533264025018996,5
chess,cylinder,fixed_CA,all,minimum_length_of_edges_of_AABB,maximum_connected_space,4.0,0.0,0.19651316154891277,0.006906235754280038,4.0,0.0,0.19651316154891277,0.006906235754280038,31.399678421020507,0.1795266356103933,5
chess,cylinder,fixed_CA,all,minimum_length_of_edges_of_AABB,minimum_bb_volume,4.0,0.0,0.20405340144283715,0.012261693028062706,4.0,0.0,0.20405340144283715,0.012261693028062706,30.175468254089356,1.6900975514970733,5
chess,cylinder,fixed_CA,all,minimum_length_of_edges_of_AABB,waste_overlap_distance,4.0,0.0,0.1999183967114375,0.010858291265510767,4.0,0.0,0.1999183967114375,0.010858291265510767,30.996561336517335,1.295804527459766,5
chess,cylinder,fixed_CA,all,minimum_volume_of_AABB,maximum_connected_space,4.0,0.0,0.19984858956868518,0.014352504286084726,4.0,0.0,0.19984858956868518,0.014352504286084726,30.894519805908203,1.4423667785500047,5
chess,cylinder,fixed_CA,all,minimum_volume_of_AABB,minimum_bb_volume,4.0,0.0,0.1897034035416465,0.002254253888790284,4.0,0.0,0.1897034035416465,0.002254253888790284,30.698183393478395,0.8565908294906136,5
chess,cylinder,fixed_CA,all,minimum_volume_of_AABB,waste_overlap_distance,4.0,0.0,0.19475266814776646,0.009587365168618365,4.0,0.0,0.19475266814776646,0.009587365168618365,30.899309968948366,0.9069507566771042,5
chess,cylinder,fixed_CA,bottom,maximum_connected_space,maximum_connected_space,3.0,0.0,0.24526561526578697,0.01249797245276591,3.0,0.0,0.24526561526578697,0.01249797245276591,25.634293651580812,0.7647782155992192,5
chess,cylinder,fixed_CA,bottom,maximum_connected_space,minimum_bb_volume,3.0,0.0,0.2378717566763075,0.006279383477742353,3.0,0.0,0.2378717566763075,0.006279383477742353,25.940278005599975,0.8308860286371125,5
chess,cylinder,fixed_CA,bottom,maximum_connected_space,waste_overlap_distance,3.0,0.0,0.23907112174374837,0.003401144260681061,3.0,0.0,0.23907112174374837,0.003401144260681061,26.406725263595582,0.2619859121497711,5
chess,cylinder,fixed_CA,bottom,minimum_length_of_edges_of_AABB,maximum_connected_space,3.0,0.0,0.24526561526578697,0.01249797245276591,3.0,0.0,0.24526561526578697,0.01249797245276591,25.616309452056885,0.7451872715023222,5
chess,cylinder,fixed_CA,bottom,minimum_length_of_edges_of_AABB,minimum_bb_volume,3.0,0.0,0.23907112174374837,0.00516927887537535,3.0,0.0,0.23907112174374837,0.00516927887537535,26.01818504333496,0.8589396443743762,5
chess,cylinder,fixed_CA,bottom,minimum_length_of_edges_of_AABB,waste_overlap_distance,3.0,0.0,0.2389354252060513,0.003169791312417521,3.0,0.0,0.2389354252060513,0.003169791312417521,26.53576455116272,0.3724021569177973,5
chess,cylinder,fixed_CA,bottom,minimum_volume_of_AABB,maximum_connected_space,3.0,0.0,0.2497916824601562,0.009840103218985884,3.0,0.0,0.2497916824601562,0.009840103218985884,25.44353675842285,0.1579751922292909,5
chess,cylinder,fixed_CA,bottom,minimum_volume_of_AABB,minimum_bb_volume,3.2,0.44721359549995787,0.23029501049599482,0.009844060504038637,3.2,0.44721359549995787,0.23029501049599482,0.009844060504038637,26.577651500701904,0.48659272573995777,5
chess,cylinder,fixed_CA,bottom,minimum_volume_of_AABB,waste_overlap_distance,3.4,0.5477225575051661,0.22418261159846847,0.013823913219118288,3.4,0.5477225575051661,0.22418261159846847,0.013823913219118288,26.770422792434694,0.4466704105405998,5
chess,cylinder,fixed_CA,bottom_top,maximum_connected_space,maximum_connected_space,3.4,0.5477225575051662,0.23366178049822744,0.02006601261016331,3.4,0.5477225575051662,0.23366178049822744,0.02006601261016331,26.65749568939209,0.9215839613795866,5
chess,cylinder,fixed_CA,bottom_top,maximum_connected_space,minimum_bb_volume,3.0,0.0,0.24195867995734205,0.008196556239875698,3.0,0.0,0.24195867995734205,0.008196556239875698,27.105378198623658,0.7375406891223525,5
chess,cylinder,fixed_CA,bottom_top,maximum_connected_space,waste_overlap_distance,3.0,0.0,0.24386858201351175,0.007359611908838083,3.0,0.0,0.24386858201351175,0.007359611908838083,27.306105518341063,0.6218322820600714,5
chess,cylinder,fixed_CA,bottom_top,minimum_length_of_edges_of_AABB,maximum_connected_space,3.0,0.0,0.23872279834777,0.012080235984915186,3.0,0.0,0.23872279834777,0.012080235984915186,27.345865631103514,0.9470650848453767,5
chess,cylinder,fixed_CA,bottom_top,minimum_length_of_edges_of_AABB,minimum_bb_volume,3.0,0.0,0.23969564636015744,0.009860495187011953,3.0,0.0,0.23969564636015744,0.009860495187011953,27.21954164505005,0.7986093626304713,5
chess,cylinder,fixed_CA,bottom_top,minimum_length_of_edges_of_AABB,waste_overlap_distance,3.0,0.0,0.24463895369602834,0.0123804253006843,3.0,0.0,0.24463895369602834,0.0123804253006843,27.203162384033202,0.560723836423461,5
chess,cylinder,fixed_CA,bottom_top,minimum_volume_of_AABB,maximum_connected_space,3.0,0.0,0.24886371046810957,0.009508871833888134,3.0,0.0,0.24886371046810957,0.009508871833888134,26.70091109275818,0.2003838966899799,5
chess,cylinder,fixed_CA,bottom_top,minimum_volume_of_AABB,minimum_bb_volume,3.2,0.44721359549995787,0.2362266587560375,0.014051825265182368,3.2,0.44721359549995787,0.2362266587560375,0.014051825265182368,27.275786352157592,0.5472897318001256,5
chess,cylinder,fixed_CA,bottom_top,minimum_volume_of_AABB,waste_overlap_distance,3.2,0.4472135954999579,0.23101249258310977,0.012846282438337903,3.2,0.4472135954999579,0.23101249258310977,0.012846282438337903,27.822648525238037,0.3981258711721112,5
engine,cube,BLF,bottom_left_filling,None,height_only,3.0,0.0,0.20509360773436636,0.020875189289055893,3.0,0.0,0.20509360773436636,0.020875189289055893,32.236916875839235,0.9383683748538291,5
engine,cube,fixed_CA,all,maximum_connected_space,maximum_connected_space,3.0,0.0,0.20979700115933236,0.014058288299177064,3.0,0.0,0.20979700115933236,0.014058288299177064,69.48792886734009,2.3696280176360425,5
engine,cube,fixed_CA,all,maximum_connected_space,minimum_bb_volume,2.8,0.4472135954999579,0.2205446034492066,0.03207411222703215,2.8,0.4472135954999579,0.2205446034492066,0.03207411222703215,70.17136011123657,1.620399379069117,5
engine,cube,fixed_CA,all,maximum_connected_space,waste_overlap_distance,3.0,0.0,0.20855309665130317,0.021523484770534364,3.0,0.0,0.20855309665130317,0.021523484770534364,121.82019219398498,2.550317364062444,5
engine,cube,fixed_CA,all,minimum_length_of_edges_of_AABB,maximum_connected_space,3.0,0.0,0.2080292120909883,0.017954257443813394,3.0,0.0,0.2080292120909883,0.017954257443813394,68.9580053806305,0.8764747601909864,5
engine,cube,fixed_CA,all,minimum_length_of_edges_of_AABB,minimum_bb_volume,3.0,0.0,0.20520491392407014,0.018773513271218404,3.0,0.0,0.20520491392407014,0.018773513271218404,69.00714287757873,0.6796607686347514,5
engine,cube,fixed_CA,all,minimum_length_of_edges_of_AABB,waste_overlap_distance,3.0,0.0,0.2095268330175802,0.014647268412871532,3.0,0.0,0.2095268330175802,0.014647268412871532,122.16038031578064,3.150592291370598,5
engine,cube,fixed_CA,all,minimum_volume_of_AABB,maximum_connected_space,3.0,0.0,0.2159419768287761,0.0005458601743549804,3.0,0.0,0.2159419768287761,0.0005458601743549804,69.51310319900513,2.341797187890208,5
engine,cube,fixed_CA,all,minimum_volume_of_AABB,minimum_bb_volume,2.8,0.4472135954999579,0.21695221545587984,0.032137976348118,2.8,0.4472135954999579,0.21695221545587984,0.032137976348118,70.93245372772216,1.096410559888578,5
engine,cube,fixed_CA,all,minimum_volume_of_AABB,waste_overlap_distance,2.8,0.4472135954999579,0.22217023934686658,0.03437528643418251,2.8,0.4472135954999579,0.22217023934686658,0.03437528643418251,121.27979230880737,3.3480107687874288,5
engine,cube,fixed_CA,bottom,maximum_connected_space,maximum_connected_space,2.4,0.5477225575051661,0.24218890177035965,0.02535761460875851,2.4,0.5477225575051661,0.24218890177035965,0.02535761460875851,58.2996461391449,0.958115131403454,5
engine,cube,fixed_CA,bottom,maximum_connected_space,minimum_bb_volume,2.8,0.44721359549995787,0.22582380718580422,0.019420991098841395,2.8,0.44721359549995787,0.22582380718580422,0.019420991098841395,56.07210059165955,1.7832732985039195,5
engine,cube,fixed_CA,bottom,maximum_connected_space,waste_overlap_distance,2.6,0.5477225575051662,0.2351506489433624,0.02552139600958919,2.6,0.5477225575051662,0.2351506489433624,0.02552139600958919,108.13095932006836,4.17248432373575,5
engine,cube,fixed_CA,bottom,minimum_length_of_edges_of_AABB,maximum_connected_space,2.4,0.5477225575051661,0.24218890177035965,0.02535761460875851,2.4,0.5477225575051661,0.24218890177035965,0.02535761460875851,58.15181031227112,0.7806513941605485,5
engine,cube,fixed_CA,bottom,minimum_length_of_edges_of_AABB,minimum_bb_volume,2.8,0.44721359549995787,0.22582380718580422,0.019420991098841395,2.8,0.44721359549995787,0.22582380718580422,0.019420991098841395,55.485327291488645,1.9189518759382946,5
engine,cube,fixed_CA,bottom,minimum_length_of_edges_of_AABB,waste_overlap_distance,2.6,0.5477225575051661,0.2340612363984093,0.025402890367164453,2.6,0.5477225575051661,0.2340612363984093,0.025402890367164453,109.28234014511108,3.4500759243790973,5
engine,cube,fixed_CA,bottom,minimum_volume_of_AABB,maximum_connected_space,2.4,0.5477225575051661,0.24556921676944707,0.02755825493405045,2.4,0.5477225575051661,0.24556921676944707,0.02755825493405045,57.17786374092102,1.7496196009274363,5
engine,cube,fixed_CA,bottom,minimum_volume_of_AABB,minimum_bb_volume,2.8,0.44721359549995787,0.22582380718580422,0.019420991098841385,2.8,0.44721359549995787,0.22582380718580422,0.019420991098841385,56.21409821510315,1.4673855921482637,5
engine,cube,fixed_CA,bottom,minimum_volume_of_AABB,waste_overlap_distance,2.6,0.5477225575051661,0.23769912368868198,0.03239662236700717,2.6,0.5477225575051661,0.23769912368868198,0.03239662236700717,108.4648235797882,4.601332869955896,5
engine,cube,fixed_CA,bottom_top,maximum_connected_space,maximum_connected_space,2.6,0.5477225575051661,0.23208471609209883,0.023250969044948867,2.6,0.5477225575051661,0.23208471609209883,0.023250969044948867,63.06849193572998,0.9575811463523634,5
engine,cube,fixed_CA,bottom_top,maximum_connected_space,minimum_bb_volume,2.6,0.5477225575051662,0.2302703994941095,0.018973913635312912,2.6,0.5477225575051662,0.2302703994941095,0.018973913635312912,61.22573871612549,2.071666374079388,5
engine,cube,fixed_CA,bottom_top,maximum_connected_space,waste_overlap_distance,2.6,0.5477225575051662,0.23582774017587918,0.025102382689028566,2.6,0.5477225575051662,0.23582774017587918,0.025102382689028566,112.94023661613464,6.203026397008421,5
engine,cube,fixed_CA,bottom_top,minimum_length_of_edges_of_AABB,maximum_connected_space,2.6,0.5477225575051662,0.23161070081770205,0.019046148857174146,2.6,0.5477225575051662,0.23161070081770205,0.019046148857174146,62.426115131378175,1.2333665399647582,5
engine,cube,fixed_CA,bottom_top,minimum_length_of_edges_of_AABB,minimum_bb_volume,2.6,0.5477225575051662,0.23318209744047175,0.021435075353754305,2.6,0.5477225575051662,0.23318209744047175,0.021435075353754305,61.619616413116454,1.360178051994366,5
engine,cube,fixed_CA,bottom_top,minimum_length_of_edges_of_AABB,waste_overlap_distance,2.8,0.44721359549995787,0.22532434315209873,0.018193873033742113,2.8,0.44721359549995787,0.22532434315209873,0.018193873033742113,113.01631107330323,4.847445661727994,5
engine,cube,fixed_CA,bottom_top,minimum_volume_of_AABB,maximum_connected_space,3.0,0.0,0.2170180223486377,0.0029381433962858325,3.0,0.0,0.2170180223486377,0.0029381433962858325,62.41298484802246,1.587150252336827,5
engine,cube,fixed_CA,bottom_top,minimum_volume_of_AABB,minimum_bb_volume,2.6,0.5477225575051662,0.2373233046370724,0.0274579123628981,2.6,0.5477225575051662,0.2373233046370724,0.0274579123628981,61.33066563606262,2.6331237754451875,5
engine,cube,fixed_CA,bottom_top,minimum_volume_of_AABB,waste_overlap_distance,2.6,0.5477225575051661,0.23769912368868198,0.03239662236700717,2.6,0.5477225575051661,0.23769912368868198,0.03239662236700717,114.25989933013916,3.9964150367813494,5
engine,cylinder,BLF,bottom_left_filling,None,height_only,2.8,0.4472135954999579,0.17181615550157298,0.02043584244050298,2.8,0.4472135954999579,0.17181615550157298,0.02043584244050298,189.51849403381348,1.8636068085360007,5
engine,cylinder,fixed_CA,all,maximum_connected_space,maximum_connected_space,2.6,0.5477225575051661,0.189063829551259,0.03168080533975425,2.6,0.5477225575051661,0.189063829551259,0.03168080533975425,259.86007595062256,2.4104022829707366,5
engine,cylinder,fixed_CA,all,maximum_connected_space,minimum_bb_volume,2.6,0.5477225575051661,0.18982510371401004,0.036783686624495986,2.6,0.5477225575051661,0.18982510371401004,0.036783686624495986,260.8958489894867,2.8949830677096924,5
engine,cylinder,fixed_CA,all,maximum_connected_space,waste_overlap_distance,2.4,0.5477225575051661,0.20010340588614137,0.037396562492014146,2.4,0.5477225575051661,0.20010340588614137,0.037396562492014146,352.2124297618866,2.110138533183014,5
engine,cylinder,fixed_CA,all,minimum_length_of_edges_of_AABB,maximum_connected_space,2.6,0.5477225575051661,0.18325388442906956,0.03579455020416449,2.6,0.5477225575051661,0.18325388442906956,0.03579455020416449,262.04247517585753,0.411104133287049,5
engine,cylinder,fixed_CA,all,minimum_length_of_edges_of_AABB,minimum_bb_volume,2.2,0.4472135954999579,0.20370419464227232,0.03681917510158549,2.2,0.4472135954999579,0.20370419464227232,0.03681917510158549,260.2457266330719,2.582735991889196,5
engine,cylinder,fixed_CA,all,minimum_length_of_edges_of_AABB,waste_overlap_distance,2.2,0.4472135954999579,0.19724807728832888,0.02601596175965451,2.2,0.4472135954999579,0.19724807728832888,0.02601596175965451,351.7389005184174,5.763951791857342,5
engine,cylinder,fixed_CA,all,minimum_volume_of_AABB,maximum_connected_space,2.8,0.4472135954999579,0.17554025345682422,0.02488524524623718,2.8,0.4472135954999579,0.17554025345682422,0.02488524524623718,260.8875395774841,1.3714542369886356,5
engine,cylinder,fixed_CA,all,minimum_volume_of_AABB,minimum_bb_volume,2.4,0.5477225575051661,0.193419887152002,0.031840381643067205,2.4,0.5477225575051661,0.193419887152002,0.031840381643067205,262.03495478630066,1.984643408979368,5
engine,cylinder,fixed_CA,all,minimum_volume_of_AABB,waste_overlap_distance,2.4,0.5477225575051661,0.1874085636948855,0.03021469986873912,2.4,0.5477225575051661,0.1874085636948855,0.03021469986873912,354.739673948288,3.6743530524259542,5
engine,cylinder,fixed_CA,bottom,maximum_connected_space,maximum_connected_space,2.0,0.0,0.22749306138620398,0.012182475551451941,2.0,0.0,0.22749306138620398,0.012182475551451941,226.93609561920167,3.2734721389115258,5
engine,cylinder,fixed_CA,bottom,maximum_connected_space,minimum_bb_volume,2.2,0.4472135954999579,0.21875892668487507,0.030887693462044168,2.2,0.4472135954999579,0.21875892668487507,0.030887693462044168,223.66917138099672,2.2246617066425594,5
engine,cylinder,fixed_CA,bottom,maximum_connected_space,waste_overlap_distance,2.0,0.0,0.2320258755175042,0.013119277453470088,2.0,0.0,0.2320258755175042,0.013119277453470088,317.2349865913391,4.7199080599143315,5
engine,cylinder,fixed_CA,bottom,minimum_length_of_edges_of_AABB,maximum_connected_space,2.0,0.0,0.22749306138620398,0.012182475551451941,2.0,0.0,0.22749306138620398,0.012182475551451941,226.8396143913269,1.963237938129591,5
engine,cylinder,fixed_CA,bottom,minimum_length_of_edges_of_AABB,minimum_bb_volume,2.0,0.0,0.22887788774905218,0.015120692769328608,2.0,0.0,0.22887788774905218,0.015120692769328608,222.91074662208558,1.9834193956769122,5
engine,cylinder,fixed_CA,bottom,minimum_length_of_edges_of_AABB,waste_overlap_distance,2.0,0.0,0.2355786217285233,0.01252770578219161,2.0,0.0,0.2355786217285233,0.01252770578219161,315.9503610134125,5.447562273718385,5
engine,cylinder,fixed_CA,bottom,minimum_volume_of_AABB,maximum_connected_space,2.0,0.0,0.22362003154110605,0.010640416124334489,2.0,0.0,0.22362003154110605,0.010640416124334489,225.6790764808655,2.573557825046394,5
engine,cylinder,fixed_CA,bottom,minimum_volume_of_AABB,minimum_bb_volume,2.0,0.0,0.22554773866371786,0.0120410183735764,2.0,0.0,0.22554773866371786,0.0120410183735764,224.48673248291016,2.320865046351959,5
engine,cylinder,fixed_CA,bottom,minimum_volume_of_AABB,waste_overlap_distance,2.0,0.0,0.22679003880940102,0.01134292638954488,2.0,0.0,0.22679003880940102,0.01134292638954488,315.78293137550355,5.857516051573653,5
engine,cylinder,fixed_CA,bottom_top,maximum_connected_space,maximum_connected_space,2.0,0.0,0.2259677105789037,0.01129307411231394,2.0,0.0,0.2259677105789037,0.01129307411231394,240.7610498905182,1.3892717911030845,5
engine,cylinder,fixed_CA,bottom_top,maximum_connected_space,minimum_bb_volume,2.2,0.447213595499958,0.21239929477569786,0.030869004748124144,2.2,0.447213595499958,0.21239929477569786,0.030869004748124144,238.3741259098053,3.434191295825728,5
engine,cylinder,fixed_CA,bottom_top,maximum_connected_space,waste_overlap_distance,2.2,0.447213595499958,0.21951279428858803,0.02911866415357006,2.2,0.447213595499958,0.21951279428858803,0.02911866415357006,328.85068917274475,8.9449757323818,5
engine,cylinder,fixed_CA,bottom_top,minimum_length_of_edges_of_AABB,maximum_connected_space,2.0,0.0,0.22009931369349484,0.008139212454217308,2.0,0.0,0.22009931369349484,0.008139212454217308,240.9767711162567,1.7879598887638761,5
engine,cylinder,fixed_CA,bottom_top,minimum_length_of_edges_of_AABB,minimum_bb_volume,2.2,0.447213595499958,0.21291695319927775,0.029064311681608706,2.2,0.447213595499958,0.21291695319927775,0.029064311681608706,239.3115797519684,1.8279253180599866,5
engine,cylinder,fixed_CA,bottom_top,minimum_length_of_edges_of_AABB,waste_overlap_distance,2.0,0.0,0.22314721282629724,0.02494715917070669,2.0,0.0,0.22314721282629724,0.02494715917070669,330.7193813800812,5.123500994485507,5
engine,cylinder,fixed_CA,bottom_top,minimum_volume_of_AABB,maximum_connected_space,2.0,0.0,0.221445305665711,0.007095898527613141,2.0,0.0,0.221445305665711,0.007095898527613141,241.8031837940216,2.2473450786737623,5
engine,cylinder,fixed_CA,bottom_top,minimum_volume_of_AABB,minimum_bb_volume,2.0,0.0,0.22138805496611944,0.010087113549917532,2.0,0.0,0.22138805496611944,0.010087113549917532,238.39650654792786,1.7386467629714195,5
engine,cylinder,fixed_CA,bottom_top,minimum_volume_of_AABB,waste_overlap_distance,2.0,0.0,0.22389467475732863,0.013776305643741478,2.0,0.0,0.22389467475732863,0.013776305643741478,330.05273246765137,7.805280775673619,5
liu,cube,BLF,bottom_left_filling,None,height_only,9.4,0.8944271909999157,0.2115730862161517,0.021564836050384985,9.4,0.8944271909999157,0.2115730862161517,0.021564836050384985,87.35369720458985,7.535948833253345,5
liu,cube,fixed_CA,all,maximum_connected_space,maximum_connected_space,9.6,0.5477225575051662,0.20365985010421445,0.007594512974855763,9.6,0.5477225575051662,0.20365985010421445,0.007594512974855763,108.08379802703857,4.016544335942492,5
liu,cube,fixed_CA,all,maximum_connected_space,minimum_bb_volume,10.0,0.0,0.19586582518657708,0.0032644967334067646,10.0,0.0,0.19586582518657708,0.0032644967334067646,113.53861217498779,4.568629896213055,5
liu,cube,fixed_CA,all,maximum_connected_space,waste_overlap_distance,9.6,0.547722557505166,0.204092439437062,0.008449639384743272,9.6,0.547722557505166,0.204092439437062,0.008449639384743272,105.60311560630798,2.1407556586828433,5
liu,cube,fixed_CA,all,minimum_length_of_edges_of_AABB,maximum_connected_space,9.6,0.5477225575051662,0.20254267927527975,0.008896338400893482,9.6,0.5477225575051662,0.20254267927527975,0.008896338400893482,108.23502044677734,5.374018399829617,5
liu,cube,fixed_CA,all,minimum_length_of_edges_of_AABB,minimum_bb_volume,10.0,0.0,0.1947486543576424,0.0032182301573142388,10.0,0.0,0.1947486543576424,0.0032182301573142388,113.05152025222779,3.669292723421988,5
liu,cube,fixed_CA,all,minimum_length_of_edges_of_AABB,waste_overlap_distance,9.6,0.547722557505166,0.2042981074894079,0.00861036832910918,9.6,0.547722557505166,0.2042981074894079,0.00861036832910918,105.57041983604431,1.762084161247443,5
liu,cube,fixed_CA,all,minimum_volume_of_AABB,maximum_connected_space,9.6,0.5477225575051662,0.20365985010421445,0.007594512974855763,9.6,0.5477225575051662,0.20365985010421445,0.007594512974855763,108.00401120185852,3.8609620675806893,5
liu,cube,fixed_CA,all,minimum_volume_of_AABB,minimum_bb_volume,10.0,0.0,0.19586582518657708,0.0032644967334067632,10.0,0.0,0.19586582518657708,0.0032644967334067632,113.38007907867431,2.869651871442468,5
liu,cube,fixed_CA,all,minimum_volume_of_AABB,waste_overlap_distance,9.6,0.547722557505166,0.204092439437062,0.008449639384743272,9.6,0.547722557505166,0.204092439437062,0.008449639384743272,105.87684640884399,1.3959359028477891,5
liu,cube,fixed_CA,bottom,maximum_connected_space,maximum_connected_space,10.0,0.0,0.19732363002009445,0.0028725385288665044,10.0,0.0,0.19732363002009445,0.0028725385288665044,103.0237877368927,4.862934897188595,5
liu,cube,fixed_CA,bottom,maximum_connected_space,minimum_bb_volume,9.8,0.44721359549995815,0.19833574524985093,0.007457827568812851,9.8,0.44721359549995815,0.19833574524985093,0.007457827568812851,104.88924975395203,6.025274859874231,5
liu,cube,fixed_CA,bottom,maximum_connected_space,waste_overlap_distance,9.6,0.5477225575051661,0.2004718281356613,0.00885562679722659,9.6,0.5477225575051661,0.2004718281356613,0.00885562679722659,99.63122110366821,5.0868255406693885,5
liu,cube,fixed_CA,bottom,minimum_length_of_edges_of_AABB,maximum_connected_space,10.0,0.0,0.19732363002009445,0.0028725385288665044,10.0,0.0,0.19732363002009445,0.0028725385288665044,103.69788889884948,4.708028898268151,5
liu,cube,fixed_CA,bottom,minimum_length_of_edges_of_AABB,minimum_bb_volume,9.8,0.44721359549995815,0.19833574524985093,0.007457827568812851,9.8,0.44721359549995815,0.19833574524985093,0.007457827568812851,104.68974452018738,6.1784161465498455,5
liu,cube,fixed_CA,bottom,minimum_length_of_edges_of_AABB,waste_overlap_distance,9.6,0.5477225575051661,0.2004718281356613,0.00885562679722659,9.6,0.5477225575051661,0.2004718281356613,0.00885562679722659,99.67059569358825,5.180175293644819,5
liu,cube,fixed_CA,bottom,minimum_volume_of_AABB,maximum_connected_space,10.0,0.0,0.19732363002009445,0.0028725385288665044,10.0,0.0,0.19732363002009445,0.0028725385288665044,103.22809844017029,5.067212674112407,5
liu,cube,fixed_CA,bottom,minimum_volume_of_AABB,minimum_bb_volume,9.8,0.44721359549995815,0.19833574524985093,0.007457827568812851,9.8,0.44721359549995815,0.19833574524985093,0.007457827568812851,105.69274201393128,5.7048054453726635,5
liu,cube,fixed_CA,bottom,minimum_volume_of_AABB,waste_overlap_distance,9.6,0.5477225575051661,0.2004718281356613,0.00885562679722659,9.6,0.5477225575051661,0.2004718281356613,0.00885562679722659,100.22802228927613,4.80223568744547,5
liu,cube,fixed_CA,bottom_top,maximum_connected_space,maximum_connected_space,9.2,0.44721359549995787,0.211134335176484,0.007820878047870738,9.2,0.44721359549995787,0.211134335176484,0.007820878047870738,100.50546946525574,3.6917691211488073,5
liu,cube,fixed_CA,bottom_top,maximum_connected_space,minimum_bb_volume,9.8,0.44721359549995815,0.19945291607878562,0.006706322228217584,9.8,0.44721359549995815,0.19945291607878562,0.006706322228217584,106.92444458007813,6.9527836320157075,5
liu,cube,fixed_CA,bottom_top,maximum_connected_space,waste_overlap_distance,9.6,0.5477225575051661,0.20158899896459598,0.007862046046275932,9.6,0.5477225575051661,0.20158899896459598,0.007862046046275932,101.87948513031006,5.497193122614308,5
liu,cube,fixed_CA,bottom_top,minimum_length_of_edges_of_AABB,maximum_connected_space,9.4,0.547722557505166,0.20938146554582918,0.01008541764168458,9.4,0.547722557505166,0.20938146554582918,0.01008541764168458,99.94799389839173,2.5684794847165113,5
liu,cube,fixed_CA,bottom_top,minimum_length_of_edges_of_AABB,minimum_bb_volume,9.8,0.44721359549995815,0.19945291607878562,0.006706322228217584,9.8,0.44721359549995815,0.19945291607878562,0.006706322228217584,105.02139263153076,4.391763370685429,5
liu,cube,fixed_CA,bottom_top,minimum_length_of_edges_of_AABB,waste_overlap_distance,9.6,0.5477225575051661,0.20158899896459598,0.007862046046275932,9.6,0.5477225575051661,0.20158899896459598,0.007862046046275932,101.74850654602051,4.862246466837777,5
liu,cube,fixed_CA,bottom_top,minimum_volume_of_AABB,maximum_connected_space,9.2,0.44721359549995787,0.21269977576132285,0.008069768673288742,9.2,0.44721359549995787,0.21269977576132285,0.008069768673288742,99.41230506896973,2.3227990426368383,5
liu,cube,fixed_CA,bottom_top,minimum_volume_of_AABB,minimum_bb_volume,9.8,0.44721359549995815,0.19945291607878562,0.006706322228217584,9.8,0.44721359549995815,0.19945291607878562,0.006706322228217584,105.98537549972534,5.809895018811892,5
liu,cube,fixed_CA,bottom_top,minimum_volume_of_AABB,waste_overlap_distance,9.6,0.5477225575051661,0.20158899896459598,0.007862046046275932,9.6,0.5477225575051661,0.20158899896459598,0.007862046046275932,101.5658627986908,4.679119596129864,5
liu,cylinder,BLF,bottom_left_filling,None,height_only,5.4,0.5477225575051661,0.17623117444577852,0.014797677815395692,5.4,0.5477225575051661,0.17623117444577852,0.014797677815395692,393.7534539222717,33.10540633294793,5
liu,cylinder,fixed_CA,all,maximum_connected_space,maximum_connected_space,6.0,0.0,0.15451758006162208,0.0062605241313906405,6.0,0.0,0.15451758006162208,0.0062605241313906405,509.0299011230469,12.215556281427304,5
liu,cylinder,fixed_CA,all,maximum_connected_space,minimum_bb_volume,5.8,0.44721359549995787,0.16432764883149834,0.008160179271318884,5.8,0.44721359549995787,0.16432764883149834,0.008160179271318884,485.7694931983948,9.956062133007086,5
liu,cylinder,fixed_CA,all,maximum_connected_space,waste_overlap_distance,5.6,0.547722557505166,0.1660441526198101,0.01087960068749891,5.6,0.547722557505166,0.1660441526198101,0.01087960068749891,490.2118587970734,10.790319809117456,5
liu,cylinder,fixed_CA,all,minimum_length_of_edges_of_AABB,maximum_connected_space,5.6,0.5477225575051662,0.16487124920067425,0.01219761198449993,5.6,0.5477225575051662,0.16487124920067425,0.01219761198449993,499.6134496212006,22.489401151869416,5
liu,cylinder,fixed_CA,all,minimum_length_of_edges_of_AABB,minimum_bb_volume,5.6,0.547722557505166,0.165476646392081,0.013867361695884487,5.6,0.547722557505166,0.165476646392081,0.013867361695884487,486.1332051753998,24.528118910569415,5
liu,cylinder,fixed_CA,all,minimum_length_of_edges_of_AABB,waste_overlap_distance,5.8,0.44721359549995787,0.16072813623856813,0.009957220672588946,5.8,0.44721359549995787,0.16072813623856813,0.009957220672588946,498.1153160572052,12.263712456968468,5
liu,cylinder,fixed_CA,all,minimum_volume_of_AABB,maximum_connected_space,5.8,0.44721359549995787,0.16331720831084456,0.008340820208500166,5.8,0.44721359549995787,0.16331720831084456,0.008340820208500166,485.38014407157897,10.566611907404901,5
liu,cylinder,fixed_CA,all,minimum_volume_of_AABB,minimum_bb_volume,5.4,0.5477225575051661,0.17097941395294672,0.013294902111272247,5.4,0.5477225575051661,0.17097941395294672,0.013294902111272247,472.2229372501373,17.568065870410845,5
liu,cylinder,fixed_CA,all,minimum_volume_of_AABB,waste_overlap_distance,5.4,0.5477225575051661,0.17097941395294672,0.013294902111272247,5.4,0.5477225575051661,0.17097941395294672,0.013294902111272247,479.1488574028015,21.72500515632411,5
liu,cylinder,fixed_CA,bottom,maximum_connected_space,maximum_connected_space,5.0,0.0,0.19762927908800237,0.009987161296217581,5.0,0.0,0.19762927908800237,0.009987161296217581,392.75858182907103,17.661820785002163,5
liu,cylinder,fixed_CA,bottom,maximum_connected_space,minimum_bb_volume,5.0,0.0,0.18800110117345692,0.009409614632415257,5.0,0.0,0.18800110117345692,0.009409614632415257,399.43902649879453,19.131752185485915,5
liu,cylinder,fixed_CA,bottom,maximum_connected_space,waste_overlap_distance,5.0,0.0,0.19506922666470622,0.008027119915929996,5.0,0.0,0.19506922666470622,0.008027119915929996,389.1988782405853,7.85539520414097,5
liu,cylinder,fixed_CA,bottom,minimum_length_of_edges_of_AABB,maximum_connected_space,5.0,0.0,0.19762927908800237,0.009987161296217581,5.0,0.0,0.19762927908800237,0.009987161296217581,390.64265089035035,17.40809288634316,5
liu,cylinder,fixed_CA,bottom,minimum_length_of_edges_of_AABB,minimum_bb_volume,4.8,0.4472135954999579,0.1982662795042487,0.017886648290722455,4.8,0.4472135954999579,0.1982662795042487,0.017886648290722455,390.87569479942323,21.70890647773969,5
liu,cylinder,fixed_CA,bottom,minimum_length_of_edges_of_AABB,waste_overlap_distance,4.8,0.4472135954999579,0.203386384350841,0.01368896823579638,4.8,0.4472135954999579,0.203386384350841,0.01368896823579638,381.97876048088074,10.860056206783721,5
liu,cylinder,fixed_CA,bottom,minimum_volume_of_AABB,maximum_connected_space,4.8,0.44721359549995787,0.19875927113529337,0.01963756282378451,4.8,0.44721359549995787,0.19875927113529337,0.01963756282378451,397.4689726829529,11.690987927977405,5
liu,cylinder,fixed_CA,bottom,minimum_volume_of_AABB,minimum_bb_volume,4.8,0.44721359549995787,0.19926612929081505,0.01576856635391064,4.8,0.44721359549995787,0.19926612929081505,0.01576856635391064,388.64070506095885,21.67618307100402,5
liu,cylinder,fixed_CA,bottom,minimum_volume_of_AABB,waste_overlap_distance,5.0,0.0,0.19183288657436068,0.01011150899170164,5.0,0.0,0.19183288657436068,0.01011150899170164,397.0639255523682,21.968407192655643,5
liu,cylinder,fixed_CA,bottom_top,maximum_connected_space,maximum_connected_space,5.0,0.0,0.19878090469218718,0.008254535535938091,5.0,0.0,0.19878090469218718,0.008254535535938091,412.57973170280457,8.29005024535658,5
liu,cylinder,fixed_CA,bottom_top,maximum_connected_space,minimum_bb_volume,5.0,0.0,0.19157586302071994,0.011927526139242542,5.0,0.0,0.19157586302071994,0.011927526139242542,416.61253356933594,20.40566814133565,5
liu,cylinder,fixed_CA,bottom_top,maximum_connected_space,waste_overlap_distance,4.8,0.4472135954999579,0.20376896998769345,0.013995126131039497,4.8,0.4472135954999579,0.20376896998769345,0.013995126131039497,400.14164900779724,10.948059718464298,5
liu,cylinder,fixed_CA,bottom_top,minimum_length_of_edges_of_AABB,maximum_connected_space,5.0,0.0,0.19446128591840872,0.010080207450022409,5.0,0.0,0.19446128591840872,0.010080207450022409,420.7648157119751,19.040581134807226,5
liu,cylinder,fixed_CA,bottom_top,minimum_length_of_edges_of_AABB,minimum_bb_volume,5.0,0.0,0.18751326780058222,0.009827235680154821,5.0,0.0,0.18751326780058222,0.009827235680154821,429.2280975818634,21.941428909032464,5
liu,cylinder,fixed_CA,bottom_top,minimum_length_of_edges_of_AABB,waste_overlap_distance,5.0,0.0,0.19074960789092774,0.010954797533242298,5.0,0.0,0.19074960789092774,0.010954797533242298,425.2289485454559,21.528786429784688,5
liu,cylinder,fixed_CA,bottom_top,minimum_volume_of_AABB,maximum_connected_space,5.0,0.0,0.19145575564729714,0.0030979681891218983,5.0,0.0,0.19145575564729714,0.0030979681891218983,421.247890329361,6.5468849825272155,5
liu,cylinder,fixed_CA,bottom_top,minimum_volume_of_AABB,minimum_bb_volume,4.6,0.5477225575051663,0.20551637441050782,0.020808142714726592,4.6,0.5477225575051663,0.20551637441050782,0.020808142714726592,402.74306616783144,19.904929154377733,5
liu,cylinder,fixed_CA,bottom_top,minimum_volume_of_AABB,waste_overlap_distance,5.0,0.0,0.18924684275537196,0.008955466371905217,5.0,0.0,0.18924684275537196,0.008955466371905217,412.1423485279083,12.609182581410838,5
shapesnew,cube,BLF,bottom_left_filling,None,height_only,11.0,0.7071067811865475,0.2101641414141414,0.012798231994752652,11.0,0.7071067811865475,0.2101641414141414,0.012798231994752652,2.4923556327819822,0.032627144576186456,5
shapesnew,cube,fixed_CA,all,maximum_connected_space,maximum_connected_space,11.0,0.0,0.20974609375000003,0.0003744197170445417,11.0,0.0,0.20974609375000003,0.0003744197170445417,2.6893588066101075,0.055342270379198685,5
shapesnew,cube,fixed_CA,all,maximum_connected_space,minimum_bb_volume,11.0,0.0,0.21193359374999998,0.0031138411608337257,11.0,0.0,0.21193359374999998,0.0031138411608337257,2.6563767910003664,0.05550523842914858,5
shapesnew,cube,fixed_CA,all,maximum_connected_space,waste_overlap_distance,11.0,0.0,0.21193359374999998,0.0031138411608337257,11.0,0.0,0.21193359374999998,0.0031138411608337257,2.6447998046875,0.06617141358967292,5
shapesnew,cube,fixed_CA,all,minimum_length_of_edges_of_AABB,maximum_connected_space,10.6,0.5477225575051662,0.21671006944444446,0.00934623103108255,10.6,0.5477225575051662,0.21671006944444446,0.00934623103108255,2.659762477874756,0.03122129562177257,5
shapesnew,cube,fixed_CA,all,minimum_length_of_edges_of_AABB,minimum_bb_volume,10.6,0.5477225575051661,0.21918619791666666,0.008909772738489181,10.6,0.5477225575051661,0.21918619791666666,0.008909772738489181,2.6408806800842286,0.07637054907640381,5
shapesnew,cube,fixed_CA,all,minimum_length_of_edges_of_AABB,waste_overlap_distance,10.8,0.44721359549995815,0.21666449652777775,0.007188867181964316,10.8,0.44721359549995815,0.21666449652777775,0.007188867181964316,2.647720384597778,0.044107824413236005,5
shapesnew,cube,fixed_CA,all,minimum_volume_of_AABB,maximum_connected_space,11.0,0.0,0.21105468749999998,0.002794231849438756,11.0,0.0,0.21105468749999998,0.002794231849438756,2.678770637512207,0.04048591003188134,5
shapesnew,cube,fixed_CA,all,minimum_volume_of_AABB,minimum_bb_volume,10.8,0.44721359549995815,0.21461371527777776,0.008147337693389902,10.8,0.44721359549995815,0.21461371527777776,0.008147337693389902,2.641142797470093,0.0614066365151521,5
shapesnew,cube,fixed_CA,all,minimum_volume_of_AABB,waste_overlap_distance,10.8,0.44721359549995815,0.21461371527777776,0.008147337693389902,10.8,0.44721359549995815,0.21461371527777776,0.008147337693389902,2.674794006347656,0.0650269689151046,5
shapesnew,cube,fixed_CA,bottom,maximum_connected_space,maximum_connected_space,10.8,0.8366600265340756,0.21588798137626264,0.0137862192954067,10.8,0.8366600265340756,0.21588798137626264,0.0137862192954067,2.548527145385742,0.04831527716385764,5
shapesnew,cube,fixed_CA,bottom,maximum_connected_space,minimum_bb_volume,10.8,0.44721359549995804,0.21730468749999998,0.007834867881727244,10.8,0.44721359549995804,0.21730468749999998,0.007834867881727244,2.5508496284484865,0.07096415463785118,5
shapesnew,cube,fixed_CA,bottom,maximum_connected_space,waste_overlap_distance,10.8,0.44721359549995804,0.21730468749999998,0.007834867881727244,10.8,0.44721359549995804,0.21730468749999998,0.007834867881727244,2.5590200901031492,0.06991962862367782,5
shapesnew,cube,fixed_CA,bottom,minimum_length_of_edges_of_AABB,maximum_connected_space,10.6,0.8944271909999159,0.21834023832070706,0.013640333661671635,10.6,0.8944271909999159,0.21834023832070706,0.013640333661671635,2.5467537879943847,0.04230113396927237,5
shapesnew,cube,fixed_CA,bottom,minimum_length_of_edges_of_AABB,minimum_bb_volume,10.8,0.44721359549995804,0.21730468749999998,0.007834867881727244,10.8,0.44721359549995804,0.21730468749999998,0.007834867881727244,2.5375865936279296,0.06027999932148316,5
shapesnew,cube,fixed_CA,bottom,minimum_length_of_edges_of_AABB,waste_overlap_distance,10.8,0.44721359549995804,0.21730468749999998,0.007834867881727244,10.8,0.44721359549995804,0.21730468749999998,0.007834867881727244,2.539434862136841,0.061634714572402445,5
shapesnew,cube,fixed_CA,bottom,minimum_volume_of_AABB,maximum_connected_space,10.6,0.8944271909999159,0.21834023832070706,0.013640333661671635,10.6,0.8944271909999159,0.21834023832070706,0.013640333661671635,2.5399513244628906,0.051653402507811204,5
shapesnew,cube,fixed_CA,bottom,minimum_volume_of_AABB,minimum_bb_volume,10.8,0.44721359549995804,0.21730468749999998,0.007834867881727244,10.8,0.44721359549995804,0.21730468749999998,0.007834867881727244,2.5452647686004637,0.0748807314224322,5
shapesnew,cube,fixed_CA,bottom,minimum_volume_of_AABB,waste_overlap_distance,10.8,0.44721359549995804,0.21730468749999998,0.007834867881727244,10.8,0.44721359549995804,0.21730468749999998,0.007834867881727244,2.5545631408691407,0.06072509487308903,5
shapesnew,cube,fixed_CA,bottom_top,maximum_connected_space,maximum_connected_space,11.0,0.7071067811865476,0.2129973563762626,0.011245869070760691,11.0,0.7071067811865476,0.2129973563762626,0.011245869070760691,2.6328173637390138,0.061478605279677294,5
shapesnew,cube,fixed_CA,bottom_top,maximum_connected_space,minimum_bb_volume,10.8,0.44721359549995804,0.21617621527777775,0.0055330105140546145,10.8,0.44721359549995804,0.21617621527777775,0.0055330105140546145,2.5940547466278074,0.058146550087642,5
shapesnew,cube,fixed_CA,bottom_top,maximum_connected_space,waste_overlap_distance,10.8,0.44721359549995804,0.21617621527777775,0.0055330105140546145,10.8,0.44721359549995804,0.21617621527777775,0.0055330105140546145,2.579295015335083,0.05732566579216427,5
shapesnew,cube,fixed_CA,bottom_top,minimum_length_of_edges_of_AABB,maximum_connected_space,10.6,0.8944271909999159,0.2178845091540404,0.013126820193550657,10.6,0.8944271909999159,0.2178845091540404,0.013126820193550657,2.5812533378601072,0.07575376298146505,5
shapesnew,cube,fixed_CA,bottom_top,minimum_length_of_edges_of_AABB,minimum_bb_volume,10.4,0.5477225575051662,0.22080729166666666,0.008314339219258036,10.4,0.5477225575051662,0.22080729166666666,0.008314339219258036,2.584711790084839,0.06472332885606097,5
shapesnew,cube,fixed_CA,bottom_top,minimum_length_of_edges_of_AABB,waste_overlap_distance,10.4,0.5477225575051662,0.22080729166666666,0.008314339219258036,10.4,0.5477225575051662,0.22080729166666666,0.008314339219258036,2.5866787910461424,0.07406357839386664,5
shapesnew,cube,fixed_CA,bottom_top,minimum_volume_of_AABB,maximum_connected_space,10.6,0.8944271909999159,0.21834023832070706,0.013640333661671635,10.6,0.8944271909999159,0.21834023832070706,0.013640333661671635,2.60895094871521,0.054142125815744166,5
shapesnew,cube,fixed_CA,bottom_top,minimum_volume_of_AABB,minimum_bb_volume,10.6,0.5477225575051662,0.21874131944444444,0.008189929213882055,10.6,0.5477225575051662,0.21874131944444444,0.008189929213882055,2.5657684326171877,0.06434277365208252,5
shapesnew,cube,fixed_CA,bottom_top,minimum_volume_of_AABB,waste_overlap_distance,10.6,0.5477225575051662,0.21874131944444444,0.008189929213882055,10.6,0.5477225575051662,0.21874131944444444,0.008189929213882055,2.566042184829712,0.041424095478971405,5
shapesnew,cylinder,BLF,bottom_left_filling,None,height_only,9.2,0.44721359549995776,0.1880375007287596,0.006842791378815431,9.2,0.44721359549995776,0.1880375007287596,0.006842791378815431,10.475748443603516,0.079442821844981,5
shapesnew,cylinder,fixed_CA,all,maximum_connected_space,maximum_connected_space,9.6,0.5477225575051661,0.18600794068272214,0.009442812313490348,9.6,0.5477225575051661,0.18600794068272214,0.009442812313490348,10.795513725280761,0.13470942412099782,5
shapesnew,cylinder,fixed_CA,all,maximum_connected_space,minimum_bb_volume,10.0,0.7071067811865477,0.17947457238818113,0.010987891112537172,10.0,0.7071067811865477,0.17947457238818113,0.010987891112537172,10.798037242889404,0.12866140140447235,5
shapesnew,cylinder,fixed_CA,all,maximum_connected_space,waste_overlap_distance,10.2,0.44721359549995804,0.17344158139767335,0.006213446097530326,10.2,0.44721359549995804,0.17344158139767335,0.006213446097530326,10.80109724998474,0.0856581099503921,5
shapesnew,cylinder,fixed_CA,all,minimum_length_of_edges_of_AABB,maximum_connected_space,9.6,0.8944271909999159,0.1826212154839482,0.013860773392614564,9.6,0.8944271909999159,0.1826212154839482,0.013860773392614564,10.855455923080445,0.18982381487869923,5
shapesnew,cylinder,fixed_CA,all,minimum_length_of_edges_of_AABB,minimum_bb_volume,9.6,0.5477225575051661,0.18308116659194246,0.008951429886844817,9.6,0.5477225575051661,0.18308116659194246,0.008951429886844817,10.83744020462036,0.20030497508863493,5
shapesnew,cylinder,fixed_CA,all,minimum_length_of_edges_of_AABB,waste_overlap_distance,10.0,0.7071067811865476,0.17715419123798584,0.009807971232287414,10.0,0.7071067811865476,0.17715419123798584,0.009807971232287414,10.782858848571777,0.1534715182296616,5
shapesnew,cylinder,fixed_CA,all,minimum_volume_of_AABB,maximum_connected_space,10.2,0.8366600265340758,0.17476657059846043,0.011512820844143899,10.2,0.8366600265340758,0.17476657059846043,0.011512820844143899,10.974027395248413,0.35433275275262427,5
shapesnew,cylinder,fixed_CA,all,minimum_volume_of_AABB,minimum_bb_volume,10.2,0.44721359549995804,0.17616416194723583,0.007699952411014221,10.2,0.44721359549995804,0.17616416194723583,0.007699952411014221,10.8844304561615,0.08967153366232838,5
shapesnew,cylinder,fixed_CA,all,minimum_volume_of_AABB,waste_overlap_distance,10.2,0.44721359549995804,0.17245155210692337,0.00577501646321924,10.2,0.44721359549995804,0.17245155210692337,0.00577501646321924,10.823002529144286,0.042199105102926335,5
shapesnew,cylinder,fixed_CA,bottom,maximum_connected_space,maximum_connected_space,8.8,0.44721359549995815,0.20411663715620815,0.006599822128965725,8.8,0.44721359549995815,0.20411663715620815,0.006599822128965725,10.530781555175782,0.03469554943880496,5
shapesnew,cylinder,fixed_CA,bottom,maximum_connected_space,minimum_bb_volume,8.8,0.44721359549995804,0.2029392094639948,0.006551182070672731,8.8,0.44721359549995804,0.2029392094639948,0.006551182070672731,10.468717765808105,0.0904747548352611,5
shapesnew,cylinder,fixed_CA,bottom,maximum_connected_space,waste_overlap_distance,9.0,0.0,0.20157615127976575,0.0034060792625642804,9.0,0.0,0.20157615127976575,0.0034060792625642804,10.465761089324952,0.06392108013031772,5
shapesnew,cylinder,fixed_CA,bottom,minimum_length_of_edges_of_AABB,maximum_connected_space,9.0,0.0,0.20228154714942512,0.0035830772443932197,9.0,0.0,0.20228154714942512,0.0035830772443932197,10.565449953079224,0.06128751640196978,5
shapesnew,cylinder,fixed_CA,bottom,minimum_length_of_edges_of_AABB,minimum_bb_volume,9.0,0.0,0.20103782285292046,0.0033413488562812265,9.0,0.0,0.20103782285292046,0.0033413488562812265,10.52382984161377,0.09526734572679635,5
shapesnew,cylinder,fixed_CA,bottom,minimum_length_of_edges_of_AABB,waste_overlap_distance,9.0,0.0,0.20157615127976575,0.0034060792625642804,9.0,0.0,0.20157615127976575,0.0034060792625642804,10.46393904685974,0.08661498492202317,5
shapesnew,cylinder,fixed_CA,bottom,minimum_volume_of_AABB,maximum_connected_space,8.8,0.44721359549995815,0.2044613794985229,0.006477998582342292,8.8,0.44721359549995815,0.2044613794985229,0.006477998582342292,10.55149736404419,0.12371386393913383,5
shapesnew,cylinder,fixed_CA,bottom,minimum_volume_of_AABB,minimum_bb_volume,8.8,0.44721359549995815,0.2036260422844526,0.006825997023581311,8.8,0.44721359549995815,0.2036260422844526,0.006825997023581311,10.50523419380188,0.07266998200404028,5
shapesnew,cylinder,fixed_CA,bottom,minimum_volume_of_AABB,waste_overlap_distance,8.8,0.44721359549995815,0.2033661595956307,0.006770494094484268,8.8,0.44721359549995815,0.2033661595956307,0.006770494094484268,10.514601612091065,0.07869593637173533,5
shapesnew,cylinder,fixed_CA,bottom_top,maximum_connected_space,maximum_connected_space,8.8,0.44721359549995804,0.20004337378855103,0.008530917619677445,8.8,0.44721359549995804,0.20004337378855103,0.008530917619677445,10.705454206466674,0.07488620937735782,5
shapesnew,cylinder,fixed_CA,bottom_top,maximum_connected_space,minimum_bb_volume,8.0,0.0,0.21819538404350736,0.005928799719227807,8.0,0.0,0.21819538404350736,0.005928799719227807,10.55333309173584,0.08923485673824748,5
shapesnew,cylinder,fixed_CA,bottom_top,maximum_connected_space,waste_overlap_distance,8.2,0.44721359549995804,0.21937015987154912,0.011633509296359168,8.2,0.44721359549995804,0.21937015987154912,0.011633509296359168,10.509117078781127,0.1066588462463796,5
shapesnew,cylinder,fixed_CA,bottom_top,minimum_length_of_edges_of_AABB,maximum_connected_space,8.8,0.44721359549995815,0.20362604228445255,0.0075281736921371046,8.8,0.44721359549995815,0.20362604228445255,0.0075281736921371046,10.65338749885559,0.07094757610123556,5
shapesnew,cylinder,fixed_CA,bottom_top,minimum_length_of_edges_of_AABB,minimum_bb_volume,8.6,0.5477225575051662,0.20787698055161036,0.013099556090919982,8.6,0.5477225575051662,0.20787698055161036,0.013099556090919982,10.612771844863891,0.13980642806267446,5
shapesnew,cylinder,fixed_CA,bottom_top,minimum_length_of_edges_of_AABB,waste_overlap_distance,8.4,0.5477225575051662,0.212859833330144,0.010692269807411822,8.4,0.5477225575051662,0.212859833330144,0.010692269807411822,10.530978155136108,0.06656273318647975,5
shapesnew,cylinder,fixed_CA,bottom_top,minimum_volume_of_AABB,maximum_connected_space,8.6,0.5477225575051662,0.20282517930461372,0.010422473114659318,8.6,0.5477225575051662,0.20282517930461372,0.010422473114659318,10.606231260299683,0.14478369943470135,5
shapesnew,cylinder,fixed_CA,bottom_top,minimum_volume_of_AABB,minimum_bb_volume,8.8,0.44721359549995787,0.20178830041349788,0.005680258081171311,8.8,0.44721359549995787,0.20178830041349788,0.005680258081171311,10.595636558532714,0.07394975857678218,5
shapesnew,cylinder,fixed_CA,bottom_top,minimum_volume_of_AABB,waste_overlap_distance,8.6,0.5477225575051662,0.2043791717092017,0.00695288620450649,8.6,0.5477225575051662,0.2043791717092017,0.00695288620450649,10.656731176376343,0.13996939868664127,5
st04_Example2_normal,cube,BLF,bottom_left_filling,None,height_only,2.0,0.0,0.1810448665429491,0.013025836052121986,2.0,0.0,0.1810448665429491,0.013025836052121986,51.97878956794739,2.987458982120792,5
st04_Example2_normal,cube,fixed_CA,all,maximum_connected_space,maximum_connected_space,2.0,0.0,0.1747179954790437,0.015519710067464011,2.0,0.0,0.1747179954790437,0.015519710067464011,101.12329616546631,4.08341207004662,5
st04_Example2_normal,cube,fixed_CA,all,maximum_connected_space,minimum_bb_volume,2.0,0.0,0.17267610013227253,0.01800381750023249,2.0,0.0,0.17267610013227253,0.01800381750023249,102.020827293396,2.891978564060829,5
st04_Example2_normal,cube,fixed_CA,all,maximum_connected_space,waste_overlap_distance,2.0,0.0,0.17773503050164846,0.019186034709406875,2.0,0.0,0.17773503050164846,0.019186034709406875,110.03176956176758,3.6726105000644758,5
st04_Example2_normal,cube,fixed_CA,all,minimum_length_of_edges_of_AABB,maximum_connected_space,2.0,0.0,0.17782183434347423,0.01642723968531117,2.0,0.0,0.17782183434347423,0.01642723968531117,104.77847599983215,4.043640444135366,5
st04_Example2_normal,cube,fixed_CA,all,minimum_length_of_edges_of_AABB,minimum_bb_volume,2.0,0.0,0.17795885732335698,0.013808899748132888,2.0,0.0,0.17795885732335698,0.013808899748132888,100.57079463005066,4.53852774418783,5
st04_Example2_normal,cube,fixed_CA,all,minimum_length_of_edges_of_AABB,waste_overlap_distance,2.0,0.0,0.17247503849722623,0.008517835288912977,2.0,0.0,0.17247503849722623,0.008517835288912977,112.40668072700501,6.183782102063296,5
st04_Example2_normal,cube,fixed_CA,all,minimum_volume_of_AABB,maximum_connected_space,2.0,0.0,0.1862856716285314,0.01181429034492757,2.0,0.0,0.1862856716285314,0.01181429034492757,98.61223392486572,5.9445259630134775,5
st04_Example2_normal,cube,fixed_CA,all,minimum_volume_of_AABB,minimum_bb_volume,2.0,0.0,0.18210168943596627,0.010976154929331603,2.0,0.0,0.18210168943596627,0.010976154929331603,101.27928504943847,3.6980643141190366,5
st04_Example2_normal,cube,fixed_CA,all,minimum_volume_of_AABB,waste_overlap_distance,1.8,0.4472135954999579,0.18376786666140207,0.020779047413434896,1.8,0.4472135954999579,0.18376786666140207,0.020779047413434896,111.71652026176453,6.384221168328373,5
st04_Example2_normal,cube,fixed_CA,bottom,maximum_connected_space,maximum_connected_space,2.0,0.0,0.19200590290802125,0.006721629917704137,2.0,0.0,0.19200590290802125,0.006721629917704137,71.38974332809448,1.276525887462308,5
st04_Example2_normal,cube,fixed_CA,bottom,maximum_connected_space,minimum_bb_volume,2.0,0.0,0.19276165774978776,0.0064590798074182065,2.0,0.0,0.19276165774978776,0.0064590798074182065,72.93187718391418,1.71041621154426,5
st04_Example2_normal,cube,fixed_CA,bottom,maximum_connected_space,waste_overlap_distance,2.0,0.0,0.19478023266144157,0.009014642494052047,2.0,0.0,0.19478023266144157,0.009014642494052047,84.4565924167633,3.8675246674945316,5
st04_Example2_normal,cube,fixed_CA,bottom,minimum_length_of_edges_of_AABB,maximum_connected_space,2.0,0.0,0.19200590290802125,0.006721629917704137,2.0,0.0,0.19200590290802125,0.006721629917704137,71.36726784706116,1.2697866012904682,5
st04_Example2_normal,cube,fixed_CA,bottom,minimum_length_of_edges_of_AABB,minimum_bb_volume,2.0,0.0,0.19164400430379247,0.008105093318553271,2.0,0.0,0.19164400430379247,0.008105093318553271,72.9983892917633,1.6711078586105519,5
st04_Example2_normal,cube,fixed_CA,bottom,minimum_length_of_edges_of_AABB,waste_overlap_distance,2.0,0.0,0.19701553955343218,0.006685057868255244,2.0,0.0,0.19701553955343218,0.006685057868255244,79.82760963439941,4.155410839542044,5
st04_Example2_normal,cube,fixed_CA,bottom,minimum_volume_of_AABB,maximum_connected_space,1.8,0.4472135954999579,0.19161328055593946,0.013915066368828822,1.8,0.4472135954999579,0.19161328055593946,0.013915066368828822,75.482008934021,5.286916562832162,5
st04_Example2_normal,cube,fixed_CA,bottom,minimum_volume_of_AABB,minimum_bb_volume,2.0,0.0,0.19218241022249422,0.008802937123462681,2.0,0.0,0.19218241022249422,0.008802937123462681,70.512566280365,3.774350893934253,5
st04_Example2_normal,cube,fixed_CA,bottom,minimum_volume_of_AABB,waste_overlap_distance,2.0,0.0,0.1928177378437605,0.008936192712514723,2.0,0.0,0.1928177378437605,0.008936192712514723,80.12874612808227,3.3500189668508815,5
st04_Example2_normal,cube,fixed_CA,bottom_top,maximum_connected_space,maximum_connected_space,2.0,0.0,0.19200590290802125,0.006721629917704137,2.0,0.0,0.19200590290802125,0.006721629917704137,81.11747488975524,1.6658940133914162,5
st04_Example2_normal,cube,fixed_CA,bottom_top,maximum_connected_space,minimum_bb_volume,2.0,0.0,0.19052635085779718,0.0073838786737558185,2.0,0.0,0.19052635085779718,0.0073838786737558185,81.09194312095642,3.8525185996185916,5
st04_Example2_normal,cube,fixed_CA,bottom_top,maximum_connected_space,waste_overlap_distance,1.8,0.4472135954999579,0.2001193784178627,0.010910840533930698,1.8,0.4472135954999579,0.2001193784178627,0.010910840533930698,91.74488382339477,2.2397414075005115,5
st04_Example2_normal,cube,fixed_CA,bottom_top,minimum_length_of_edges_of_AABB,maximum_connected_space,1.8,0.4472135954999579,0.19654000009871084,0.011673684560538997,1.8,0.4472135954999579,0.19654000009871084,0.011673684560538997,83.42874093055725,1.9702742702214324,5
st04_Example2_normal,cube,fixed_CA,bottom_top,minimum_length_of_edges_of_AABB,minimum_bb_volume,2.0,0.0,0.1952014811561013,0.0055950652862713605,2.0,0.0,0.1952014811561013,0.0055950652862713605,82.26163964271545,3.623531322566728,5
st04_Example2_normal,cube,fixed_CA,bottom_top,minimum_length_of_edges_of_AABB,waste_overlap_distance,2.0,0.0,0.19533554281088977,0.00947145105605332,2.0,0.0,0.19533554281088977,0.00947145105605332,90.95839834213257,2.450494897211291,5
st04_Example2_normal,cube,fixed_CA,bottom_top,minimum_volume_of_AABB,maximum_connected_space,1.8,0.4472135954999579,0.19161328055593946,0.013915066368828822,1.8,0.4472135954999579,0.19161328055593946,0.013915066368828822,83.66089701652527,4.185692748864332,5
st04_Example2_normal,cube,fixed_CA,bottom_top,minimum_volume_of_AABB,minimum_bb_volume,2.0,0.0,0.18631028764337748,0.01829029554109044,2.0,0.0,0.18631028764337748,0.01829029554109044,81.13269991874695,3.2321235150465184,5
st04_Example2_normal,cube,fixed_CA,bottom_top,minimum_volume_of_AABB,waste_overlap_distance,1.8,0.4472135954999579,0.19960632884528065,0.010335074037508662,1.8,0.4472135954999579,0.19960632884528065,0.010335074037508662,90.42453527450562,4.458073972069835,5
st04_Example2_normal,cylinder,BLF,bottom_left_filling,None,height_only,1.2,0.4472135954999579,0.15062493676469088,0.003083913812945807,1.2,0.4472135954999579,0.15062493676469088,0.003083913812945807,428.2570136547089,5.667709203210432,5
st04_Example2_normal,cylinder,fixed_CA,all,maximum_connected_space,maximum_connected_space,1.8,0.4472135954999579,0.14623509848934663,0.0038307104846603134,1.8,0.4472135954999579,0.14623509848934663,0.0038307104846603134,570.3532785415649,9.330127491495023,5
st04_Example2_normal,cylinder,fixed_CA,all,maximum_connected_space,minimum_bb_volume,1.2,0.4472135954999579,0.15062493676469088,0.0030839138129458085,1.2,0.4472135954999579,0.15062493676469088,0.0030839138129458085,561.0552174568177,13.341914276891117,5
st04_Example2_normal,cylinder,fixed_CA,all,maximum_connected_space,waste_overlap_distance,1.6,0.5477225575051661,0.144634685285191,0.008633328132334524,1.6,0.5477225575051661,0.144634685285191,0.008633328132334524,588.8055766582489,16.46370296024557,5
st04_Example2_normal,cylinder,fixed_CA,all,minimum_length_of_edges_of_AABB,maximum_connected_space,1.4,0.5477225575051662,0.14645154047917008,0.0077239547715899975,1.4,0.5477225575051662,0.14645154047917008,0.0077239547715899975,580.1354621887207,8.085860582172801,5
st04_Example2_normal,cylinder,fixed_CA,all,minimum_length_of_edges_of_AABB,minimum_bb_volume,1.8,0.4472135954999579,0.14722605087164306,0.0034355840931974773,1.8,0.4472135954999579,0.14722605087164306,0.0034355840931974773,576.4075860977173,4.964773869436428,5
st04_Example2_normal,cylinder,fixed_CA,all,minimum_length_of_edges_of_AABB,waste_overlap_distance,1.0,0.0,0.15200410494919037,0.0,1.0,0.0,0.15200410494919037,0.0,611.2606711387634,12.627183260090604,5
st04_Example2_normal,cylinder,fixed_CA,all,minimum_volume_of_AABB,maximum_connected_space,1.2,0.4472135954999579,0.15121308959965601,0.001768764092804605,1.2,0.4472135954999579,0.15121308959965601,0.001768764092804605,577.5851253509521,7.7010902323777755,5
st04_Example2_normal,cylinder,fixed_CA,all,minimum_volume_of_AABB,minimum_bb_volume,1.4,0.5477225575051662,0.14983392141515653,0.003148284106120593,1.4,0.5477225575051662,0.14983392141515653,0.003148284106120593,571.8093369007111,9.501448277927313,5
st04_Example2_normal,cylinder,fixed_CA,all,minimum_volume_of_AABB,waste_overlap_distance,1.4,0.5477225575051662,0.14702611383888098,0.007865093862125345,1.4,0.5477225575051662,0.14702611383888098,0.007865093862125345,597.5646946907043,5.776899210627446,5
st04_Example2_normal,cylinder,fixed_CA,bottom,maximum_connected_space,maximum_connected_space,1.0,0.0,0.15200410494919037,0.0,1.0,0.0,0.15200410494919037,0.0,476.34230613708496,1.80210389692915,5
st04_Example2_normal,cylinder,fixed_CA,bottom,maximum_connected_space,minimum_bb_volume,1.0,0.0,0.15200410494919037,0.0,1.0,0.0,0.15200410494919037,0.0,473.56834650039673,4.339373279576408,5
st04_Example2_normal,cylinder,fixed_CA,bottom,maximum_connected_space,waste_overlap_distance,1.0,0.0,0.15200410494919037,0.0,1.0,0.0,0.15200410494919037,0.0,509.2661641597748,3.0711727701511826,5
st04_Example2_normal,cylinder,fixed_CA,bottom,minimum_length_of_edges_of_AABB,maximum_connected_space,1.0,0.0,0.15200410494919037,0.0,1.0,0.0,0.15200410494919037,0.0,476.48741283416746,1.2061960892885435,5
st04_Example2_normal,cylinder,fixed_CA,bottom,minimum_length_of_edges_of_AABB,minimum_bb_volume,1.0,0.0,0.15200410494919037,0.0,1.0,0.0,0.15200410494919037,0.0,474.294211769104,7.009140941026625,5
st04_Example2_normal,cylinder,fixed_CA,bottom,minimum_length_of_edges_of_AABB,waste_overlap_distance,1.0,0.0,0.15200410494919037,0.0,1.0,0.0,0.15200410494919037,0.0,509.4660381793976,2.8440142502738244,5
st04_Example2_normal,cylinder,fixed_CA,bottom,minimum_volume_of_AABB,maximum_connected_space,1.0,0.0,0.15200410494919037,0.0,1.0,0.0,0.15200410494919037,0.0,479.77181935310364,8.096316566170932,5
st04_Example2_normal,cylinder,fixed_CA,bottom,minimum_volume_of_AABB,minimum_bb_volume,1.0,0.0,0.15200410494919037,0.0,1.0,0.0,0.15200410494919037,0.0,479.9236433506012,9.00617303708419,5
st04_Example2_normal,cylinder,fixed_CA,bottom,minimum_volume_of_AABB,waste_overlap_distance,1.0,0.0,0.15200410494919037,0.0,1.0,0.0,0.15200410494919037,0.0,513.359385919571,4.569804897405614,5
st04_Example2_normal,cylinder,fixed_CA,bottom_top,maximum_connected_space,maximum_connected_space,1.0,0.0,0.15200410494919037,0.0,1.0,0.0,0.15200410494919037,0.0,509.929797744751,4.549330295989777,5
st04_Example2_normal,cylinder,fixed_CA,bottom_top,maximum_connected_space,minimum_bb_volume,1.0,0.0,0.15200410494919037,0.0,1.0,0.0,0.15200410494919037,0.0,514.4902245044708,7.233325296352622,5
st04_Example2_normal,cylinder,fixed_CA,bottom_top,maximum_connected_space,waste_overlap_distance,1.0,0.0,0.15200410494919037,0.0,1.0,0.0,0.15200410494919037,0.0,546.3546772956848,2.8375064872098736,5
st04_Example2_normal,cylinder,fixed_CA,bottom_top,minimum_length_of_edges_of_AABB,maximum_connected_space,1.0,0.0,0.15200410494919037,0.0,1.0,0.0,0.15200410494919037,0.0,512.614724445343,9.593102933125705,5
st04_Example2_normal,cylinder,fixed_CA,bottom_top,minimum_length_of_edges_of_AABB,minimum_bb_volume,1.0,0.0,0.15200410494919037,0.0,1.0,0.0,0.15200410494919037,0.0,512.8328433036804,4.2049024737835365,5
st04_Example2_normal,cylinder,fixed_CA,bottom_top,minimum_length_of_edges_of_AABB,waste_overlap_distance,1.0,0.0,0.15200410494919037,0.0,1.0,0.0,0.15200410494919037,0.0,546.7029159069061,7.517477834727536,5
st04_Example2_normal,cylinder,fixed_CA,bottom_top,minimum_volume_of_AABB,maximum_connected_space,1.0,0.0,0.15200410494919037,0.0,1.0,0.0,0.15200410494919037,0.0,517.3451711654664,8.934427100771902,5
st04_Example2_normal,cylinder,fixed_CA,bottom_top,minimum_volume_of_AABB,minimum_bb_volume,1.0,0.0,0.15200410494919037,0.0,1.0,0.0,0.15200410494919037,0.0,516.7143430709839,10.51398585372403,5
st04_Example2_normal,cylinder,fixed_CA,bottom_top,minimum_volume_of_AABB,waste_overlap_distance,1.0,0.0,0.15200410494919037,0.0,1.0,0.0,0.15200410494919037,0.0,550.0459495544434,10.611816226327564,5
st04_Example3_normal,cube,BLF,bottom_left_filling,None,height_only,2.0,0.0,0.2068483727518607,0.014123791458972787,2.0,0.0,0.2068483727518607,0.014123791458972787,82.80812740325928,2.2631540510623824,5
st04_Example3_normal,cube,fixed_CA,all,maximum_connected_space,maximum_connected_space,2.0,0.0,0.1949290392474286,0.019360474297963257,2.0,0.0,0.1949290392474286,0.019360474297963257,160.99390954971312,9.153607370674811,5
st04_Example3_normal,cube,fixed_CA,all,maximum_connected_space,minimum_bb_volume,2.0,0.0,0.19976327907527688,0.01964505948036174,2.0,0.0,0.19976327907527688,0.01964505948036174,161.9592737674713,7.689333582773921,5
st04_Example3_normal,cube,fixed_CA,all,maximum_connected_space,waste_overlap_distance,2.0,0.0,0.20317040698477878,0.01732012520724148,2.0,0.0,0.20317040698477878,0.01732012520724148,173.2219537258148,9.761846691483697,5
st04_Example3_normal,cube,fixed_CA,all,minimum_length_of_edges_of_AABB,maximum_connected_space,2.0,0.0,0.20733551072986792,0.030331404571715622,2.0,0.0,0.20733551072986792,0.030331404571715622,170.33514413833618,2.464356946642695,5
st04_Example3_normal,cube,fixed_CA,all,minimum_length_of_edges_of_AABB,minimum_bb_volume,2.0,0.0,0.19659799271514028,0.019517606556115983,2.0,0.0,0.19659799271514028,0.019517606556115983,164.71729760169984,6.639464507965115,5
st04_Example3_normal,cube,fixed_CA,all,minimum_length_of_edges_of_AABB,waste_overlap_distance,2.0,0.0,0.20237689524806032,0.01777688738365648,2.0,0.0,0.20237689524806032,0.01777688738365648,178.28191318511963,5.859262025020357,5
st04_Example3_normal,cube,fixed_CA,all,minimum_volume_of_AABB,maximum_connected_space,2.4,0.5477225575051661,0.18446242078455372,0.03169190114728506,2.4,0.5477225575051661,0.18446242078455372,0.03169190114728506,163.0711205482483,10.811549280941641,5
st04_Example3_normal,cube,fixed_CA,all,minimum_volume_of_AABB,minimum_bb_volume,2.0,0.0,0.19548033926914496,0.025741102730164885,2.0,0.0,0.19548033926914496,0.025741102730164885,164.00741224288942,5.164163171199825,5
st04_Example3_normal,cube,fixed_CA,all,minimum_volume_of_AABB,waste_overlap_distance,2.0,0.0,0.19284334096697137,0.017183990241299175,2.0,0.0,0.19284334096697137,0.017183990241299175,180.3354296207428,5.711199857451657,5
st04_Example3_normal,cube,fixed_CA,bottom,maximum_connected_space,maximum_connected_space,2.0,0.0,0.2215458610546266,0.022869695823855313,2.0,0.0,0.2215458610546266,0.022869695823855313,114.50203337669373,7.386320798598674,5
st04_Example3_normal,cube,fixed_CA,bottom,maximum_connected_space,minimum_bb_volume,2.0,0.0,0.21898110674589857,0.0108901320249574,2.0,0.0,0.21898110674589857,0.0108901320249574,113.93922939300538,6.60548961794378,5
st04_Example3_normal,cube,fixed_CA,bottom,maximum_connected_space,waste_overlap_distance,2.0,0.0,0.21836268335537876,0.01401743379402133,2.0,0.0,0.21836268335537876,0.01401743379402133,136.60519251823425,6.318314583553001,5
st04_Example3_normal,cube,fixed_CA,bottom,minimum_length_of_edges_of_AABB,maximum_connected_space,2.0,0.0,0.2215458610546266,0.022869695823855313,2.0,0.0,0.2215458610546266,0.022869695823855313,114.74151992797852,7.207702127228405,5
st04_Example3_normal,cube,fixed_CA,bottom,minimum_length_of_edges_of_AABB,minimum_bb_volume,2.0,0.0,0.21898110674589857,0.0108901320249574,2.0,0.0,0.21898110674589857,0.0108901320249574,113.69446001052856,6.356809575787605,5
st04_Example3_normal,cube,fixed_CA,bottom,minimum_length_of_edges_of_AABB,waste_overlap_distance,2.0,0.0,0.21357070410439655,0.02131547661179971,2.0,0.0,0.21357070410439655,0.02131547661179971,136.71691761016845,6.023554659726674,5
st04_Example3_normal,cube,fixed_CA,bottom,minimum_volume_of_AABB,maximum_connected_space,2.0,0.0,0.21439142301541864,0.026805894910436,2.0,0.0,0.21439142301541864,0.026805894910436,118.14863810539245,5.220648026335284,5
st04_Example3_normal,cube,fixed_CA,bottom,minimum_volume_of_AABB,minimum_bb_volume,2.0,0.0,0.2119653574319389,0.017194680057873835,2.0,0.0,0.2119653574319389,0.017194680057873835,116.60579748153687,5.0678076937597565,5
st04_Example3_normal,cube,fixed_CA,bottom,minimum_volume_of_AABB,waste_overlap_distance,2.0,0.0,0.21982366542949086,0.00653815327933834,2.0,0.0,0.21982366542949086,0.00653815327933834,135.7551305770874,3.3780781568647344,5
st04_Example3_normal,cube,fixed_CA,bottom_top,maximum_connected_space,maximum_connected_space,2.0,0.0,0.2215458610546266,0.022869695823855313,2.0,0.0,0.2215458610546266,0.022869695823855313,126.1377010345459,7.494652584384923,5
st04_Example3_normal,cube,fixed_CA,bottom_top,maximum_connected_space,minimum_bb_volume,2.0,0.0,0.21456996624089392,0.014445866397932378,2.0,0.0,0.21456996624089392,0.014445866397932378,130.63812537193297,4.975330098824557,5
st04_Example3_normal,cube,fixed_CA,bottom_top,maximum_connected_space,waste_overlap_distance,2.0,0.0,0.22031135865595325,0.012542131414012038,2.0,0.0,0.22031135865595325,0.012542131414012038,150.03527178764344,3.443421420437815,5
st04_Example3_normal,cube,fixed_CA,bottom_top,minimum_length_of_edges_of_AABB,maximum_connected_space,2.0,0.0,0.1984126063609263,0.014379903340625987,2.0,0.0,0.1984126063609263,0.014379903340625987,131.1425670146942,4.850738429000552,5
st04_Example3_normal,cube,fixed_CA,bottom_top,minimum_length_of_edges_of_AABB,minimum_bb_volume,2.0,0.0,0.19351599362327995,0.017957634310815332,2.0,0.0,0.19351599362327995,0.017957634310815332,131.8761923789978,7.511142579580853,5
st04_Example3_normal,cube,fixed_CA,bottom_top,minimum_length_of_edges_of_AABB,waste_overlap_distance,2.0,0.0,0.20301715841115037,0.0167229856775451,2.0,0.0,0.20301715841115037,0.0167229856775451,148.21394081115722,3.7704916722203556,5
st04_Example3_normal,cube,fixed_CA,bottom_top,minimum_volume_of_AABB,maximum_connected_space,2.0,0.0,0.21439142301541864,0.026805894910436,2.0,0.0,0.21439142301541864,0.026805894910436,130.64180254936218,6.89719753330178,5
st04_Example3_normal,cube,fixed_CA,bottom_top,minimum_volume_of_AABB,minimum_bb_volume,2.0,0.0,0.2135002492448621,0.015368601221441939,2.0,0.0,0.2135002492448621,0.015368601221441939,130.63728613853453,5.58096630356162,5
st04_Example3_normal,cube,fixed_CA,bottom_top,minimum_volume_of_AABB,waste_overlap_distance,2.0,0.0,0.21675733668292105,0.008658089785798373,2.0,0.0,0.21675733668292105,0.008658089785798373,150.02037172317506,2.92914674773722,5
st04_Example3_normal,cylinder,BLF,bottom_left_filling,None,height_only,2.0,0.0,0.17525146796186925,0.007840497625491258,2.0,0.0,0.17525146796186925,0.007840497625491258,627.3013823509216,19.579186050707953,5
st04_Example3_normal,cylinder,fixed_CA,all,maximum_connected_space,maximum_connected_space,2.0,0.0,0.1611411269194301,0.0163624758956313,2.0,0.0,0.1611411269194301,0.0163624758956313,864.3575928688049,29.19071339296985,5
st04_Example3_normal,cylinder,fixed_CA,all,maximum_connected_space,minimum_bb_volume,2.0,0.0,0.17437281914984232,0.015004699866842365,2.0,0.0,0.17437281914984232,0.015004699866842365,836.1901124954223,13.519523285640481,5
st04_Example3_normal,cylinder,fixed_CA,all,maximum_connected_space,waste_overlap_distance,2.0,0.0,0.17439456377581206,0.012456215086078163,2.0,0.0,0.17439456377581206,0.012456215086078163,890.9362090587616,24.31247810960135,5
st04_Example3_normal,cylinder,fixed_CA,all,minimum_length_of_edges_of_AABB,maximum_connected_space,2.0,0.0,0.17310783208363784,0.006853808385739439,2.0,0.0,0.17310783208363784,0.006853808385739439,857.8488314151764,18.890520570865704,5
st04_Example3_normal,cylinder,fixed_CA,all,minimum_length_of_edges_of_AABB,minimum_bb_volume,2.0,0.0,0.1688328735491097,0.01857612595940211,2.0,0.0,0.1688328735491097,0.01857612595940211,850.3869740962982,29.280198294665503,5
st04_Example3_normal,cylinder,fixed_CA,all,minimum_length_of_edges_of_AABB,waste_overlap_distance,2.0,0.0,0.17357700077047528,0.020066737409761386,2.0,0.0,0.17357700077047528,0.020066737409761386,896.1386966228486,15.308687116935317,5
st04_Example3_normal,cylinder,fixed_CA,all,minimum_volume_of_AABB,maximum_connected_space,2.0,0.0,0.1697163253909693,0.01681559012900436,2.0,0.0,0.1697163253909693,0.01681559012900436,842.6395691394806,40.98659867305066,5
st04_Example3_normal,cylinder,fixed_CA,all,minimum_volume_of_AABB,minimum_bb_volume,2.0,0.0,0.16614042601663356,0.014139495285337561,2.0,0.0,0.16614042601663356,0.014139495285337561,851.7477416992188,22.078085944253644,5
st04_Example3_normal,cylinder,fixed_CA,all,minimum_volume_of_AABB,waste_overlap_distance,2.0,0.0,0.17359538327556218,0.01520400269100264,2.0,0.0,0.17359538327556218,0.01520400269100264,878.5421038627625,35.774139798989374,5
st04_Example3_normal,cylinder,fixed_CA,bottom,maximum_connected_space,maximum_connected_space,2.0,0.0,0.1972410484530927,0.012425368676535127,2.0,0.0,0.1972410484530927,0.012425368676535127,676.3634162902832,20.337535797008854,5
st04_Example3_normal,cylinder,fixed_CA,bottom,maximum_connected_space,minimum_bb_volume,2.0,0.0,0.18498655447409246,0.010410631437168673,2.0,0.0,0.18498655447409246,0.010410631437168673,686.864423751831,8.744240593315773,5
st04_Example3_normal,cylinder,fixed_CA,bottom,maximum_connected_space,waste_overlap_distance,2.0,0.0,0.19692915716132167,0.010796466467513883,2.0,0.0,0.19692915716132167,0.010796466467513883,741.4025870323181,23.031471270636683,5
st04_Example3_normal,cylinder,fixed_CA,bottom,minimum_length_of_edges_of_AABB,maximum_connected_space,2.0,0.0,0.1972410484530927,0.012425368676535127,2.0,0.0,0.1972410484530927,0.012425368676535127,677.2634121894837,20.506839703730705,5
st04_Example3_normal,cylinder,fixed_CA,bottom,minimum_length_of_edges_of_AABB,minimum_bb_volume,2.0,0.0,0.19020591966544767,0.009730500177389868,2.0,0.0,0.19020591966544767,0.009730500177389868,689.2888535022736,14.208503783601271,5
st04_Example3_normal,cylinder,fixed_CA,bottom,minimum_length_of_edges_of_AABB,waste_overlap_distance,2.0,0.0,0.1966739852854838,0.006443395237599231,2.0,0.0,0.1966739852854838,0.006443395237599231,738.1594041824341,18.337202305598208,5
st04_Example3_normal,cylinder,fixed_CA,bottom,minimum_volume_of_AABB,maximum_connected_space,2.0,0.0,0.1928632614162377,0.012301358384475733,2.0,0.0,0.1928632614162377,0.012301358384475733,685.0777814388275,16.493443676643032,5
st04_Example3_normal,cylinder,fixed_CA,bottom,minimum_volume_of_AABB,minimum_bb_volume,2.0,0.0,0.19059531439315508,0.012013447931898645,2.0,0.0,0.19059531439315508,0.012013447931898645,678.3802732944489,9.638785368463624,5
st04_Example3_normal,cylinder,fixed_CA,bottom,minimum_volume_of_AABB,waste_overlap_distance,2.0,0.0,0.192001030233457,0.008951904051759177,2.0,0.0,0.192001030233457,0.008951904051759177,733.1109976768494,10.587048527399542,5
st04_Example3_normal,cylinder,fixed_CA,bottom_top,maximum_connected_space,maximum_connected_space,2.0,0.0,0.19645003310355832,0.014131349870839416,2.0,0.0,0.19645003310355832,0.014131349870839416,729.027943611145,20.03518237417772,5
st04_Example3_normal,cylinder,fixed_CA,bottom_top,maximum_connected_space,minimum_bb_volume,2.0,0.0,0.18498655447409246,0.010410631437168673,2.0,0.0,0.18498655447409246,0.010410631437168673,734.8169830799103,14.929725887434495,5
st04_Example3_normal,cylinder,fixed_CA,bottom_top,maximum_connected_space,waste_overlap_distance,2.0,0.0,0.19333033423551177,0.010391786545721385,2.0,0.0,0.19333033423551177,0.010391786545721385,788.165021276474,21.64195607527451,5
st04_Example3_normal,cylinder,fixed_CA,bottom_top,minimum_length_of_edges_of_AABB,maximum_connected_space,2.0,0.0,0.18838544036714028,0.01300845360093041,2.0,0.0,0.18838544036714028,0.01300845360093041,733.9270525932312,16.50726788782235,5
st04_Example3_normal,cylinder,fixed_CA,bottom_top,minimum_length_of_edges_of_AABB,minimum_bb_volume,2.0,0.0,0.19164289886356953,0.01153109155884684,2.0,0.0,0.19164289886356953,0.01153109155884684,731.0539204120636,9.44679962299247,5
st04_Example3_normal,cylinder,fixed_CA,bottom_top,minimum_length_of_edges_of_AABB,waste_overlap_distance,2.0,0.0,0.1948437252718808,0.011080374688283608,2.0,0.0,0.1948437252718808,0.011080374688283608,784.8167187690735,16.861551545749748,5
st04_Example3_normal,cylinder,fixed_CA,bottom_top,minimum_volume_of_AABB,maximum_connected_space,2.0,0.0,0.1928632614162377,0.012301358384475733,2.0,0.0,0.1928632614162377,0.012301358384475733,735.5761925697327,17.968703986528187,5
st04_Example3_normal,cylinder,fixed_CA,bottom_top,minimum_volume_of_AABB,minimum_bb_volume,2.0,0.0,0.1915862667754515,0.013710193775276625,2.0,0.0,0.1915862667754515,0.013710193775276625,729.1561322212219,13.096669002049945,5
st04_Example3_normal,cylinder,fixed_CA,bottom_top,minimum_volume_of_AABB,waste_overlap_distance,2.0,0.0,0.195223601267738,0.009938934843735835,2.0,0.0,0.195223601267738,0.009938934843735835,784.1870642662049,13.243569628123257,5
st04_Example4_normal,cube,BLF,bottom_left_filling,None,height_only,3.0,0.0,0.1958911305845656,0.00849715519046111,3.0,0.0,0.1958911305845656,0.00849715519046111,117.45268650054932,11.024855858884191,5
st04_Example4_normal,cube,fixed_CA,all,maximum_connected_space,maximum_connected_space,3.0,0.0,0.185508416332695,0.014079914675368285,3.0,0.0,0.185508416332695,0.014079914675368285,222.5266059398651,12.287108424983272,5
st04_Example4_normal,cube,fixed_CA,all,maximum_connected_space,minimum_bb_volume,3.0,0.0,0.1845062854125126,0.010937212401944242,3.0,0.0,0.1845062854125126,0.010937212401944242,224.20422916412355,10.963615784169642,5
st04_Example4_normal,cube,fixed_CA,all,maximum_connected_space,waste_overlap_distance,3.0,0.0,0.18389443246204568,0.007671265063745144,3.0,0.0,0.18389443246204568,0.007671265063745144,245.3670925140381,11.63740620637886,5
st04_Example4_normal,cube,fixed_CA,all,minimum_length_of_edges_of_AABB,maximum_connected_space,3.0,0.0,0.18714556640277968,0.014617096076755159,3.0,0.0,0.18714556640277968,0.014617096076755159,228.0460735321045,9.165243774020986,5
st04_Example4_normal,cube,fixed_CA,all,minimum_length_of_edges_of_AABB,minimum_bb_volume,3.0,0.0,0.1801092728959785,0.0129630141695053,3.0,0.0,0.1801092728959785,0.0129630141695053,226.2124741077423,5.168290491759106,5
st04_Example4_normal,cube,fixed_CA,all,minimum_length_of_edges_of_AABB,waste_overlap_distance,3.0,0.0,0.18639419185438177,0.009711112858193016,3.0,0.0,0.18639419185438177,0.009711112858193016,242.5562963962555,9.59885348906281,5
st04_Example4_normal,cube,fixed_CA,all,minimum_volume_of_AABB,maximum_connected_space,3.0,0.0,0.19464068021637415,0.00798606831298322,3.0,0.0,0.19464068021637415,0.00798606831298322,221.1308364868164,5.669286220642167,5
st04_Example4_normal,cube,fixed_CA,all,minimum_volume_of_AABB,minimum_bb_volume,3.0,0.0,0.18291741111089177,0.0016035920001373019,3.0,0.0,0.18291741111089177,0.0016035920001373019,220.4159465789795,14.086058666123739,5
st04_Example4_normal,cube,fixed_CA,all,minimum_volume_of_AABB,waste_overlap_distance,3.0,0.0,0.18126489916688054,0.004500232490016172,3.0,0.0,0.18126489916688054,0.004500232490016172,242.22931318283082,11.71867839195206,5
st04_Example4_normal,cube,fixed_CA,bottom,maximum_connected_space,maximum_connected_space,3.0,0.0,0.20214754678893648,0.002423681746946828,3.0,0.0,0.20214754678893648,0.002423681746946828,161.90051999092103,10.605816566743979,5
st04_Example4_normal,cube,fixed_CA,bottom,maximum_connected_space,minimum_bb_volume,3.0,0.0,0.20123410138590012,0.005103348575151771,3.0,0.0,0.20123410138590012,0.005103348575151771,162.75915789604187,8.373715956986498,5
st04_Example4_normal,cube,fixed_CA,bottom,maximum_connected_space,waste_overlap_distance,3.0,0.0,0.20040576323218762,0.009622842203087142,3.0,0.0,0.20040576323218762,0.009622842203087142,188.16141891479492,13.143032535797103,5
st04_Example4_normal,cube,fixed_CA,bottom,minimum_length_of_edges_of_AABB,maximum_connected_space,3.0,0.0,0.20214754678893648,0.002423681746946828,3.0,0.0,0.20214754678893648,0.002423681746946828,161.96304621696473,9.834227392784122,5
st04_Example4_normal,cube,fixed_CA,bottom,minimum_length_of_edges_of_AABB,minimum_bb_volume,3.0,0.0,0.2013534489566265,0.0029026364513682224,3.0,0.0,0.2013534489566265,0.0029026364513682224,161.13143730163574,8.039786524159481,5
st04_Example4_normal,cube,fixed_CA,bottom,minimum_length_of_edges_of_AABB,waste_overlap_distance,3.0,0.0,0.20166466571575228,0.005042654765023293,3.0,0.0,0.20166466571575228,0.005042654765023293,184.81668038368224,12.306824379516941,5
st04_Example4_normal,cube,fixed_CA,bottom,minimum_volume_of_AABB,maximum_connected_space,3.0,0.0,0.20340644927250112,0.0037295798278594475,3.0,0.0,0.20340644927250112,0.0037295798278594475,162.66011128425598,10.396249439900368,5
st04_Example4_normal,cube,fixed_CA,bottom,minimum_volume_of_AABB,minimum_bb_volume,3.0,0.0,0.20390435290111147,0.006006836709473889,3.0,0.0,0.20390435290111147,0.006006836709473889,159.7417827129364,6.298181760196064,5
st04_Example4_normal,cube,fixed_CA,bottom,minimum_volume_of_AABB,waste_overlap_distance,2.8,0.44721359549995787,0.20919352629656682,0.01766718234399711,2.8,0.44721359549995787,0.20919352629656682,0.01766718234399711,183.4588565826416,8.133745771034697,5
st04_Example4_normal,cube,fixed_CA,bottom_top,maximum_connected_space,maximum_connected_space,3.0,0.0,0.20372411308313426,0.003490167296033614,3.0,0.0,0.20372411308313426,0.003490167296033614,178.6220570087433,10.440089574664297,5
st04_Example4_normal,cube,fixed_CA,bottom_top,maximum_connected_space,minimum_bb_volume,3.0,0.0,0.20208594505754843,0.00398910822312206,3.0,0.0,0.20208594505754843,0.00398910822312206,178.26242694854736,6.920689031495703,5
st04_Example4_normal,cube,fixed_CA,bottom_top,maximum_connected_space,waste_overlap_distance,3.0,0.0,0.19987090473417174,0.009266499540966347,3.0,0.0,0.19987090473417174,0.009266499540966347,202.533362865448,6.118469930160301,5
st04_Example4_normal,cube,fixed_CA,bottom_top,minimum_length_of_edges_of_AABB,maximum_connected_space,3.0,0.0,0.1942673064774051,0.009469780604532864,3.0,0.0,0.1942673064774051,0.009469780604532864,186.6676088809967,3.3882197899036175,5
st04_Example4_normal,cube,fixed_CA,bottom_top,minimum_length_of_edges_of_AABB,minimum_bb_volume,2.8,0.447213595499958,0.20706877554142894,0.013853910597520804,2.8,0.447213595499958,0.20706877554142894,0.013853910597520804,184.3625289440155,7.394320524625013,5
st04_Example4_normal,cube,fixed_CA,bottom_top,minimum_length_of_edges_of_AABB,waste_overlap_distance,3.0,0.0,0.19924156145736677,0.01120349150534989,3.0,0.0,0.19924156145736677,0.01120349150534989,204.47328605651856,12.894263089021152,5
st04_Example4_normal,cube,fixed_CA,bottom_top,minimum_volume_of_AABB,maximum_connected_space,3.0,0.0,0.2021475467889365,0.005539271026169148,3.0,0.0,0.2021475467889365,0.005539271026169148,178.69803981781007,9.98546236101101,5
st04_Example4_normal,cube,fixed_CA,bottom_top,minimum_volume_of_AABB,minimum_bb_volume,3.0,0.0,0.20390435290111147,0.006006836709473889,3.0,0.0,0.20390435290111147,0.006006836709473889,179.62464971542357,7.4300446495550245,5
st04_Example4_normal,cube,fixed_CA,bottom_top,minimum_volume_of_AABB,waste_overlap_distance,2.8,0.44721359549995787,0.20694523276015242,0.018802361930909995,2.8,0.44721359549995787,0.20694523276015242,0.018802361930909995,199.6459382534027,7.9376395337502235,5
st04_Example4_normal,cylinder,BLF,bottom_left_filling,None,height_only,2.0,0.0,0.20613765694825315,0.017343101140017688,2.0,0.0,0.20613765694825315,0.017343101140017688,839.5516841411591,19.774763586977805,5
st04_Example4_normal,cylinder,fixed_CA,all,maximum_connected_space,maximum_connected_space,2.0,0.0,0.17959428020876086,0.008269315991125696,2.0,0.0,0.17959428020876086,0.008269315991125696,1154.0424965381621,43.77811337040255,5
st04_Example4_normal,cylinder,fixed_CA,all,maximum_connected_space,minimum_bb_volume,2.2,0.447213595499958,0.16823697037055094,0.02055961145591219,2.2,0.447213595499958,0.16823697037055094,0.02055961145591219,1169.7777230262757,27.4253392072076,5
st04_Example4_normal,cylinder,fixed_CA,all,maximum_connected_space,waste_overlap_distance,2.0,0.0,0.17972863405235312,0.01026374866872084,2.0,0.0,0.17972863405235312,0.01026374866872084,1215.7559750080109,15.502575932512913,5
st04_Example4_normal,cylinder,fixed_CA,all,minimum_length_of_edges_of_AABB,maximum_connected_space,2.0,0.0,0.17230978684498474,0.007401613486210791,2.0,0.0,0.17230978684498474,0.007401613486210791,1184.6589151859284,16.01398817078152,5
st04_Example4_normal,cylinder,fixed_CA,all,minimum_length_of_edges_of_AABB,minimum_bb_volume,2.0,0.0,0.1740866458996299,0.00774554931492005,2.0,0.0,0.1740866458996299,0.00774554931492005,1173.0782035827638,19.745033553523868,5
st04_Example4_normal,cylinder,fixed_CA,all,minimum_length_of_edges_of_AABB,waste_overlap_distance,2.4,0.5477225575051661,0.16851794761576258,0.02483166699579839,2.4,0.5477225575051661,0.16851794761576258,0.02483166699579839,1232.817347431183,27.75689788577878,5
st04_Example4_normal,cylinder,fixed_CA,all,minimum_volume_of_AABB,maximum_connected_space,2.2,0.44721359549995787,0.17368589855595434,0.020273856056362546,2.2,0.44721359549995787,0.17368589855595434,0.020273856056362546,1151.6638108730317,32.17013873088007,5
st04_Example4_normal,cylinder,fixed_CA,all,minimum_volume_of_AABB,minimum_bb_volume,2.0,0.0,0.18237946988091525,0.01867785163583639,2.0,0.0,0.18237946988091525,0.01867785163583639,1143.6166642189025,31.740798655064,5
st04_Example4_normal,cylinder,fixed_CA,all,minimum_volume_of_AABB,waste_overlap_distance,2.0,0.0,0.1845991246222257,0.02254135581089653,2.0,0.0,0.1845991246222257,0.02254135581089653,1195.338818025589,41.880012311166205,5
st04_Example4_normal,cylinder,fixed_CA,bottom,maximum_connected_space,maximum_connected_space,2.0,0.0,0.2063175522474407,0.012512976558924851,2.0,0.0,0.2063175522474407,0.012512976558924851,943.5219232082367,25.162196032581555,5
st04_Example4_normal,cylinder,fixed_CA,bottom,maximum_connected_space,minimum_bb_volume,2.0,0.0,0.19941494341926996,0.012813768666607188,2.0,0.0,0.19941494341926996,0.012813768666607188,956.6371935367584,17.47407282673475,5
st04_Example4_normal,cylinder,fixed_CA,bottom,maximum_connected_space,waste_overlap_distance,2.0,0.0,0.19976294476260123,0.025650808072498452,2.0,0.0,0.19976294476260123,0.025650808072498452,1019.9186786651611,29.396322157300453,5
st04_Example4_normal,cylinder,fixed_CA,bottom,minimum_length_of_edges_of_AABB,maximum_connected_space,2.0,0.0,0.2063175522474407,0.012512976558924851,2.0,0.0,0.2063175522474407,0.012512976558924851,948.0203495502471,23.27998806232821,5
st04_Example4_normal,cylinder,fixed_CA,bottom,minimum_length_of_edges_of_AABB,minimum_bb_volume,2.0,0.0,0.19783291272020126,0.007412699269275817,2.0,0.0,0.19783291272020126,0.007412699269275817,953.1837271690368,24.719951732836414,5
st04_Example4_normal,cylinder,fixed_CA,bottom,minimum_length_of_edges_of_AABB,waste_overlap_distance,2.0,0.0,0.19225537249505104,0.019084012529189617,2.0,0.0,0.19225537249505104,0.019084012529189617,1027.6348660469055,32.032315106874236,5
st04_Example4_normal,cylinder,fixed_CA,bottom,minimum_volume_of_AABB,maximum_connected_space,2.0,0.0,0.2078133467290591,0.009165820348581448,2.0,0.0,0.2078133467290591,0.009165820348581448,946.5758381843567,27.834983869692948,5
st04_Example4_normal,cylinder,fixed_CA,bottom,minimum_volume_of_AABB,minimum_bb_volume,2.0,0.0,0.2113985901796148,0.015171301071717375,2.0,0.0,0.2113985901796148,0.015171301071717375,928.0470852375031,4.508835610094801,5
st04_Example4_normal,cylinder,fixed_CA,bottom,minimum_volume_of_AABB,waste_overlap_distance,2.0,0.0,0.20944768678939646,0.009332823759331147,2.0,0.0,0.20944768678939646,0.009332823759331147,1009.2628572940827,17.740793459565797,5
st04_Example4_normal,cylinder,fixed_CA,bottom_top,maximum_connected_space,maximum_connected_space,2.0,0.0,0.20547422753663774,0.011369072097426337,2.0,0.0,0.20547422753663774,0.011369072097426337,1009.9885549545288,25.790806123439832,5
st04_Example4_normal,cylinder,fixed_CA,bottom_top,maximum_connected_space,minimum_bb_volume,2.0,0.0,0.19911226521199618,0.01419824317225498,2.0,0.0,0.19911226521199618,0.01419824317225498,1008.5235188484191,26.368513170156728,5
st04_Example4_normal,cylinder,fixed_CA,bottom_top,maximum_connected_space,waste_overlap_distance,2.0,0.0,0.19857415121510605,0.020653541958303094,2.0,0.0,0.19857415121510605,0.020653541958303094,1077.5812062740326,39.836793511498335,5
st04_Example4_normal,cylinder,fixed_CA,bottom_top,minimum_length_of_edges_of_AABB,maximum_connected_space,2.0,0.0,0.18880644776392824,0.01533006884819398,2.0,0.0,0.18880644776392824,0.01533006884819398,1031.47933344841,31.764519552161268,5
st04_Example4_normal,cylinder,fixed_CA,bottom_top,minimum_length_of_edges_of_AABB,minimum_bb_volume,2.0,0.0,0.20639929108241137,0.005926760521511926,2.0,0.0,0.20639929108241137,0.005926760521511926,1005.0908944606781,32.02132318177227,5
st04_Example4_normal,cylinder,fixed_CA,bottom_top,minimum_length_of_edges_of_AABB,waste_overlap_distance,2.0,0.0,0.20172266826214869,0.01693300635130361,2.0,0.0,0.20172266826214869,0.01693300635130361,1080.4789449214936,11.699344400201603,5
st04_Example4_normal,cylinder,fixed_CA,bottom_top,minimum_volume_of_AABB,maximum_connected_space,2.0,0.0,0.2078133467290591,0.009165820348581448,2.0,0.0,0.2078133467290591,0.009165820348581448,1007.3439694404602,26.23320543322795,5
st04_Example4_normal,cylinder,fixed_CA,bottom_top,minimum_volume_of_AABB,minimum_bb_volume,2.0,0.0,0.21318055791144563,0.015513243896521764,2.0,0.0,0.21318055791144563,0.015513243896521764,990.5322668075562,11.898377869177432,5
st04_Example4_normal,cylinder,fixed_CA,bottom_top,minimum_volume_of_AABB,waste_overlap_distance,2.0,0.0,0.21333490982470482,0.007914615247358179,2.0,0.0,0.21333490982470482,0.007914615247358179,1064.2764385700225,20.04247887373361,5
st04_Example5_normal,cube,BLF,bottom_left_filling,None,height_only,3.0,0.0,0.20979603256470494,0.01262184658236067,3.0,0.0,0.20979603256470494,0.01262184658236067,162.14836678504943,13.013148929396111,5
st04_Example5_normal,cube,fixed_CA,all,maximum_connected_space,maximum_connected_space,3.6,0.5477225575051661,0.18775556852506267,0.02159280172816759,3.6,0.5477225575051661,0.18775556852506267,0.02159280172816759,286.8775991439819,15.235029770937762,5
st04_Example5_normal,cube,fixed_CA,all,maximum_connected_space,minimum_bb_volume,3.2,0.447213595499958,0.19475375553603275,0.015802908008307866,3.2,0.447213595499958,0.19475375553603275,0.015802908008307866,287.86306939125063,9.238539306114637,5
st04_Example5_normal,cube,fixed_CA,all,maximum_connected_space,waste_overlap_distance,3.0,0.0,0.20254171149783823,0.005455206301149513,3.0,0.0,0.20254171149783823,0.005455206301149513,317.9030532836914,8.321152039436384,5
st04_Example5_normal,cube,fixed_CA,all,minimum_length_of_edges_of_AABB,maximum_connected_space,3.2,0.447213595499958,0.19519812910061268,0.015000279279100477,3.2,0.447213595499958,0.19519812910061268,0.015000279279100477,296.11018986701964,10.151519555264011,5
st04_Example5_normal,cube,fixed_CA,all,minimum_length_of_edges_of_AABB,minimum_bb_volume,3.6,0.5477225575051661,0.18314037421278107,0.01512669173608257,3.6,0.5477225575051661,0.18314037421278107,0.01512669173608257,289.1675567150116,12.328055778718836,5
st04_Example5_normal,cube,fixed_CA,all,minimum_length_of_edges_of_AABB,waste_overlap_distance,3.4,0.5477225575051661,0.1910228355181332,0.017447799433342116,3.4,0.5477225575051661,0.1910228355181332,0.017447799433342116,314.7819393157959,15.431706925495707,5
st04_Example5_normal,cube,fixed_CA,all,minimum_volume_of_AABB,maximum_connected_space,3.0,0.0,0.19958927037885218,0.0076657459021352995,3.0,0.0,0.19958927037885218,0.0076657459021352995,277.38325066566466,8.398956649464418,5
st04_Example5_normal,cube,fixed_CA,all,minimum_volume_of_AABB,minimum_bb_volume,3.0,0.0,0.20338445526424892,0.00464482633676483,3.0,0.0,0.20338445526424892,0.00464482633676483,283.7296148300171,14.184411215678766,5
st04_Example5_normal,cube,fixed_CA,all,minimum_volume_of_AABB,waste_overlap_distance,3.2,0.44721359549995787,0.2003050473318461,0.01790170629109729,3.2,0.44721359549995787,0.2003050473318461,0.01790170629109729,312.83969078063967,5.9564591522445385,5
st04_Example5_normal,cube,fixed_CA,bottom,maximum_connected_space,maximum_connected_space,3.0,0.0,0.22503982365309066,0.005055774058442103,3.0,0.0,0.22503982365309066,0.005055774058442103,210.1155460834503,15.945492004013312,5
st04_Example5_normal,cube,fixed_CA,bottom,maximum_connected_space,minimum_bb_volume,3.0,0.0,0.2143989188695635,0.011934655078220035,3.0,0.0,0.2143989188695635,0.011934655078220035,218.04499192237853,17.494436386052925,5
st04_Example5_normal,cube,fixed_CA,bottom,maximum_connected_space,waste_overlap_distance,3.0,0.0,0.22884648367322766,0.012480228620283694,3.0,0.0,0.22884648367322766,0.012480228620283694,232.60314807891845,7.528156651292514,5
st04_Example5_normal,cube,fixed_CA,bottom,minimum_length_of_edges_of_AABB,maximum_connected_space,3.0,0.0,0.22503982365309066,0.005055774058442103,3.0,0.0,0.22503982365309066,0.005055774058442103,210.0784812450409,15.516365753813737,5
st04_Example5_normal,cube,fixed_CA,bottom,minimum_length_of_edges_of_AABB,minimum_bb_volume,3.0,0.0,0.21407878728801846,0.012694305994621366,3.0,0.0,0.21407878728801846,0.012694305994621366,219.87446842193603,17.262211778300887,5
st04_Example5_normal,cube,fixed_CA,bottom,minimum_length_of_edges_of_AABB,waste_overlap_distance,3.0,0.0,0.2302952502813259,0.012199988675394671,3.0,0.0,0.2302952502813259,0.012199988675394671,232.32004613876342,7.088545043701285,5
st04_Example5_normal,cube,fixed_CA,bottom,minimum_volume_of_AABB,maximum_connected_space,3.0,0.0,0.22503982365309066,0.005055774058442103,3.0,0.0,0.22503982365309066,0.005055774058442103,210.22923531532288,16.027807025449643,5
st04_Example5_normal,cube,fixed_CA,bottom,minimum_volume_of_AABB,minimum_bb_volume,3.0,0.0,0.22213217257615542,0.01223426761541243,3.0,0.0,0.22213217257615542,0.01223426761541243,214.70418572425842,14.302992396980853,5
st04_Example5_normal,cube,fixed_CA,bottom,minimum_volume_of_AABB,waste_overlap_distance,3.0,0.0,0.22956161283635718,0.011711662743358784,3.0,0.0,0.22956161283635718,0.011711662743358784,232.6096773147583,7.855259222595661,5
st04_Example5_normal,cube,fixed_CA,bottom_top,maximum_connected_space,maximum_connected_space,3.0,0.0,0.22656407320395636,0.006042602298773546,3.0,0.0,0.22656407320395636,0.006042602298773546,231.25711770057677,14.120828495017024,5
st04_Example5_normal,cube,fixed_CA,bottom_top,maximum_connected_space,minimum_bb_volume,3.0,0.0,0.21859727582769034,0.016045049659067542,3.0,0.0,0.21859727582769034,0.016045049659067542,237.23551259040832,14.04951516918563,5
st04_Example5_normal,cube,fixed_CA,bottom_top,maximum_connected_space,waste_overlap_distance,3.0,0.0,0.2297080750399779,0.013470065313339599,3.0,0.0,0.2297080750399779,0.013470065313339599,255.50155792236328,8.562101859259283,5
st04_Example5_normal,cube,fixed_CA,bottom_top,minimum_length_of_edges_of_AABB,maximum_connected_space,3.0,0.0,0.21535002862614258,0.012724319297034485,3.0,0.0,0.21535002862614258,0.012724319297034485,236.6517132282257,9.104517062480154,5
st04_Example5_normal,cube,fixed_CA,bottom_top,minimum_length_of_edges_of_AABB,minimum_bb_volume,3.0,0.0,0.20923236284129273,0.011503933446868436,3.0,0.0,0.20923236284129273,0.011503933446868436,236.85112047195435,6.414595130852509,5
st04_Example5_normal,cube,fixed_CA,bottom_top,minimum_length_of_edges_of_AABB,waste_overlap_distance,3.0,0.0,0.21787391047914242,0.009189615292055999,3.0,0.0,0.21787391047914242,0.009189615292055999,268.4840479373932,14.06722749207824,5
st04_Example5_normal,cube,fixed_CA,bottom_top,minimum_volume_of_AABB,maximum_connected_space,3.0,0.0,0.2254334331135372,0.005115066025210044,3.0,0.0,0.2254334331135372,0.005115066025210044,230.67646141052245,14.680066848437713,5
st04_Example5_normal,cube,fixed_CA,bottom_top,minimum_volume_of_AABB,minimum_bb_volume,3.0,0.0,0.22266703107417132,0.012250793380691344,3.0,0.0,0.22266703107417132,0.012250793380691344,236.9891799926758,13.618953808971495,5
st04_Example5_normal,cube,fixed_CA,bottom_top,minimum_volume_of_AABB,waste_overlap_distance,3.0,0.0,0.2301573944287604,0.012628933726775513,3.0,0.0,0.2301573944287604,0.012628933726775513,253.96673908233643,6.9670632650038735,5
st04_Example5_normal,cylinder,BLF,bottom_left_filling,None,height_only,2.8,0.4472135954999579,0.18746007117401364,0.01761530892664583,2.8,0.4472135954999579,0.18746007117401364,0.01761530892664583,1105.065212392807,34.69234235417082,5
st04_Example5_normal,cylinder,fixed_CA,all,maximum_connected_space,maximum_connected_space,3.0,0.0,0.16656036364768603,0.010024698140448032,3.0,0.0,0.16656036364768603,0.010024698140448032,1490.7952760219573,78.0626314220239,5
st04_Example5_normal,cylinder,fixed_CA,all,maximum_connected_space,minimum_bb_volume,3.0,0.0,0.16923796545158845,0.0038358541135091813,3.0,0.0,0.16923796545158845,0.0038358541135091813,1454.902278280258,33.80537423463738,5
st04_Example5_normal,cylinder,fixed_CA,all,maximum_connected_space,waste_overlap_distance,3.0,0.0,0.17283550029212505,0.010873517241966854,3.0,0.0,0.17283550029212505,0.010873517241966854,1533.1929434776307,63.729778783824166,5
st04_Example5_normal,cylinder,fixed_CA,all,minimum_length_of_edges_of_AABB,maximum_connected_space,3.0,0.0,0.17339142916330366,0.0070686404415685675,3.0,0.0,0.17339142916330366,0.0070686404415685675,1484.8612296581268,45.38721147315265,5
st04_Example5_normal,cylinder,fixed_CA,all,minimum_length_of_edges_of_AABB,minimum_bb_volume,3.0,0.0,0.17396277139385438,0.007897035503839168,3.0,0.0,0.17396277139385438,0.007897035503839168,1498.521194934845,22.114157687896068,5
st04_Example5_normal,cylinder,fixed_CA,all,minimum_length_of_edges_of_AABB,waste_overlap_distance,3.0,0.0,0.17415318969476626,0.005166281530809677,3.0,0.0,0.17415318969476626,0.005166281530809677,1558.3186406612397,22.717099875706158,5
st04_Example5_normal,cylinder,fixed_CA,all,minimum_volume_of_AABB,maximum_connected_space,3.0,0.0,0.16229378858341129,0.012807176447627766,3.0,0.0,0.16229378858341129,0.012807176447627766,1494.7393961906432,52.22506696714548,5
st04_Example5_normal,cylinder,fixed_CA,all,minimum_volume_of_AABB,minimum_bb_volume,3.0,0.0,0.16956564124594595,0.0077131420487143235,3.0,0.0,0.16956564124594595,0.0077131420487143235,1449.7969462394715,19.982272197996416,5
st04_Example5_normal,cylinder,fixed_CA,all,minimum_volume_of_AABB,waste_overlap_distance,3.0,0.0,0.17276895649698867,0.006390173525879821,3.0,0.0,0.17276895649698867,0.006390173525879821,1522.3769651889802,26.04193372823948,5
st04_Example5_normal,cylinder,fixed_CA,bottom,maximum_connected_space,maximum_connected_space,2.4,0.5477225575051661,0.1958553743463653,0.01074193345730312,2.4,0.5477225575051661,0.1958553743463653,0.01074193345730312,1204.4872356891633,28.990362578017304,5
st04_Example5_normal,cylinder,fixed_CA,bottom,maximum_connected_space,minimum_bb_volume,2.4,0.5477225575051662,0.20000936202497135,0.016614602188573892,2.4,0.5477225575051662,0.20000936202497135,0.016614602188573892,1187.128267621994,20.508030426498106,5
st04_Example5_normal,cylinder,fixed_CA,bottom,maximum_connected_space,waste_overlap_distance,2.4,0.5477225575051661,0.19785991884703316,0.010927504838945598,2.4,0.5477225575051661,0.19785991884703316,0.010927504838945598,1271.7582342624664,23.351952019684454,5
st04_Example5_normal,cylinder,fixed_CA,bottom,minimum_length_of_edges_of_AABB,maximum_connected_space,2.4,0.5477225575051661,0.20217111842484425,0.01822562427638794,2.4,0.5477225575051661,0.20217111842484425,0.01822562427638794,1198.9095022201539,27.029186547557586,5
st04_Example5_normal,cylinder,fixed_CA,bottom,minimum_length_of_edges_of_AABB,minimum_bb_volume,2.6,0.5477225575051661,0.19583469948613103,0.01780113818921955,2.6,0.5477225575051661,0.19583469948613103,0.01780113818921955,1196.8955345153809,31.604989077082262,5
st04_Example5_normal,cylinder,fixed_CA,bottom,minimum_length_of_edges_of_AABB,waste_overlap_distance,2.6,0.5477225575051661,0.19586273171479082,0.014500739798856077,2.6,0.5477225575051661,0.19586273171479082,0.014500739798856077,1269.7273156642914,30.144704322791096,5
st04_Example5_normal,cylinder,fixed_CA,bottom,minimum_volume_of_AABB,maximum_connected_space,2.6,0.5477225575051661,0.19652681608501982,0.02098364471746826,2.6,0.5477225575051661,0.19652681608501982,0.02098364471746826,1209.4004063606262,7.018378120419498,5
st04_Example5_normal,cylinder,fixed_CA,bottom,minimum_volume_of_AABB,minimum_bb_volume,2.6,0.5477225575051661,0.19052049628753423,0.01043366368640356,2.6,0.5477225575051661,0.19052049628753423,0.01043366368640356,1204.6474784851075,24.03664108205657,5
st04_Example5_normal,cylinder,fixed_CA,bottom,minimum_volume_of_AABB,waste_overlap_distance,2.4,0.5477225575051661,0.19750344670563336,0.011006822001017323,2.4,0.5477225575051661,0.19750344670563336,0.011006822001017323,1286.1232459545135,21.22106826998964,5
st04_Example5_normal,cylinder,fixed_CA,bottom_top,maximum_connected_space,maximum_connected_space,2.4,0.5477225575051662,0.20121263015782592,0.01732977650013916,2.4,0.5477225575051662,0.20121263015782592,0.01732977650013916,1269.9362751483918,16.819427256834505,5
st04_Example5_normal,cylinder,fixed_CA,bottom_top,maximum_connected_space,minimum_bb_volume,2.6,0.5477225575051661,0.19872125491970868,0.0218259449967943,2.6,0.5477225575051661,0.19872125491970868,0.0218259449967943,1276.1843612670898,11.183023433685047,5
st04_Example5_normal,cylinder,fixed_CA,bottom_top,maximum_connected_space,waste_overlap_distance,2.4,0.5477225575051661,0.20260856528283222,0.019482659474579164,2.4,0.5477225575051661,0.20260856528283222,0.019482659474579164,1350.8818819522858,21.8846103303468,5
st04_Example5_normal,cylinder,fixed_CA,bottom_top,minimum_length_of_edges_of_AABB,maximum_connected_space,2.8,0.4472135954999579,0.18637050385647083,0.005569013697006668,2.8,0.4472135954999579,0.18637050385647083,0.005569013697006668,1278.5004405975342,26.719490108948406,5
st04_Example5_normal,cylinder,fixed_CA,bottom_top,minimum_length_of_edges_of_AABB,minimum_bb_volume,2.8,0.447213595499958,0.1881412499640562,0.011060635286879993,2.8,0.447213595499958,0.1881412499640562,0.011060635286879993,1295.0615896701813,26.833952142485856,5
st04_Example5_normal,cylinder,fixed_CA,bottom_top,minimum_length_of_edges_of_AABB,waste_overlap_distance,2.8,0.44721359549995787,0.186241586169371,0.01184237348225783,2.8,0.44721359549995787,0.186241586169371,0.01184237348225783,1387.990915966034,18.804207981065872,5
st04_Example5_normal,cylinder,fixed_CA,bottom_top,minimum_volume_of_AABB,maximum_connected_space,2.6,0.5477225575051661,0.19857814646264868,0.02371489752915598,2.6,0.5477225575051661,0.19857814646264868,0.02371489752915598,1278.8843995571137,11.800184165631284,5
st04_Example5_normal,cylinder,fixed_CA,bottom_top,minimum_volume_of_AABB,minimum_bb_volume,2.8,0.4472135954999579,0.187286681797054,0.010918748859303771,2.8,0.4472135954999579,0.187286681797054,0.010918748859303771,1277.755825138092,23.276834828792033,5
st04_Example5_normal,cylinder,fixed_CA,bottom_top,minimum_volume_of_AABB,waste_overlap_distance,2.8,0.4472135954999579,0.18992332685565597,0.009362256334238922,2.8,0.4472135954999579,0.18992332685565597,0.009362256334238922,1352.217955636978,18.097712061491798,5
st05_e2,cube,BLF,bottom_left_filling,None,height_only,1.6,0.5477225575051661,0.3199396985911497,0.018738346340955364,1.6,0.5477225575051661,0.3199396985911497,0.018738346340955364,48.924555444717406,5.219823060516371,5
st05_e2,cube,fixed_CA,all,maximum_connected_space,maximum_connected_space,2.0,0.0,0.27719887862532633,0.015265272961041979,2.0,0.0,0.27719887862532633,0.015265272961041979,79.97360138893127,3.8555611327520665,5
st05_e2,cube,fixed_CA,all,maximum_connected_space,minimum_bb_volume,1.8,0.4472135954999579,0.2819172519757006,0.04387433930358124,1.8,0.4472135954999579,0.2819172519757006,0.04387433930358124,82.67925944328309,7.5187349897508735,5
st05_e2,cube,fixed_CA,all,maximum_connected_space,waste_overlap_distance,1.8,0.4472135954999579,0.28000567457549863,0.04242630512375301,1.8,0.4472135954999579,0.28000567457549863,0.04242630512375301,79.94868211746216,8.266287872252152,5
st05_e2,cube,fixed_CA,all,minimum_length_of_edges_of_AABB,maximum_connected_space,2.0,0.0,0.28919765998698155,0.022999174702262773,2.0,0.0,0.28919765998698155,0.022999174702262773,85.18870706558228,4.325379428642099,5
st05_e2,cube,fixed_CA,all,minimum_length_of_edges_of_AABB,minimum_bb_volume,2.0,0.0,0.280204336398965,0.034712250710639415,2.0,0.0,0.280204336398965,0.034712250710639415,85.58429770469665,10.221823210999002,5
st05_e2,cube,fixed_CA,all,minimum_length_of_edges_of_AABB,waste_overlap_distance,2.0,0.0,0.28764640262663593,0.034658970170511685,2.0,0.0,0.28764640262663593,0.034658970170511685,81.35801906585694,9.608899880797326,5
st05_e2,cube,fixed_CA,all,minimum_volume_of_AABB,maximum_connected_space,2.0,0.0,0.28683428714954134,0.021711534717864345,2.0,0.0,0.28683428714954134,0.021711534717864345,86.32451725006104,5.645935516076872,5
st05_e2,cube,fixed_CA,all,minimum_volume_of_AABB,minimum_bb_volume,2.0,0.0,0.26940346929488745,0.03258362896189243,2.0,0.0,0.26940346929488745,0.03258362896189243,82.72815141677856,6.448659701478994,5
st05_e2,cube,fixed_CA,all,minimum_volume_of_AABB,waste_overlap_distance,2.0,0.0,0.27412184264526174,0.037583292572750227,2.0,0.0,0.27412184264526174,0.037583292572750227,81.1938946723938,7.548738066829945,5
st05_e2,cube,fixed_CA,bottom,maximum_connected_space,maximum_connected_space,1.8,0.4472135954999579,0.30424345065871333,0.026656612922459064,1.8,0.4472135954999579,0.30424345065871333,0.026656612922459064,63.19486002922058,3.345971994131969,5
st05_e2,cube,fixed_CA,bottom,maximum_connected_space,minimum_bb_volume,1.6,0.5477225575051661,0.3172160057138531,0.020380937736713636,1.6,0.5477225575051661,0.3172160057138531,0.020380937736713636,65.68700909614563,3.611649034175483,5
st05_e2,cube,fixed_CA,bottom,maximum_connected_space,waste_overlap_distance,1.6,0.5477225575051661,0.3172160057138531,0.020380937736713636,1.6,0.5477225575051661,0.3172160057138531,0.020380937736713636,61.27522134780884,4.150121831234983,5
st05_e2,cube,fixed_CA,bottom,minimum_length_of_edges_of_AABB,maximum_connected_space,1.8,0.4472135954999579,0.30424345065871333,0.026656612922459064,1.8,0.4472135954999579,0.30424345065871333,0.026656612922459064,63.21508207321167,3.241194647649813,5
st05_e2,cube,fixed_CA,bottom,minimum_length_of_edges_of_AABB,minimum_bb_volume,1.6,0.5477225575051661,0.3172160057138531,0.020380937736713636,1.6,0.5477225575051661,0.3172160057138531,0.020380937736713636,65.42661013603211,3.5899506348332637,5
st05_e2,cube,fixed_CA,bottom,minimum_length_of_edges_of_AABB,waste_overlap_distance,1.6,0.5477225575051661,0.3172160057138531,0.020380937736713636,1.6,0.5477225575051661,0.3172160057138531,0.020380937736713636,61.4952666759491,3.9909743242720066,5
st05_e2,cube,fixed_CA,bottom,minimum_volume_of_AABB,maximum_connected_space,1.8,0.4472135954999579,0.29708314932738455,0.032157228878190426,1.8,0.4472135954999579,0.29708314932738455,0.032157228878190426,65.73049831390381,4.89578679165833,5
st05_e2,cube,fixed_CA,bottom,minimum_volume_of_AABB,minimum_bb_volume,1.8,0.4472135954999579,0.3045252155550554,0.02676486734250785,1.8,0.4472135954999579,0.3045252155550554,0.02676486734250785,66.68383479118347,4.984849514740699,5
st05_e2,cube,fixed_CA,bottom,minimum_volume_of_AABB,waste_overlap_distance,1.8,0.4472135954999579,0.3045252155550554,0.02676486734250785,1.8,0.4472135954999579,0.3045252155550554,0.02676486734250785,63.977992582321164,5.758117929079537,5
st05_e2,cube,fixed_CA,bottom_top,maximum_connected_space,maximum_connected_space,1.8,0.4472135954999579,0.30424345065871333,0.026656612922459064,1.8,0.4472135954999579,0.30424345065871333,0.026656612922459064,67.34050688743591,2.076681032104195,5
st05_e2,cube,fixed_CA,bottom_top,maximum_connected_space,minimum_bb_volume,1.6,0.5477225575051661,0.3172160057138531,0.020380937736713636,1.6,0.5477225575051661,0.3172160057138531,0.020380937736713636,69.4049216747284,3.2723741175168355,5
st05_e2,cube,fixed_CA,bottom_top,maximum_connected_space,waste_overlap_distance,1.6,0.5477225575051661,0.3172160057138531,0.020380937736713636,1.6,0.5477225575051661,0.3172160057138531,0.020380937736713636,65.41168842315673,4.128211200607011,5
st05_e2,cube,fixed_CA,bottom_top,minimum_length_of_edges_of_AABB,maximum_connected_space,1.8,0.4472135954999579,0.3050555661358079,0.02700734874366932,1.8,0.4472135954999579,0.3050555661358079,0.02700734874366932,72.39387583732605,6.9196680444712735,5
st05_e2,cube,fixed_CA,bottom_top,minimum_length_of_edges_of_AABB,minimum_bb_volume,1.8,0.4472135954999579,0.3045252155550554,0.02676486734250785,1.8,0.4472135954999579,0.3045252155550554,0.02676486734250785,77.67240772247314,6.436287536823669,5
st05_e2,cube,fixed_CA,bottom_top,minimum_length_of_edges_of_AABB,waste_overlap_distance,1.6,0.5477225575051662,0.3194093480103972,0.018916167212801847,1.6,0.5477225575051662,0.3194093480103972,0.018916167212801847,72.8017870426178,8.071934382261848,5
st05_e2,cube,fixed_CA,bottom_top,minimum_volume_of_AABB,maximum_connected_space,1.8,0.4472135954999579,0.29708314932738455,0.032157228878190426,1.8,0.4472135954999579,0.29708314932738455,0.032157228878190426,69.46117935180663,4.407223958970888,5
st05_e2,cube,fixed_CA,bottom_top,minimum_volume_of_AABB,minimum_bb_volume,1.8,0.4472135954999579,0.3045252155550554,0.02676486734250785,1.8,0.4472135954999579,0.3045252155550554,0.02676486734250785,70.67581272125244,4.124223962758436,5
st05_e2,cube,fixed_CA,bottom_top,minimum_volume_of_AABB,waste_overlap_distance,1.8,0.4472135954999579,0.3045252155550554,0.02676486734250785,1.8,0.4472135954999579,0.3045252155550554,0.02676486734250785,68.55848050117493,4.867607448497207,5
st05_e2,cylinder,BLF,bottom_left_filling,None,height_only,2.0,0.0,0.27524326234204866,0.016932303044568085,2.0,0.0,0.27524326234204866,0.016932303044568085,228.60566577911376,7.637030195681627,5
st05_e2,cylinder,fixed_CA,all,maximum_connected_space,maximum_connected_space,2.0,0.0,0.23602640622428805,0.01893819826849629,2.0,0.0,0.23602640622428805,0.01893819826849629,304.49238257408143,8.720342460651871,5
st05_e2,cylinder,fixed_CA,all,maximum_connected_space,minimum_bb_volume,2.0,0.0,0.24858772236764537,0.03521671870271786,2.0,0.0,0.24858772236764537,0.03521671870271786,297.9686854839325,15.471737338705037,5
st05_e2,cylinder,fixed_CA,all,maximum_connected_space,waste_overlap_distance,2.0,0.0,0.25376051239901953,0.03211851397936991,2.0,0.0,0.25376051239901953,0.03211851397936991,295.56814856529235,10.427971184948115,5
st05_e2,cylinder,fixed_CA,all,minimum_length_of_edges_of_AABB,maximum_connected_space,1.8,0.4472135954999579,0.2587742690584053,0.03515820548264693,1.8,0.4472135954999579,0.2587742690584053,0.03515820548264693,305.0036138057709,14.018268400288047,5
st05_e2,cylinder,fixed_CA,all,minimum_length_of_edges_of_AABB,minimum_bb_volume,2.0,0.0,0.2657350002335808,0.03460247477496223,2.0,0.0,0.2657350002335808,0.03460247477496223,288.27140827178954,10.533688759544589,5
st05_e2,cylinder,fixed_CA,all,minimum_length_of_edges_of_AABB,waste_overlap_distance,2.0,0.0,0.2657350002335808,0.03460247477496223,2.0,0.0,0.2657350002335808,0.03460247477496223,288.06926503181455,10.673357009094403,5
st05_e2,cylinder,fixed_CA,all,minimum_volume_of_AABB,maximum_connected_space,2.0,0.0,0.23758183961147417,0.018622974321213567,2.0,0.0,0.23758183961147417,0.018622974321213567,299.15657687187195,13.277369933138601,5
st05_e2,cylinder,fixed_CA,all,minimum_volume_of_AABB,minimum_bb_volume,2.0,0.0,0.2534300226834315,0.013795205341561333,2.0,0.0,0.2534300226834315,0.013795205341561333,292.91464309692384,7.230865479933892,5
st05_e2,cylinder,fixed_CA,all,minimum_volume_of_AABB,waste_overlap_distance,2.0,0.0,0.26130154619751433,0.024385029878351706,2.0,0.0,0.26130154619751433,0.024385029878351706,286.38606481552125,13.901318019520755,5
st05_e2,cylinder,fixed_CA,bottom,maximum_connected_space,maximum_connected_space,2.0,0.0,0.28220399351722414,0.007377585070663946,2.0,0.0,0.28220399351722414,0.007377585070663946,248.9712213039398,4.659007062309043,5
st05_e2,cylinder,fixed_CA,bottom,maximum_connected_space,minimum_bb_volume,1.6,0.5477225575051661,0.2871132425321604,0.030463918943664875,1.6,0.5477225575051661,0.2871132425321604,0.030463918943664875,248.31530590057372,5.815155666591085,5
st05_e2,cylinder,fixed_CA,bottom,maximum_connected_space,waste_overlap_distance,1.6,0.5477225575051661,0.28015251135698493,0.03529524598280632,1.6,0.5477225575051661,0.28015251135698493,0.03529524598280632,249.25762677192688,6.522175221571807,5
st05_e2,cylinder,fixed_CA,bottom,minimum_length_of_edges_of_AABB,maximum_connected_space,2.0,0.0,0.28220399351722414,0.007377585070663946,2.0,0.0,0.28220399351722414,0.007377585070663946,249.02158203125,4.430853716461605,5
st05_e2,cylinder,fixed_CA,bottom,minimum_length_of_edges_of_AABB,minimum_bb_volume,1.6,0.5477225575051661,0.2871132425321604,0.030463918943664875,1.6,0.5477225575051661,0.2871132425321604,0.030463918943664875,248.40067820549012,6.002845471103918,5
st05_e2,cylinder,fixed_CA,bottom,minimum_length_of_edges_of_AABB,waste_overlap_distance,1.6,0.5477225575051661,0.28015251135698493,0.03529524598280632,1.6,0.5477225575051661,0.28015251135698493,0.03529524598280632,249.5270781993866,6.378684803206099,5
st05_e2,cylinder,fixed_CA,bottom,minimum_volume_of_AABB,maximum_connected_space,1.8,0.4472135954999579,0.28482925261530595,0.025033779707270498,1.8,0.4472135954999579,0.28482925261530595,0.025033779707270498,245.20363674163818,7.1258656187572695,5
st05_e2,cylinder,fixed_CA,bottom,minimum_volume_of_AABB,minimum_bb_volume,2.0,0.0,0.27524326234204866,0.018256932360497222,2.0,0.0,0.27524326234204866,0.018256932360497222,245.42483863830566,7.054804042152248,5
st05_e2,cylinder,fixed_CA,bottom,minimum_volume_of_AABB,waste_overlap_distance,2.0,0.0,0.27395136997130043,0.024277344840189605,2.0,0.0,0.27395136997130043,0.024277344840189605,246.60955109596253,10.30393195780116,5
st05_e2,cylinder,fixed_CA,bottom_top,maximum_connected_space,maximum_connected_space,2.0,0.0,0.28661719375910727,0.005277948421235422,2.0,0.0,0.28661719375910727,0.005277948421235422,259.5132917881012,7.522466084158397,5
st05_e2,cylinder,fixed_CA,bottom_top,maximum_connected_space,minimum_bb_volume,1.6,0.5477225575051662,0.29357792493428275,0.028442044220624227,1.6,0.5477225575051662,0.29357792493428275,0.028442044220624227,261.2259433269501,7.057592017027875,5
st05_e2,cylinder,fixed_CA,bottom_top,maximum_connected_space,waste_overlap_distance,1.6,0.5477225575051661,0.28456571159886807,0.035032529597432534,1.6,0.5477225575051661,0.28456571159886807,0.035032529597432534,264.1599992275238,12.647322657272278,5
st05_e2,cylinder,fixed_CA,bottom_top,minimum_length_of_edges_of_AABB,maximum_connected_space,1.8,0.4472135954999579,0.2873767835485983,0.017642155923973814,1.8,0.4472135954999579,0.2873767835485983,0.017642155923973814,262.4038878917694,3.9674632754922636,5
st05_e2,cylinder,fixed_CA,bottom_top,minimum_length_of_edges_of_AABB,minimum_bb_volume,2.0,0.0,0.274642705924546,0.025354005024693652,2.0,0.0,0.274642705924546,0.025354005024693652,263.6374937534332,8.686360728132353,5
st05_e2,cylinder,fixed_CA,bottom_top,minimum_length_of_edges_of_AABB,waste_overlap_distance,2.0,0.0,0.28160343709972147,0.02051833875630265,2.0,0.0,0.28160343709972147,0.02051833875630265,261.3907293319702,4.930113352316948,5
st05_e2,cylinder,fixed_CA,bottom_top,minimum_volume_of_AABB,maximum_connected_space,1.8,0.4472135954999579,0.28482925261530595,0.025033779707270498,1.8,0.4472135954999579,0.28482925261530595,0.025033779707270498,257.77898635864256,8.086777263651983,5
st05_e2,cylinder,fixed_CA,bottom_top,minimum_volume_of_AABB,minimum_bb_volume,2.0,0.0,0.28015251135698493,0.01883481298294908,2.0,0.0,0.28015251135698493,0.01883481298294908,258.1191954612732,3.3593326598140565,5
st05_e2,cylinder,fixed_CA,bottom_top,minimum_volume_of_AABB,waste_overlap_distance,2.0,0.0,0.27319178018180945,0.02348030590624063,2.0,0.0,0.27319178018180945,0.02348030590624063,259.9309486865997,5.961345199225599,5
