task_id,instance_id,nesting_strategy,selection_range,bin_size,source_instances,constraint_mode,dataset,sequence_seed,bin_shape,status,output,elapsed_s,algorithm_time_s,validation_ok,error,best_N,best_U,best_U_star,origin_N,origin_U,origin_U_star
0,Merged1_normal_seq13_cube,minimum_aabb_volume,bottom,105x105x105,Merged1_normal_seq13_cube;Merged1_normal_seq13_cube_999999_1,geometry_only,Merged1_normal,13,cube,success,/mnt/scratch/pmywe/GPU/3D_irregular_packing_stream/hpc/results/all_instances_geometry/Merged1_normal_seq13_cube__minimum_aabb_volume__bottom__instance_size__rng42.json,19.426800966262817,15.883035898208618,True,,2,0.16902969441744953,0.30683684267357736,2,0.16902969441744953,0.30683684267357736
1,Merged1_normal_seq13_cube,minimum_aabb_volume,bottom_top,105x105x105,Merged1_normal_seq13_cube;Merged1_normal_seq13_cube_999999_1,geometry_only,Merged1_normal,13,cube,success,/mnt/scratch/pmywe/GPU/3D_irregular_packing_stream/hpc/results/all_instances_geometry/Merged1_normal_seq13_cube__minimum_aabb_volume__bottom_top__instance_size__rng42.json,19.40680193901062,17.98671245574951,True,,2,0.16902969441744953,0.3183016952812871,2,0.16902969441744953,0.3183016952812871
2,Merged1_normal_seq13_cube,minimum_aabb_volume,all,105x105x105,Merged1_normal_seq13_cube;Merged1_normal_seq13_cube_999999_1,geometry_only,Merged1_normal,13,cube,success,/mnt/scratch/pmywe/GPU/3D_irregular_packing_stream/hpc/results/all_instances_geometry/Merged1_normal_seq13_cube__minimum_aabb_volume__all__instance_size__rng42.json,26.09454107284546,24.68393588066101,True,,2,0.16902969441744953,0.28707914911996546,2,0.16902969441744953,0.28707914911996546
3,Merged1_normal_seq13_cube,minimum_aabb_edges_len,bottom,105x105x105,Merged1_normal_seq13_cube;Merged1_normal_seq13_cube_999999_1,geometry_only,Merged1_normal,13,cube,success,/mnt/scratch/pmywe/GPU/3D_irregular_packing_stream/hpc/results/all_instances_geometry/Merged1_normal_seq13_cube__minimum_aabb_edges_len__bottom__instance_size__rng42.json,20.530820608139038,19.106044054031372,True,,2,0.16902969441744953,0.3183016952812871,2,0.16902969441744953,0.3183016952812871
4,Merged1_normal_seq13_cube,minimum_aabb_edges_len,bottom_top,105x105x105,Merged1_normal_seq13_cube;Merged1_normal_seq13_cube_999999_1,geometry_only,Merged1_normal,13,cube,success,/mnt/scratch/pmywe/GPU/3D_irregular_packing_stream/hpc/results/all_instances_geometry/Merged1_normal_seq13_cube__minimum_aabb_edges_len__bottom_top__instance_size__rng42.json,21.08459186553955,19.78361487388611,True,,2,0.16902969441744953,0.3183016952812871,2,0.16902969441744953,0.3183016952812871
5,Merged1_normal_seq13_cube,minimum_aabb_edges_len,all,105x105x105,Merged1_normal_seq13_cube;Merged1_normal_seq13_cube_999999_1,geometry_only,Merged1_normal,13,cube,success,/mnt/scratch/pmywe/GPU/3D_irregular_packing_stream/hpc/results/all_instances_geometry/Merged1_normal_seq13_cube__minimum_aabb_edges_len__all__instance_size__rng42.json,27.773104906082153,26.373786687850952,True,,2,0.16902969441744953,0.28707914911996546,2,0.16902969441744953,0.28707914911996546
6,Merged1_normal_seq13_cube,maximal_residual_box,bottom,105x105x105,Merged1_normal_seq13_cube;Merged1_normal_seq13_cube_999999_1,geometry_only,Merged1_normal,13,cube,success,/mnt/scratch/pmywe/GPU/3D_irregular_packing_stream/hpc/results/all_instances_geometry/Merged1_normal_seq13_cube__maximal_residual_box__bottom__instance_size__rng42.json,19.36644721031189,18.066995859146118,True,,2,0.16902969441744953,0.3183016952812871,2,0.16902969441744953,0.3183016952812871
7,Merged1_normal_seq13_cube,maximal_residual_box,bottom_top,105x105x105,Merged1_normal_seq13_cube;Merged1_normal_seq13_cube_999999_1,geometry_only,Merged1_normal,13,cube,success,/mnt/scratch/pmywe/GPU/3D_irregular_packing_stream/hpc/results/all_instances_geometry/Merged1_normal_seq13_cube__maximal_residual_box__bottom_top__instance_size__rng42.json,21.02733564376831,19.613037109375,True,,2,0.16902969441744953,0.3183016952812871,2,0.16902969441744953,0.3183016952812871
8,Merged1_normal_seq13_cube,maximal_residual_box,all,105x105x105,Merged1_normal_seq13_cube;Merged1_normal_seq13_cube_999999_1,geometry_only,Merged1_normal,13,cube,success,/mnt/scratch/pmywe/GPU/3D_irregular_packing_stream/hpc/results/all_instances_geometry/Merged1_normal_seq13_cube__maximal_residual_box__all__instance_size__rng42.json,26.128334522247314,24.84721565246582,True,,2,0.16902969441744953,0.3183016952812871,2,0.16902969441744953,0.3183016952812871
9,Merged1_normal_seq13_cube,overlap_distance,bottom,105x105x105,Merged1_normal_seq13_cube;Merged1_normal_seq13_cube_999999_1,geometry_only,Merged1_normal,13,cube,success,/mnt/scratch/pmywe/GPU/3D_irregular_packing_stream/hpc/results/all_instances_geometry/Merged1_normal_seq13_cube__overlap_distance__bottom__instance_size__rng42.json,51.6741418838501,50.376195192337036,True,,2,0.16902969441744953,0.28707914911996546,2,0.16902969441744953,0.28707914911996546
10,Merged1_normal_seq13_cube,overlap_distance,bottom_top,105x105x105,Merged1_normal_seq13_cube;Merged1_normal_seq13_cube_999999_1,geometry_only,Merged1_normal,13,cube,success,/mnt/scratch/pmywe/GPU/3D_irregular_packing_stream/hpc/results/all_instances_geometry/Merged1_normal_seq13_cube__overlap_distance__bottom_top__instance_size__rng42.json,68.10761785507202,66.68202233314514,True,,2,0.16902969441744953,0.28707914911996546,2,0.16902969441744953,0.28707914911996546
11,Merged1_normal_seq13_cube,overlap_distance,all,105x105x105,Merged1_normal_seq13_cube;Merged1_normal_seq13_cube_999999_1,geometry_only,Merged1_normal,13,cube,success,/mnt/scratch/pmywe/GPU/3D_irregular_packing_stream/hpc/results/all_instances_geometry/Merged1_normal_seq13_cube__overlap_distance__all__instance_size__rng42.json,118.01050543785095,116.60948944091797,True,,2,0.16902969441744953,0.24866256343807364,2,0.16902969441744953,0.24866256343807364
12,Merged1_normal_seq13_cylinder,minimum_aabb_volume,bottom,121x121x121,Merged1_normal_seq13_cylinder;Merged1_normal_seq13_cylinder_999999_1,geometry_only,Merged1_normal,13,cylinder,success,/mnt/scratch/pmywe/GPU/3D_irregular_packing_stream/hpc/results/all_instances_geometry/Merged1_normal_seq13_cylinder__minimum_aabb_volume__bottom__instance_size__rng42.json,101.43687224388123,99.9345166683197,True,,2,0.14063224548122447,0.2648261437267722,2,0.14063224548122447,0.2648261437267722
13,Merged1_normal_seq13_cylinder,minimum_aabb_volume,bottom_top,121x121x121,Merged1_normal_seq13_cylinder;Merged1_normal_seq13_cylinder_999999_1,geometry_only,Merged1_normal,13,cylinder,success,/mnt/scratch/pmywe/GPU/3D_irregular_packing_stream/hpc/results/all_instances_geometry/Merged1_normal_seq13_cylinder__minimum_aabb_volume__bottom_top__instance_size__rng42.json,106.45798826217651,104.93102622032166,True,,2,0.14063224548122447,0.2648261437267722,2,0.14063224548122447,0.2648261437267722
14,Merged1_normal_seq13_cylinder,minimum_aabb_volume,all,121x121x121,Merged1_normal_seq13_cylinder;Merged1_normal_seq13_cylinder_999999_1,geometry_only,Merged1_normal,13,cylinder,success,/mnt/scratch/pmywe/GPU/3D_irregular_packing_stream/hpc/results/all_instances_geometry/Merged1_normal_seq13_cylinder__minimum_aabb_volume__all__instance_size__rng42.json,114.50283789634705,112.97558116912842,True,,2,0.14063224548122447,0.2648261437267722,2,0.14063224548122447,0.2648261437267722
15,Merged1_normal_seq13_cylinder,minimum_aabb_edges_len,bottom,121x121x121,Merged1_normal_seq13_cylinder;Merged1_normal_seq13_cylinder_999999_1,geometry_only,Merged1_normal,13,cylinder,success,/mnt/scratch/pmywe/GPU/3D_irregular_packing_stream/hpc/results/all_instances_geometry/Merged1_normal_seq13_cylinder__minimum_aabb_edges_len__bottom__instance_size__rng42.json,101.2370994091034,99.72795557975769,True,,2,0.14063224548122447,0.23884907034069763,2,0.14063224548122447,0.23884907034069763
16,Merged1_normal_seq13_cylinder,minimum_aabb_edges_len,bottom_top,121x121x121,Merged1_normal_seq13_cylinder;Merged1_normal_seq13_cylinder_999999_1,geometry_only,Merged1_normal,13,cylinder,success,/mnt/scratch/pmywe/GPU/3D_irregular_packing_stream/hpc/results/all_instances_geometry/Merged1_normal_seq13_cylinder__minimum_aabb_edges_len__bottom_top__instance_size__rng42.json,104.48965311050415,102.97361946105957,True,,2,0.14063224548122447,0.2648261437267722,2,0.14063224548122447,0.2648261437267722
17,Merged1_normal_seq13_cylinder,minimum_aabb_edges_len,all,121x121x121,Merged1_normal_seq13_cylinder;Merged1_normal_seq13_cylinder_999999_1,geometry_only,Merged1_normal,13,cylinder,success,/mnt/scratch/pmywe/GPU/3D_irregular_packing_stream/hpc/results/all_instances_geometry/Merged1_normal_seq13_cylinder__minimum_aabb_edges_len__all__instance_size__rng42.json,124.05893588066101,122.5470221042633,True,,2,0.14063224548122447,0.2648261437267722,2,0.14063224548122447,0.2648261437267722
18,Merged1_normal_seq13_cylinder,maximal_residual_box,bottom,121x121x121,Merged1_normal_seq13_cylinder;Merged1_normal_seq13_cylinder_999999_1,geometry_only,Merged1_normal,13,cylinder,success,/mnt/scratch/pmywe/GPU/3D_irregular_packing_stream/hpc/results/all_instances_geometry/Merged1_normal_seq13_cylinder__maximal_residual_box__bottom__instance_size__rng42.json,100.51978540420532,99.03395533561707,True,,2,0.14063224548122447,0.2648261437267722,2,0.14063224548122447,0.2648261437267722
19,Merged1_normal_seq13_cylinder,maximal_residual_box,bottom_top,121x121x121,Merged1_normal_seq13_cylinder;Merged1_normal_seq13_cylinder_999999_1,geometry_only,Merged1_normal,13,cylinder,success,/mnt/scratch/pmywe/GPU/3D_irregular_packing_stream/hpc/results/all_instances_geometry/Merged1_normal_seq13_cylinder__maximal_residual_box__bottom_top__instance_size__rng42.json,103.24889469146729,101.7557201385498,True,,2,0.14063224548122447,0.2648261437267722,2,0.14063224548122447,0.2648261437267722
20,Merged1_normal_seq13_cylinder,maximal_residual_box,all,121x121x121,Merged1_normal_seq13_cylinder;Merged1_normal_seq13_cylinder_999999_1,geometry_only,Merged1_normal,13,cylinder,success,/mnt/scratch/pmywe/GPU/3D_irregular_packing_stream/hpc/results/all_instances_geometry/Merged1_normal_seq13_cylinder__maximal_residual_box__all__instance_size__rng42.json,117.78414630889893,116.28182220458984,True,,2,0.14063224548122447,0.23884907034069763,2,0.14063224548122447,0.23884907034069763
21,Merged1_normal_seq13_cylinder,overlap_distance,bottom,121x121x121,Merged1_normal_seq13_cylinder;Merged1_normal_seq13_cylinder_999999_1,geometry_only,Merged1_normal,13,cylinder,success,/mnt/scratch/pmywe/GPU/3D_irregular_packing_stream/hpc/results/all_instances_geometry/Merged1_normal_seq13_cylinder__overlap_distance__bottom__instance_size__rng42.json,173.00996017456055,171.49711966514587,True,,2,0.14063224548122447,0.2648261437267722,2,0.14063224548122447,0.2648261437267722
22,Merged1_normal_seq13_cylinder,overlap_distance,bottom_top,121x121x121,Merged1_normal_seq13_cylinder;Merged1_normal_seq13_cylinder_999999_1,geometry_only,Merged1_normal,13,cylinder,success,/mnt/scratch/pmywe/GPU/3D_irregular_packing_stream/hpc/results/all_instances_geometry/Merged1_normal_seq13_cylinder__overlap_distance__bottom_top__instance_size__rng42.json,191.71890664100647,190.20850896835327,True,,2,0.14063224548122447,0.23884907034069763,2,0.14063224548122447,0.23884907034069763
23,Merged1_normal_seq13_cylinder,overlap_distance,all,121x121x121,Merged1_normal_seq13_cylinder;Merged1_normal_seq13_cylinder_999999_1,geometry_only,Merged1_normal,13,cylinder,success,/mnt/scratch/pmywe/GPU/3D_irregular_packing_stream/hpc/results/all_instances_geometry/Merged1_normal_seq13_cylinder__overlap_distance__all__instance_size__rng42.json,278.37471985816956,276.86797165870667,True,,2,0.14063224548122447,0.2648261437267722,2,0.14063224548122447,0.2648261437267722
24,Merged1_normal_seq19_cube,minimum_aabb_volume,bottom,105x105x105,Merged1_normal_seq19_cube;Merged1_normal_seq19_cube_999999_1,geometry_only,Merged1_normal,19,cube,success,/mnt/scratch/pmywe/GPU/3D_irregular_packing_stream/hpc/results/all_instances_geometry/Merged1_normal_seq19_cube__minimum_aabb_volume__bottom__instance_size__rng42.json,17.748067617416382,16.334845542907715,True,,2,0.16902969441744953,0.28260619803476944,2,0.16902969441744953,0.28260619803476944
25,Merged1_normal_seq19_cube,minimum_aabb_volume,bottom_top,105x105x105,Merged1_normal_seq19_cube;Merged1_normal_seq19_cube_999999_1,geometry_only,Merged1_normal,19,cube,success,/mnt/scratch/pmywe/GPU/3D_irregular_packing_stream/hpc/results/all_instances_geometry/Merged1_normal_seq19_cube__minimum_aabb_volume__bottom_top__instance_size__rng42.json,18.835313320159912,17.52672791481018,True,,2,0.16902969441744953,0.28260619803476944,2,0.16902969441744953,0.28260619803476944
26,Merged1_normal_seq19_cube,minimum_aabb_volume,all,105x105x105,Merged1_normal_seq19_cube;Merged1_normal_seq19_cube_999999_1,geometry_only,Merged1_normal,19,cube,success,/mnt/scratch/pmywe/GPU/3D_irregular_packing_stream/hpc/results/all_instances_geometry/Merged1_normal_seq19_cube__minimum_aabb_volume__all__instance_size__rng42.json,26.705724000930786,25.40901517868042,True,,2,0.16902969441744953,0.27988510959939533,2,0.16902969441744953,0.27988510959939533
27,Merged1_normal_seq19_cube,minimum_aabb_edges_len,bottom,105x105x105,Merged1_normal_seq19_cube;Merged1_normal_seq19_cube_999999_1,geometry_only,Merged1_normal,19,cube,success,/mnt/scratch/pmywe/GPU/3D_irregular_packing_stream/hpc/results/all_instances_geometry/Merged1_normal_seq19_cube__minimum_aabb_edges_len__bottom__instance_size__rng42.json,19.908817768096924,18.51201343536377,True,,2,0.16902969441744953,0.27988510959939533,2,0.16902969441744953,0.27988510959939533
28,Merged1_normal_seq19_cube,minimum_aabb_edges_len,bottom_top,105x105x105,Merged1_normal_seq19_cube;Merged1_normal_seq19_cube_999999_1,geometry_only,Merged1_normal,19,cube,success,/mnt/scratch/pmywe/GPU/3D_irregular_packing_stream/hpc/results/all_instances_geometry/Merged1_normal_seq19_cube__minimum_aabb_edges_len__bottom_top__instance_size__rng42.json,20.496854543685913,19.211668491363525,True,,2,0.16902969441744953,0.27988510959939533,2,0.16902969441744953,0.27988510959939533
29,Merged1_normal_seq19_cube,minimum_aabb_edges_len,all,105x105x105,Merged1_normal_seq19_cube;Merged1_normal_seq19_cube_999999_1,geometry_only,Merged1_normal,19,cube,success,/mnt/scratch/pmywe/GPU/3D_irregular_packing_stream/hpc/results/all_instances_geometry/Merged1_normal_seq19_cube__minimum_aabb_edges_len__all__instance_size__rng42.json,26.291064977645874,24.9945068359375,True,,2,0.16902969441744953,0.27574732750242953,2,0.16902969441744953,0.27574732750242953
30,Merged1_normal_seq19_cube,maximal_residual_box,bottom,105x105x105,Merged1_normal_seq19_cube;Merged1_normal_seq19_cube_999999_1,geometry_only,Merged1_normal,19,cube,success,/mnt/scratch/pmywe/GPU/3D_irregular_packing_stream/hpc/results/all_instances_geometry/Merged1_normal_seq19_cube__maximal_residual_box__bottom__instance_size__rng42.json,18.154604196548462,16.768001317977905,True,,2,0.16902969441744953,0.29964280315300723,2,0.16902969441744953,0.29964280315300723
31,Merged1_normal_seq19_cube,maximal_residual_box,bottom_top,105x105x105,Merged1_normal_seq19_cube;Merged1_normal_seq19_cube_999999_1,geometry_only,Merged1_normal,19,cube,success,/mnt/scratch/pmywe/GPU/3D_irregular_packing_stream/hpc/results/all_instances_geometry/Merged1_normal_seq19_cube__maximal_residual_box__bottom_top__instance_size__rng42.json,18.46477198600769,17.16822338104248,True,,2,0.16902969441744953,0.29964280315300723,2,0.16902969441744953,0.29964280315300723
32,Merged1_normal_seq19_cube,maximal_residual_box,all,105x105x105,Merged1_normal_seq19_cube;Merged1_normal_seq19_cube_999999_1,geometry_only,Merged1_normal,19,cube,success,/mnt/scratch/pmywe/GPU/3D_irregular_packing_stream/hpc/results/all_instances_geometry/Merged1_normal_seq19_cube__maximal_residual_box__all__instance_size__rng42.json,26.98078203201294,25.721537590026855,True,,2,0.16902969441744953,0.28260619803476944,2,0.16902969441744953,0.28260619803476944
33,Merged1_normal_seq19_cube,overlap_distance,bottom,105x105x105,Merged1_normal_seq19_cube;Merged1_normal_seq19_cube_999999_1,geometry_only,Merged1_normal,19,cube,success,/mnt/scratch/pmywe/GPU/3D_irregular_packing_stream/hpc/results/all_instances_geometry/Merged1_normal_seq19_cube__overlap_distance__bottom__instance_size__rng42.json,52.56193017959595,51.177433252334595,True,,1,0.33805938883489905,0.33805938883489905,1,0.33805938883489905,0.33805938883489905
34,Merged1_normal_seq19_cube,overlap_distance,bottom_top,105x105x105,Merged1_normal_seq19_cube;Merged1_normal_seq19_cube_999999_1,geometry_only,Merged1_normal,19,cube,success,/mnt/scratch/pmywe/GPU/3D_irregular_packing_stream/hpc/results/all_instances_geometry/Merged1_normal_seq19_cube__overlap_distance__bottom_top__instance_size__rng42.json,65.91702961921692,64.61429619789124,True,,1,0.33805938883489905,0.33805938883489905,1,0.33805938883489905,0.33805938883489905
35,Merged1_normal_seq19_cube,overlap_distance,all,105x105x105,Merged1_normal_seq19_cube;Merged1_normal_seq19_cube_999999_1,geometry_only,Merged1_normal,19,cube,success,/mnt/scratch/pmywe/GPU/3D_irregular_packing_stream/hpc/results/all_instances_geometry/Merged1_normal_seq19_cube__overlap_distance__all__instance_size__rng42.json,114.66659998893738,113.21852660179138,True,,2,0.16902969441744953,0.27988510959939533,2,0.16902969441744953,0.27988510959939533
36,Merged1_normal_seq19_cylinder,minimum_aabb_volume,bottom,121x121x121,Merged1_normal_seq19_cylinder;Merged1_normal_seq19_cylinder_999999_1,geometry_only,Merged1_normal,19,cylinder,success,/mnt/scratch/pmywe/GPU/3D_irregular_packing_stream/hpc/results/all_instances_geometry/Merged1_normal_seq19_cylinder__minimum_aabb_volume__bottom__instance_size__rng42.json,95.98393368721008,94.48631858825684,True,,2,0.14063224548122447,0.24930199628489497,2,0.14063224548122447,0.24930199628489497
37,Merged1_normal_seq19_cylinder,minimum_aabb_volume,bottom_top,121x121x121,Merged1_normal_seq19_cylinder;Merged1_normal_seq19_cylinder_999999_1,geometry_only,Merged1_normal,19,cylinder,success,/mnt/scratch/pmywe/GPU/3D_irregular_packing_stream/hpc/results/all_instances_geometry/Merged1_normal_seq19_cylinder__minimum_aabb_volume__bottom_top__instance_size__rng42.json,101.68526124954224,100.20452499389648,True,,2,0.14063224548122447,0.24930199628489497,2,0.14063224548122447,0.24930199628489497
38,Merged1_normal_seq19_cylinder,minimum_aabb_volume,all,121x121x121,Merged1_normal_seq19_cylinder;Merged1_normal_seq19_cylinder_999999_1,geometry_only,Merged1_normal,19,cylinder,success,/mnt/scratch/pmywe/GPU/3D_irregular_packing_stream/hpc/results/all_instances_geometry/Merged1_normal_seq19_cylinder__minimum_aabb_volume__all__instance_size__rng42.json,117.36287498474121,115.86715388298035,True,,2,0.14063224548122447,0.2648261437267722,2,0.14063224548122447,0.2648261437267722
39,Merged1_normal_seq19_cylinder,minimum_aabb_edges_len,bottom,121x121x121,Merged1_normal_seq19_cylinder;Merged1_normal_seq19_cylinder_999999_1,geometry_only,Merged1_normal,19,cylinder,success,/mnt/scratch/pmywe/GPU/3D_irregular_packing_stream/hpc/results/all_instances_geometry/Merged1_normal_seq19_cylinder__minimum_aabb_edges_len__bottom__instance_size__rng42.json,98.09144115447998,96.5958366394043,True,,2,0.14063224548122447,0.24930199628489497,2,0.14063224548122447,0.24930199628489497
40,Merged1_normal_seq19_cylinder,minimum_aabb_edges_len,bottom_top,121x121x121,Merged1_normal_seq19_cylinder;Merged1_normal_seq19_cylinder_999999_1,geometry_only,Merged1_normal,19,cylinder,success,/mnt/scratch/pmywe/GPU/3D_irregular_packing_stream/hpc/results/all_instances_geometry/Merged1_normal_seq19_cylinder__minimum_aabb_edges_len__bottom_top__instance_size__rng42.json,105.95478796958923,104.46200108528137,True,,2,0.14063224548122447,0.2648261437267722,2,0.14063224548122447,0.2648261437267722
41,Merged1_normal_seq19_cylinder,minimum_aabb_edges_len,all,121x121x121,Merged1_normal_seq19_cylinder;Merged1_normal_seq19_cylinder_999999_1,geometry_only,Merged1_normal,19,cylinder,success,/mnt/scratch/pmywe/GPU/3D_irregular_packing_stream/hpc/results/all_instances_geometry/Merged1_normal_seq19_cylinder__minimum_aabb_edges_len__all__instance_size__rng42.json,120.34147357940674,118.84492611885071,True,,2,0.14063224548122447,0.2648261437267722,2,0.14063224548122447,0.2648261437267722
42,Merged1_normal_seq19_cylinder,maximal_residual_box,bottom,121x121x121,Merged1_normal_seq19_cylinder;Merged1_normal_seq19_cylinder_999999_1,geometry_only,Merged1_normal,19,cylinder,success,/mnt/scratch/pmywe/GPU/3D_irregular_packing_stream/hpc/results/all_instances_geometry/Merged1_normal_seq19_cylinder__maximal_residual_box__bottom__instance_size__rng42.json,99.47982549667358,97.97983455657959,True,,2,0.14063224548122447,0.26138352028943,2,0.14063224548122447,0.26138352028943
43,Merged1_normal_seq19_cylinder,maximal_residual_box,bottom_top,121x121x121,Merged1_normal_seq19_cylinder;Merged1_normal_seq19_cylinder_999999_1,geometry_only,Merged1_normal,19,cylinder,success,/mnt/scratch/pmywe/GPU/3D_irregular_packing_stream/hpc/results/all_instances_geometry/Merged1_normal_seq19_cylinder__maximal_residual_box__bottom_top__instance_size__rng42.json,104.63711833953857,103.13623452186584,True,,2,0.14063224548122447,0.26138352028943,2,0.14063224548122447,0.26138352028943
44,Merged1_normal_seq19_cylinder,maximal_residual_box,all,121x121x121,Merged1_normal_seq19_cylinder;Merged1_normal_seq19_cylinder_999999_1,geometry_only,Merged1_normal,19,cylinder,success,/mnt/scratch/pmywe/GPU/3D_irregular_packing_stream/hpc/results/all_instances_geometry/Merged1_normal_seq19_cylinder__maximal_residual_box__all__instance_size__rng42.json,120.31057071685791,118.79195499420166,True,,2,0.14063224548122447,0.23286364904921827,2,0.14063224548122447,0.23286364904921827
45,Merged1_normal_seq19_cylinder,overlap_distance,bottom,121x121x121,Merged1_normal_seq19_cylinder;Merged1_normal_seq19_cylinder_999999_1,geometry_only,Merged1_normal,19,cylinder,success,/mnt/scratch/pmywe/GPU/3D_irregular_packing_stream/hpc/results/all_instances_geometry/Merged1_normal_seq19_cylinder__overlap_distance__bottom__instance_size__rng42.json,162.4763741493225,160.98039555549622,True,,2,0.14063224548122447,0.2648261437267722,2,0.14063224548122447,0.2648261437267722
46,Merged1_normal_seq19_cylinder,overlap_distance,bottom_top,121x121x121,Merged1_normal_seq19_cylinder;Merged1_normal_seq19_cylinder_999999_1,geometry_only,Merged1_normal,19,cylinder,success,/mnt/scratch/pmywe/GPU/3D_irregular_packing_stream/hpc/results/all_instances_geometry/Merged1_normal_seq19_cylinder__overlap_distance__bottom_top__instance_size__rng42.json,196.11220359802246,194.60201811790466,True,,2,0.14063224548122447,0.2648261437267722,2,0.14063224548122447,0.2648261437267722
47,Merged1_normal_seq19_cylinder,overlap_distance,all,121x121x121,Merged1_normal_seq19_cylinder;Merged1_normal_seq19_cylinder_999999_1,geometry_only,Merged1_normal,19,cylinder,success,/mnt/scratch/pmywe/GPU/3D_irregular_packing_stream/hpc/results/all_instances_geometry/Merged1_normal_seq19_cylinder__overlap_distance__all__instance_size__rng42.json,295.7675471305847,294.26821732521057,True,,2,0.14063224548122447,0.2648261437267722,2,0.14063224548122447,0.2648261437267722
48,Merged1_normal_seq3_cube,minimum_aabb_volume,bottom,105x105x105,Merged1_normal_seq3_cube;Merged1_normal_seq3_cube_999999_1,geometry_only,Merged1_normal,3,cube,success,/mnt/scratch/pmywe/GPU/3D_irregular_packing_stream/hpc/results/all_instances_geometry/Merged1_normal_seq3_cube__minimum_aabb_volume__bottom__instance_size__rng42.json,16.90377140045166,15.478978872299194,True,,2,0.16902969441744953,0.301516466904222,2,0.16902969441744953,0.301516466904222
49,Merged1_normal_seq3_cube,minimum_aabb_volume,bottom_top,105x105x105,Merged1_normal_seq3_cube;Merged1_normal_seq3_cube_999999_1,geometry_only,Merged1_normal,3,cube,success,/mnt/scratch/pmywe/GPU/3D_irregular_packing_stream/hpc/results/all_instances_geometry/Merged1_normal_seq3_cube__minimum_aabb_volume__bottom_top__instance_size__rng42.json,19.20959973335266,17.90643000602722,True,,2,0.16902969441744953,0.301516466904222,2,0.16902969441744953,0.301516466904222
50,Merged1_normal_seq3_cube,minimum_aabb_volume,all,105x105x105,Merged1_normal_seq3_cube;Merged1_normal_seq3_cube_999999_1,geometry_only,Merged1_normal,3,cube,success,/mnt/scratch/pmywe/GPU/3D_irregular_packing_stream/hpc/results/all_instances_geometry/Merged1_normal_seq3_cube__minimum_aabb_volume__all__instance_size__rng42.json,24.777992963790894,23.485100030899048,True,,2,0.16902969441744953,0.2776209912536443,2,0.16902969441744953,0.2776209912536443
51,Merged1_normal_seq3_cube,minimum_aabb_edges_len,bottom,105x105x105,Merged1_normal_seq3_cube;Merged1_normal_seq3_cube_999999_1,geometry_only,Merged1_normal,3,cube,success,/mnt/scratch/pmywe/GPU/3D_irregular_packing_stream/hpc/results/all_instances_geometry/Merged1_normal_seq3_cube__minimum_aabb_edges_len__bottom__instance_size__rng42.json,17.198543548583984,15.808225631713867,True,,2,0.16902969441744953,0.2776209912536443,2,0.16902969441744953,0.2776209912536443
52,Merged1_normal_seq3_cube,minimum_aabb_edges_len,bottom_top,105x105x105,Merged1_normal_seq3_cube;Merged1_normal_seq3_cube_999999_1,geometry_only,Merged1_normal,3,cube,success,/mnt/scratch/pmywe/GPU/3D_irregular_packing_stream/hpc/results/all_instances_geometry/Merged1_normal_seq3_cube__minimum_aabb_edges_len__bottom_top__instance_size__rng42.json,19.14544677734375,17.88243317604065,True,,2,0.16902969441744953,0.301516466904222,2,0.16902969441744953,0.301516466904222
53,Merged1_normal_seq3_cube,minimum_aabb_edges_len,all,105x105x105,Merged1_normal_seq3_cube;Merged1_normal_seq3_cube_999999_1,geometry_only,Merged1_normal,3,cube,success,/mnt/scratch/pmywe/GPU/3D_irregular_packing_stream/hpc/results/all_instances_geometry/Merged1_normal_seq3_cube__minimum_aabb_edges_len__all__instance_size__rng42.json,22.893829822540283,21.59824228286743,True,,2,0.16902969441744953,0.301516466904222,2,0.16902969441744953,0.301516466904222
54,Merged1_normal_seq3_cube,maximal_residual_box,bottom,105x105x105,Merged1_normal_seq3_cube;Merged1_normal_seq3_cube_999999_1,geometry_only,Merged1_normal,3,cube,success,/mnt/scratch/pmywe/GPU/3D_irregular_packing_stream/hpc/results/all_instances_geometry/Merged1_normal_seq3_cube__maximal_residual_box__bottom__instance_size__rng42.json,16.10656476020813,14.720198392868042,True,,2,0.16902969441744953,0.301516466904222,2,0.16902969441744953,0.301516466904222
55,Merged1_normal_seq3_cube,maximal_residual_box,bottom_top,105x105x105,Merged1_normal_seq3_cube;Merged1_normal_seq3_cube_999999_1,geometry_only,Merged1_normal,3,cube,success,/mnt/scratch/pmywe/GPU/3D_irregular_packing_stream/hpc/results/all_instances_geometry/Merged1_normal_seq3_cube__maximal_residual_box__bottom_top__instance_size__rng42.json,18.33376431465149,17.04624342918396,True,,2,0.16902969441744953,0.301516466904222,2,0.16902969441744953,0.301516466904222
56,Merged1_normal_seq3_cube,maximal_residual_box,all,105x105x105,Merged1_normal_seq3_cube;Merged1_normal_seq3_cube_999999_1,geometry_only,Merged1_normal,3,cube,success,/mnt/scratch/pmywe/GPU/3D_irregular_packing_stream/hpc/results/all_instances_geometry/Merged1_normal_seq3_cube__maximal_residual_box__all__instance_size__rng42.json,24.401569843292236,23.097920179367065,True,,2,0.16902969441744953,0.301516466904222,2,0.16902969441744953,0.301516466904222
57,Merged1_normal_seq3_cube,overlap_distance,bottom,105x105x105,Merged1_normal_seq3_cube;Merged1_normal_seq3_cube_999999_1,geometry_only,Merged1_normal,3,cube,success,/mnt/scratch/pmywe/GPU/3D_irregular_packing_stream/hpc/results/all_instances_geometry/Merged1_normal_seq3_cube__overlap_distance__bottom__instance_size__rng42.json,71.95372343063354,70.56015133857727,True,,2,0.16902969441744953,0.301516466904222,2,0.16902969441744953,0.301516466904222
58,Merged1_normal_seq3_cube,overlap_distance,bottom_top,105x105x105,Merged1_normal_seq3_cube;Merged1_normal_seq3_cube_999999_1,geometry_only,Merged1_normal,3,cube,success,/mnt/scratch/pmywe/GPU/3D_irregular_packing_stream/hpc/results/all_instances_geometry/Merged1_normal_seq3_cube__overlap_distance__bottom_top__instance_size__rng42.json,62.748122215270996,61.32957339286804,True,,2,0.16902969441744953,0.301516466904222,2,0.16902969441744953,0.301516466904222
59,Merged1_normal_seq3_cube,overlap_distance,all,105x105x105,Merged1_normal_seq3_cube;Merged1_normal_seq3_cube_999999_1,geometry_only,Merged1_normal,3,cube,success,/mnt/scratch/pmywe/GPU/3D_irregular_packing_stream/hpc/results/all_instances_geometry/Merged1_normal_seq3_cube__overlap_distance__all__instance_size__rng42.json,103.64190340042114,102.21271848678589,True,,2,0.16902969441744953,0.2630998812223302,2,0.16902969441744953,0.2630998812223302
60,Merged1_normal_seq3_cylinder,minimum_aabb_volume,bottom,121x121x121,Merged1_normal_seq3_cylinder;Merged1_normal_seq3_cylinder_999999_1,geometry_only,Merged1_normal,3,cylinder,success,/mnt/scratch/pmywe/GPU/3D_irregular_packing_stream/hpc/results/all_instances_geometry/Merged1_normal_seq3_cylinder__minimum_aabb_volume__bottom__instance_size__rng42.json,99.4903736114502,97.99343824386597,True,,2,0.14063224548122447,0.25086087942385016,2,0.14063224548122447,0.25086087942385016
61,Merged1_normal_seq3_cylinder,minimum_aabb_volume,bottom_top,121x121x121,Merged1_normal_seq3_cylinder;Merged1_normal_seq3_cylinder_999999_1,geometry_only,Merged1_normal,3,cylinder,success,/mnt/scratch/pmywe/GPU/3D_irregular_packing_stream/hpc/results/all_instances_geometry/Merged1_normal_seq3_cylinder__minimum_aabb_volume__bottom_top__instance_size__rng42.json,104.13523411750793,102.61067986488342,True,,2,0.14063224548122447,0.25086087942385016,2,0.14063224548122447,0.25086087942385016
62,Merged1_normal_seq3_cylinder,minimum_aabb_volume,all,121x121x121,Merged1_normal_seq3_cylinder;Merged1_normal_seq3_cylinder_999999_1,geometry_only,Merged1_normal,3,cylinder,success,/mnt/scratch/pmywe/GPU/3D_irregular_packing_stream/hpc/results/all_instances_geometry/Merged1_normal_seq3_cylinder__minimum_aabb_volume__all__instance_size__rng42.json,117.82203674316406,116.30923628807068,True,,2,0.14063224548122447,0.2188983847462962,2,0.14063224548122447,0.2188983847462962
63,Merged1_normal_seq3_cylinder,minimum_aabb_edges_len,bottom,121x121x121,Merged1_normal_seq3_cylinder;Merged1_normal_seq3_cylinder_999999_1,geometry_only,Merged1_normal,3,cylinder,success,/mnt/scratch/pmywe/GPU/3D_irregular_packing_stream/hpc/results/all_instances_geometry/Merged1_normal_seq3_cylinder__minimum_aabb_edges_len__bottom__instance_size__rng42.json,102.15411853790283,100.64152193069458,True,,1,0.28126449096244893,0.28126449096244893,1,0.28126449096244893,0.28126449096244893
64,Merged1_normal_seq3_cylinder,minimum_aabb_edges_len,bottom_top,121x121x121,Merged1_normal_seq3_cylinder;Merged1_normal_seq3_cylinder_999999_1,geometry_only,Merged1_normal,3,cylinder,success,/mnt/scratch/pmywe/GPU/3D_irregular_packing_stream/hpc/results/all_instances_geometry/Merged1_normal_seq3_cylinder__minimum_aabb_edges_len__bottom_top__instance_size__rng42.json,105.31108903884888,103.79997825622559,True,,1,0.28126449096244893,0.28126449096244893,1,0.28126449096244893,0.28126449096244893
65,Merged1_normal_seq3_cylinder,minimum_aabb_edges_len,all,121x121x121,Merged1_normal_seq3_cylinder;Merged1_normal_seq3_cylinder_999999_1,geometry_only,Merged1_normal,3,cylinder,success,/mnt/scratch/pmywe/GPU/3D_irregular_packing_stream/hpc/results/all_instances_geometry/Merged1_normal_seq3_cylinder__minimum_aabb_edges_len__all__instance_size__rng42.json,124.08586859703064,122.57523965835571,True,,2,0.14063224548122447,0.22716499325909584,2,0.14063224548122447,0.22716499325909584
66,Merged1_normal_seq3_cylinder,maximal_residual_box,bottom,121x121x121,Merged1_normal_seq3_cylinder;Merged1_normal_seq3_cylinder_999999_1,geometry_only,Merged1_normal,3,cylinder,success,/mnt/scratch/pmywe/GPU/3D_irregular_packing_stream/hpc/results/all_instances_geometry/Merged1_normal_seq3_cylinder__maximal_residual_box__bottom__instance_size__rng42.json,100.78117227554321,99.2487485408783,True,,2,0.14063224548122447,0.25086087942385016,2,0.14063224548122447,0.25086087942385016
67,Merged1_normal_seq3_cylinder,maximal_residual_box,bottom_top,121x121x121,Merged1_normal_seq3_cylinder;Merged1_normal_seq3_cylinder_999999_1,geometry_only,Merged1_normal,3,cylinder,success,/mnt/scratch/pmywe/GPU/3D_irregular_packing_stream/hpc/results/all_instances_geometry/Merged1_normal_seq3_cylinder__maximal_residual_box__bottom_top__instance_size__rng42.json,105.72556924819946,104.21121287345886,True,,1,0.28126449096244893,0.28126449096244893,1,0.28126449096244893,0.28126449096244893
68,Merged1_normal_seq3_cylinder,maximal_residual_box,all,121x121x121,Merged1_normal_seq3_cylinder;Merged1_normal_seq3_cylinder_999999_1,geometry_only,Merged1_normal,3,cylinder,success,/mnt/scratch/pmywe/GPU/3D_irregular_packing_stream/hpc/results/all_instances_geometry/Merged1_normal_seq3_cylinder__maximal_residual_box__all__instance_size__rng42.json,114.93858075141907,113.40497255325317,True,,2,0.14063224548122447,0.25086087942385016,2,0.14063224548122447,0.25086087942385016
69,Merged1_normal_seq3_cylinder,overlap_distance,bottom,121x121x121,Merged1_normal_seq3_cylinder;Merged1_normal_seq3_cylinder_999999_1,geometry_only,Merged1_normal,3,cylinder,success,/mnt/scratch/pmywe/GPU/3D_irregular_packing_stream/hpc/results/all_instances_geometry/Merged1_normal_seq3_cylinder__overlap_distance__bottom__instance_size__rng42.json,135.68805313110352,134.1641914844513,True,,2,0.14063224548122447,0.23097990875083124,2,0.14063224548122447,0.23097990875083124
70,Merged1_normal_seq3_cylinder,overlap_distance,bottom_top,121x121x121,Merged1_normal_seq3_cylinder;Merged1_normal_seq3_cylinder_999999_1,geometry_only,Merged1_normal,3,cylinder,success,/mnt/scratch/pmywe/GPU/3D_irregular_packing_stream/hpc/results/all_instances_geometry/Merged1_normal_seq3_cylinder__overlap_distance__bottom_top__instance_size__rng42.json,172.3012571334839,170.78319573402405,True,,2,0.14063224548122447,0.23097990875083124,2,0.14063224548122447,0.23097990875083124
71,Merged1_normal_seq3_cylinder,overlap_distance,all,121x121x121,Merged1_normal_seq3_cylinder;Merged1_normal_seq3_cylinder_999999_1,geometry_only,Merged1_normal,3,cylinder,success,/mnt/scratch/pmywe/GPU/3D_irregular_packing_stream/hpc/results/all_instances_geometry/Merged1_normal_seq3_cylinder__overlap_distance__all__instance_size__rng42.json,283.8205051422119,282.29654264450073,True,,2,0.14063224548122447,0.2188983847462962,2,0.14063224548122447,0.2188983847462962
72,Merged1_normal_seq53_cube,minimum_aabb_volume,bottom,105x105x105,Merged1_normal_seq53_cube;Merged1_normal_seq53_cube_999999_1,geometry_only,Merged1_normal,53,cube,success,/mnt/scratch/pmywe/GPU/3D_irregular_packing_stream/hpc/results/all_instances_geometry/Merged1_normal_seq53_cube__minimum_aabb_volume__bottom__instance_size__rng42.json,18.609769821166992,17.175198316574097,True,,2,0.16902969441744953,0.3183016952812871,2,0.16902969441744953,0.3183016952812871
73,Merged1_normal_seq53_cube,minimum_aabb_volume,bottom_top,105x105x105,Merged1_normal_seq53_cube;Merged1_normal_seq53_cube_999999_1,geometry_only,Merged1_normal,53,cube,success,/mnt/scratch/pmywe/GPU/3D_irregular_packing_stream/hpc/results/all_instances_geometry/Merged1_normal_seq53_cube__minimum_aabb_volume__bottom_top__instance_size__rng42.json,18.819142818450928,17.494359493255615,True,,2,0.16902969441744953,0.3183016952812871,2,0.16902969441744953,0.3183016952812871
74,Merged1_normal_seq53_cube,minimum_aabb_volume,all,105x105x105,Merged1_normal_seq53_cube;Merged1_normal_seq53_cube_999999_1,geometry_only,Merged1_normal,53,cube,success,/mnt/scratch/pmywe/GPU/3D_irregular_packing_stream/hpc/results/all_instances_geometry/Merged1_normal_seq53_cube__minimum_aabb_volume__all__instance_size__rng42.json,25.701998472213745,24.369762182235718,True,,2,0.16902969441744953,0.301516466904222,2,0.16902969441744953,0.301516466904222
75,Merged1_normal_seq53_cube,minimum_aabb_edges_len,bottom,105x105x105,Merged1_normal_seq53_cube;Merged1_normal_seq53_cube_999999_1,geometry_only,Merged1_normal,53,cube,success,/mnt/scratch/pmywe/GPU/3D_irregular_packing_stream/hpc/results/all_instances_geometry/Merged1_normal_seq53_cube__minimum_aabb_edges_len__bottom__instance_size__rng42.json,17.828145265579224,16.434768199920654,True,,1,0.33805938883489905,0.33805938883489905,1,0.33805938883489905,0.33805938883489905
76,Merged1_normal_seq53_cube,minimum_aabb_edges_len,bottom_top,105x105x105,Merged1_normal_seq53_cube;Merged1_normal_seq53_cube_999999_1,geometry_only,Merged1_normal,53,cube,success,/mnt/scratch/pmywe/GPU/3D_irregular_packing_stream/hpc/results/all_instances_geometry/Merged1_normal_seq53_cube__minimum_aabb_edges_len__bottom_top__instance_size__rng42.json,22.074657440185547,20.756718635559082,True,,2,0.16902969441744953,0.3183016952812871,2,0.16902969441744953,0.3183016952812871
77,Merged1_normal_seq53_cube,minimum_aabb_edges_len,all,105x105x105,Merged1_normal_seq53_cube;Merged1_normal_seq53_cube_999999_1,geometry_only,Merged1_normal,53,cube,success,/mnt/scratch/pmywe/GPU/3D_irregular_packing_stream/hpc/results/all_instances_geometry/Merged1_normal_seq53_cube__minimum_aabb_edges_len__all__instance_size__rng42.json,25.331474781036377,24.009863138198853,True,,2,0.16902969441744953,0.3183016952812871,2,0.16902969441744953,0.3183016952812871
78,Merged1_normal_seq53_cube,maximal_residual_box,bottom,105x105x105,Merged1_normal_seq53_cube;Merged1_normal_seq53_cube_999999_1,geometry_only,Merged1_normal,53,cube,success,/mnt/scratch/pmywe/GPU/3D_irregular_packing_stream/hpc/results/all_instances_geometry/Merged1_normal_seq53_cube__maximal_residual_box__bottom__instance_size__rng42.json,18.519803762435913,17.132697582244873,True,,1,0.33805938883489905,0.33805938883489905,1,0.33805938883489905,0.33805938883489905
79,Merged1_normal_seq53_cube,maximal_residual_box,bottom_top,105x105x105,Merged1_normal_seq53_cube;Merged1_normal_seq53_cube_999999_1,geometry_only,Merged1_normal,53,cube,success,/mnt/scratch/pmywe/GPU/3D_irregular_packing_stream/hpc/results/all_instances_geometry/Merged1_normal_seq53_cube__maximal_residual_box__bottom_top__instance_size__rng42.json,19.417860984802246,18.090513467788696,True,,1,0.33805938883489905,0.33805938883489905,1,0.33805938883489905,0.33805938883489905
80,Merged1_normal_seq53_cube,maximal_residual_box,all,105x105x105,Merged1_normal_seq53_cube;Merged1_normal_seq53_cube_999999_1,geometry_only,Merged1_normal,53,cube,success,/mnt/scratch/pmywe/GPU/3D_irregular_packing_stream/hpc/results/all_instances_geometry/Merged1_normal_seq53_cube__maximal_residual_box__all__instance_size__rng42.json,27.19441556930542,25.891287088394165,True,,2,0.16902969441744953,0.278845912968362,2,0.16902969441744953,0.278845912968362
81,Merged1_normal_seq53_cube,overlap_distance,bottom,105x105x105,Merged1_normal_seq53_cube;Merged1_normal_seq53_cube_999999_1,geometry_only,Merged1_normal,53,cube,success,/mnt/scratch/pmywe/GPU/3D_irregular_packing_stream/hpc/results/all_instances_geometry/Merged1_normal_seq53_cube__overlap_distance__bottom__instance_size__rng42.json,55.1721453666687,53.763290882110596,True,,2,0.16902969441744953,0.3183016952812871,2,0.16902969441744953,0.3183016952812871
82,Merged1_normal_seq53_cube,overlap_distance,bottom_top,105x105x105,Merged1_normal_seq53_cube;Merged1_normal_seq53_cube_999999_1,geometry_only,Merged1_normal,53,cube,success,/mnt/scratch/pmywe/GPU/3D_irregular_packing_stream/hpc/results/all_instances_geometry/Merged1_normal_seq53_cube__overlap_distance__bottom_top__instance_size__rng42.json,58.81985592842102,57.50485181808472,True,,2,0.16902969441744953,0.301516466904222,2,0.16902969441744953,0.301516466904222
83,Merged1_normal_seq53_cube,overlap_distance,all,105x105x105,Merged1_normal_seq53_cube;Merged1_normal_seq53_cube_999999_1,geometry_only,Merged1_normal,53,cube,success,/mnt/scratch/pmywe/GPU/3D_irregular_packing_stream/hpc/results/all_instances_geometry/Merged1_normal_seq53_cube__overlap_distance__all__instance_size__rng42.json,106.89210104942322,105.44309496879578,True,,2,0.16902969441744953,0.28175877335061006,2,0.16902969441744953,0.28175877335061006
84,Merged1_normal_seq53_cylinder,minimum_aabb_volume,bottom,121x121x121,Merged1_normal_seq53_cylinder;Merged1_normal_seq53_cylinder_999999_1,geometry_only,Merged1_normal,53,cylinder,success,/mnt/scratch/pmywe/GPU/3D_irregular_packing_stream/hpc/results/all_instances_geometry/Merged1_normal_seq53_cylinder__minimum_aabb_volume__bottom__instance_size__rng42.json,98.21370673179626,96.69264006614685,True,,2,0.14063224548122447,0.26240265182056804,2,0.14063224548122447,0.26240265182056804
85,Merged1_normal_seq53_cylinder,minimum_aabb_volume,bottom_top,121x121x121,Merged1_normal_seq53_cylinder;Merged1_normal_seq53_cylinder_999999_1,geometry_only,Merged1_normal,53,cylinder,success,/mnt/scratch/pmywe/GPU/3D_irregular_packing_stream/hpc/results/all_instances_geometry/Merged1_normal_seq53_cylinder__minimum_aabb_volume__bottom_top__instance_size__rng42.json,103.25739693641663,101.70654892921448,True,,2,0.14063224548122447,0.26240265182056804,2,0.14063224548122447,0.26240265182056804
86,Merged1_normal_seq53_cylinder,minimum_aabb_volume,all,121x121x121,Merged1_normal_seq53_cylinder;Merged1_normal_seq53_cylinder_999999_1,geometry_only,Merged1_normal,53,cylinder,success,/mnt/scratch/pmywe/GPU/3D_irregular_packing_stream/hpc/results/all_instances_geometry/Merged1_normal_seq53_cylinder__minimum_aabb_volume__all__instance_size__rng42.json,115.14912796020508,113.61943936347961,True,,2,0.14063224548122447,0.2648261437267722,2,0.14063224548122447,0.2648261437267722
87,Merged1_normal_seq53_cylinder,minimum_aabb_edges_len,bottom,121x121x121,Merged1_normal_seq53_cylinder;Merged1_normal_seq53_cylinder_999999_1,geometry_only,Merged1_normal,53,cylinder,success,/mnt/scratch/pmywe/GPU/3D_irregular_packing_stream/hpc/results/all_instances_geometry/Merged1_normal_seq53_cylinder__minimum_aabb_edges_len__bottom__instance_size__rng42.json,97.77560925483704,96.25238370895386,True,,1,0.28126449096244893,0.28126449096244893,1,0.28126449096244893,0.28126449096244893
88,Merged1_normal_seq53_cylinder,minimum_aabb_edges_len,bottom_top,121x121x121,Merged1_normal_seq53_cylinder;Merged1_normal_seq53_cylinder_999999_1,geometry_only,Merged1_normal,53,cylinder,success,/mnt/scratch/pmywe/GPU/3D_irregular_packing_stream/hpc/results/all_instances_geometry/Merged1_normal_seq53_cylinder__minimum_aabb_edges_len__bottom_top__instance_size__rng42.json,106.22948122024536,104.7008752822876,True,,2,0.14063224548122447,0.2648261437267722,2,0.14063224548122447,0.2648261437267722
89,Merged1_normal_seq53_cylinder,minimum_aabb_edges_len,all,121x121x121,Merged1_normal_seq53_cylinder;Merged1_normal_seq53_cylinder_999999_1,geometry_only,Merged1_normal,53,cylinder,success,/mnt/scratch/pmywe/GPU/3D_irregular_packing_stream/hpc/results/all_instances_geometry/Merged1_normal_seq53_cylinder__minimum_aabb_edges_len__all__instance_size__rng42.json,123.28951025009155,121.76968002319336,True,,2,0.14063224548122447,0.2648261437267722,2,0.14063224548122447,0.2648261437267722
90,Merged1_normal_seq53_cylinder,maximal_residual_box,bottom,121x121x121,Merged1_normal_seq53_cylinder;Merged1_normal_seq53_cylinder_999999_1,geometry_only,Merged1_normal,53,cylinder,success,/mnt/scratch/pmywe/GPU/3D_irregular_packing_stream/hpc/results/all_instances_geometry/Merged1_normal_seq53_cylinder__maximal_residual_box__bottom__instance_size__rng42.json,96.68249297142029,95.16736435890198,True,,1,0.28126449096244893,0.28126449096244893,1,0.28126449096244893,0.28126449096244893
91,Merged1_normal_seq53_cylinder,maximal_residual_box,bottom_top,121x121x121,Merged1_normal_seq53_cylinder;Merged1_normal_seq53_cylinder_999999_1,geometry_only,Merged1_normal,53,cylinder,success,/mnt/scratch/pmywe/GPU/3D_irregular_packing_stream/hpc/results/all_instances_geometry/Merged1_normal_seq53_cylinder__maximal_residual_box__bottom_top__instance_size__rng42.json,102.65952205657959,101.14377999305725,True,,1,0.28126449096244893,0.28126449096244893,1,0.28126449096244893,0.28126449096244893
92,Merged1_normal_seq53_cylinder,maximal_residual_box,all,121x121x121,Merged1_normal_seq53_cylinder;Merged1_normal_seq53_cylinder_999999_1,geometry_only,Merged1_normal,53,cylinder,success,/mnt/scratch/pmywe/GPU/3D_irregular_packing_stream/hpc/results/all_instances_geometry/Merged1_normal_seq53_cylinder__maximal_residual_box__all__instance_size__rng42.json,116.30506777763367,114.78215408325195,True,,2,0.14063224548122447,0.2648261437267722,2,0.14063224548122447,0.2648261437267722
93,Merged1_normal_seq53_cylinder,overlap_distance,bottom,121x121x121,Merged1_normal_seq53_cylinder;Merged1_normal_seq53_cylinder_999999_1,geometry_only,Merged1_normal,53,cylinder,success,/mnt/scratch/pmywe/GPU/3D_irregular_packing_stream/hpc/results/all_instances_geometry/Merged1_normal_seq53_cylinder__overlap_distance__bottom__instance_size__rng42.json,163.40014147758484,161.8748962879181,True,,1,0.28126449096244893,0.28126449096244893,1,0.28126449096244893,0.28126449096244893
94,Merged1_normal_seq53_cylinder,overlap_distance,bottom_top,121x121x121,Merged1_normal_seq53_cylinder;Merged1_normal_seq53_cylinder_999999_1,geometry_only,Merged1_normal,53,cylinder,success,/mnt/scratch/pmywe/GPU/3D_irregular_packing_stream/hpc/results/all_instances_geometry/Merged1_normal_seq53_cylinder__overlap_distance__bottom_top__instance_size__rng42.json,199.59997177124023,198.05908465385437,True,,2,0.14063224548122447,0.2648261437267722,2,0.14063224548122447,0.2648261437267722
95,Merged1_normal_seq53_cylinder,overlap_distance,all,121x121x121,Merged1_normal_seq53_cylinder;Merged1_normal_seq53_cylinder_999999_1,geometry_only,Merged1_normal,53,cylinder,success,/mnt/scratch/pmywe/GPU/3D_irregular_packing_stream/hpc/results/all_instances_geometry/Merged1_normal_seq53_cylinder__overlap_distance__all__instance_size__rng42.json,283.9189145565033,282.3901517391205,True,,2,0.14063224548122447,0.24596430458489138,2,0.14063224548122447,0.24596430458489138
96,Merged1_normal_seq7_cube,minimum_aabb_volume,bottom,105x105x105,Merged1_normal_seq7_cube;Merged1_normal_seq7_cube_999999_1,geometry_only,Merged1_normal,7,cube,success,/mnt/scratch/pmywe/GPU/3D_irregular_packing_stream/hpc/results/all_instances_geometry/Merged1_normal_seq7_cube__minimum_aabb_volume__bottom__instance_size__rng42.json,17.78815984725952,16.350820064544678,True,,2,0.16902969441744953,0.3183016952812871,2,0.16902969441744953,0.3183016952812871
97,Merged1_normal_seq7_cube,minimum_aabb_volume,bottom_top,105x105x105,Merged1_normal_seq7_cube;Merged1_normal_seq7_cube_999999_1,geometry_only,Merged1_normal,7,cube,success,/mnt/scratch/pmywe/GPU/3D_irregular_packing_stream/hpc/results/all_instances_geometry/Merged1_normal_seq7_cube__minimum_aabb_volume__bottom_top__instance_size__rng42.json,18.48727321624756,17.17871928215027,True,,2,0.16902969441744953,0.3183016952812871,2,0.16902969441744953,0.3183016952812871
98,Merged1_normal_seq7_cube,minimum_aabb_volume,all,105x105x105,Merged1_normal_seq7_cube;Merged1_normal_seq7_cube_999999_1,geometry_only,Merged1_normal,7,cube,success,/mnt/scratch/pmywe/GPU/3D_irregular_packing_stream/hpc/results/all_instances_geometry/Merged1_normal_seq7_cube__minimum_aabb_volume__all__instance_size__rng42.json,25.273359537124634,23.9647319316864,True,,2,0.16902969441744953,0.3095786632113163,2,0.16902969441744953,0.3095786632113163
99,Merged1_normal_seq7_cube,minimum_aabb_edges_len,bottom,105x105x105,Merged1_normal_seq7_cube;Merged1_normal_seq7_cube_999999_1,geometry_only,Merged1_normal,7,cube,success,/mnt/scratch/pmywe/GPU/3D_irregular_packing_stream/hpc/results/all_instances_geometry/Merged1_normal_seq7_cube__minimum_aabb_edges_len__bottom__instance_size__rng42.json,19.902453899383545,18.510152578353882,True,,2,0.16902969441744953,0.3183016952812871,2,0.16902969441744953,0.3183016952812871
100,Merged1_normal_seq7_cube,minimum_aabb_edges_len,bottom_top,105x105x105,Merged1_normal_seq7_cube;Merged1_normal_seq7_cube_999999_1,geometry_only,Merged1_normal,7,cube,success,/mnt/scratch/pmywe/GPU/3D_irregular_packing_stream/hpc/results/all_instances_geometry/Merged1_normal_seq7_cube__minimum_aabb_edges_len__bottom_top__instance_size__rng42.json,20.885441064834595,19.568134546279907,True,,2,0.16902969441744953,0.3183016952812871,2,0.16902969441744953,0.3183016952812871
101,Merged1_normal_seq7_cube,minimum_aabb_edges_len,all,105x105x105,Merged1_normal_seq7_cube;Merged1_normal_seq7_cube_999999_1,geometry_only,Merged1_normal,7,cube,success,/mnt/scratch/pmywe/GPU/3D_irregular_packing_stream/hpc/results/all_instances_geometry/Merged1_normal_seq7_cube__minimum_aabb_edges_len__all__instance_size__rng42.json,27.772035121917725,26.447574853897095,True,,2,0.16902969441744953,0.3183016952812871,2,0.16902969441744953,0.3183016952812871
102,Merged1_normal_seq7_cube,maximal_residual_box,bottom,105x105x105,Merged1_normal_seq7_cube;Merged1_normal_seq7_cube_999999_1,geometry_only,Merged1_normal,7,cube,success,/mnt/scratch/pmywe/GPU/3D_irregular_packing_stream/hpc/results/all_instances_geometry/Merged1_normal_seq7_cube__maximal_residual_box__bottom__instance_size__rng42.json,17.83901810646057,16.44126009941101,True,,2,0.16902969441744953,0.3183016952812871,2,0.16902969441744953,0.3183016952812871
103,Merged1_normal_seq7_cube,maximal_residual_box,bottom_top,105x105x105,Merged1_normal_seq7_cube;Merged1_normal_seq7_cube_999999_1,geometry_only,Merged1_normal,7,cube,success,/mnt/scratch/pmywe/GPU/3D_irregular_packing_stream/hpc/results/all_instances_geometry/Merged1_normal_seq7_cube__maximal_residual_box__bottom_top__instance_size__rng42.json,18.546130657196045,17.2421772480011,True,,2,0.16902969441744953,0.3183016952812871,2,0.16902969441744953,0.3183016952812871
104,Merged1_normal_seq7_cube,maximal_residual_box,all,105x105x105,Merged1_normal_seq7_cube;Merged1_normal_seq7_cube_999999_1,geometry_only,Merged1_normal,7,cube,success,/mnt/scratch/pmywe/GPU/3D_irregular_packing_stream/hpc/results/all_instances_geometry/Merged1_normal_seq7_cube__maximal_residual_box__all__instance_size__rng42.json,25.25475263595581,23.951666593551636,True,,2,0.16902969441744953,0.3095786632113163,2,0.16902969441744953,0.3095786632113163
105,Merged1_normal_seq7_cube,overlap_distance,bottom,105x105x105,Merged1_normal_seq7_cube;Merged1_normal_seq7_cube_999999_1,geometry_only,Merged1_normal,7,cube,success,/mnt/scratch/pmywe/GPU/3D_irregular_packing_stream/hpc/results/all_instances_geometry/Merged1_normal_seq7_cube__overlap_distance__bottom__instance_size__rng42.json,74.04479742050171,72.63534164428711,True,,2,0.16902969441744953,0.3095786632113163,2,0.16902969441744953,0.3095786632113163
106,Merged1_normal_seq7_cube,overlap_distance,bottom_top,105x105x105,Merged1_normal_seq7_cube;Merged1_normal_seq7_cube_999999_1,geometry_only,Merged1_normal,7,cube,success,/mnt/scratch/pmywe/GPU/3D_irregular_packing_stream/hpc/results/all_instances_geometry/Merged1_normal_seq7_cube__overlap_distance__bottom_top__instance_size__rng42.json,87.98255038261414,86.55860495567322,True,,1,0.33805938883489905,0.33805938883489905,1,0.33805938883489905,0.33805938883489905
107,Merged1_normal_seq7_cube,overlap_distance,all,105x105x105,Merged1_normal_seq7_cube;Merged1_normal_seq7_cube_999999_1,geometry_only,Merged1_normal,7,cube,success,/mnt/scratch/pmywe/GPU/3D_irregular_packing_stream/hpc/results/all_instances_geometry/Merged1_normal_seq7_cube__overlap_distance__all__instance_size__rng42.json,107.25615239143372,105.80270409584045,True,,2,0.16902969441744953,0.3183016952812871,2,0.16902969441744953,0.3183016952812871
108,Merged1_normal_seq7_cylinder,minimum_aabb_volume,bottom,121x121x121,Merged1_normal_seq7_cylinder;Merged1_normal_seq7_cylinder_999999_1,geometry_only,Merged1_normal,7,cylinder,success,/mnt/scratch/pmywe/GPU/3D_irregular_packing_stream/hpc/results/all_instances_geometry/Merged1_normal_seq7_cylinder__minimum_aabb_volume__bottom__instance_size__rng42.json,103.71464800834656,102.21451044082642,True,,1,0.28126449096244893,0.28126449096244893,1,0.28126449096244893,0.28126449096244893
109,Merged1_normal_seq7_cylinder,minimum_aabb_volume,bottom_top,121x121x121,Merged1_normal_seq7_cylinder;Merged1_normal_seq7_cylinder_999999_1,geometry_only,Merged1_normal,7,cylinder,success,/mnt/scratch/pmywe/GPU/3D_irregular_packing_stream/hpc/results/all_instances_geometry/Merged1_normal_seq7_cylinder__minimum_aabb_volume__bottom_top__instance_size__rng42.json,104.4030373096466,102.86193633079529,True,,1,0.28126449096244893,0.28126449096244893,1,0.28126449096244893,0.28126449096244893
110,Merged1_normal_seq7_cylinder,minimum_aabb_volume,all,121x121x121,Merged1_normal_seq7_cylinder;Merged1_normal_seq7_cylinder_999999_1,geometry_only,Merged1_normal,7,cylinder,success,/mnt/scratch/pmywe/GPU/3D_irregular_packing_stream/hpc/results/all_instances_geometry/Merged1_normal_seq7_cylinder__minimum_aabb_volume__all__instance_size__rng42.json,115.94928908348083,114.4199366569519,True,,2,0.14063224548122447,0.2648261437267722,2,0.14063224548122447,0.2648261437267722
111,Merged1_normal_seq7_cylinder,minimum_aabb_edges_len,bottom,121x121x121,Merged1_normal_seq7_cylinder;Merged1_normal_seq7_cylinder_999999_1,geometry_only,Merged1_normal,7,cylinder,success,/mnt/scratch/pmywe/GPU/3D_irregular_packing_stream/hpc/results/all_instances_geometry/Merged1_normal_seq7_cylinder__minimum_aabb_edges_len__bottom__instance_size__rng42.json,103.05287599563599,101.52921175956726,True,,2,0.14063224548122447,0.2648261437267722,2,0.14063224548122447,0.2648261437267722
112,Merged1_normal_seq7_cylinder,minimum_aabb_edges_len,bottom_top,121x121x121,Merged1_normal_seq7_cylinder;Merged1_normal_seq7_cylinder_999999_1,geometry_only,Merged1_normal,7,cylinder,success,/mnt/scratch/pmywe/GPU/3D_irregular_packing_stream/hpc/results/all_instances_geometry/Merged1_normal_seq7_cylinder__minimum_aabb_edges_len__bottom_top__instance_size__rng42.json,105.68940162658691,104.18695545196533,True,,1,0.28126449096244893,0.28126449096244893,1,0.28126449096244893,0.28126449096244893
113,Merged1_normal_seq7_cylinder,minimum_aabb_edges_len,all,121x121x121,Merged1_normal_seq7_cylinder;Merged1_normal_seq7_cylinder_999999_1,geometry_only,Merged1_normal,7,cylinder,success,/mnt/scratch/pmywe/GPU/3D_irregular_packing_stream/hpc/results/all_instances_geometry/Merged1_normal_seq7_cylinder__minimum_aabb_edges_len__all__instance_size__rng42.json,121.6894919872284,120.17903804779053,True,,2,0.14063224548122447,0.2648261437267722,2,0.14063224548122447,0.2648261437267722
114,Merged1_normal_seq7_cylinder,maximal_residual_box,bottom,121x121x121,Merged1_normal_seq7_cylinder;Merged1_normal_seq7_cylinder_999999_1,geometry_only,Merged1_normal,7,cylinder,success,/mnt/scratch/pmywe/GPU/3D_irregular_packing_stream/hpc/results/all_instances_geometry/Merged1_normal_seq7_cylinder__maximal_residual_box__bottom__instance_size__rng42.json,101.95628094673157,100.3965961933136,True,,1,0.28126449096244893,0.28126449096244893,1,0.28126449096244893,0.28126449096244893
115,Merged1_normal_seq7_cylinder,maximal_residual_box,bottom_top,121x121x121,Merged1_normal_seq7_cylinder;Merged1_normal_seq7_cylinder_999999_1,geometry_only,Merged1_normal,7,cylinder,success,/mnt/scratch/pmywe/GPU/3D_irregular_packing_stream/hpc/results/all_instances_geometry/Merged1_normal_seq7_cylinder__maximal_residual_box__bottom_top__instance_size__rng42.json,104.16259574890137,102.6315245628357,True,,1,0.28126449096244893,0.28126449096244893,1,0.28126449096244893,0.28126449096244893
116,Merged1_normal_seq7_cylinder,maximal_residual_box,all,121x121x121,Merged1_normal_seq7_cylinder;Merged1_normal_seq7_cylinder_999999_1,geometry_only,Merged1_normal,7,cylinder,success,/mnt/scratch/pmywe/GPU/3D_irregular_packing_stream/hpc/results/all_instances_geometry/Merged1_normal_seq7_cylinder__maximal_residual_box__all__instance_size__rng42.json,114.95509219169617,113.42295050621033,True,,2,0.14063224548122447,0.2648261437267722,2,0.14063224548122447,0.2648261437267722
117,Merged1_normal_seq7_cylinder,overlap_distance,bottom,121x121x121,Merged1_normal_seq7_cylinder;Merged1_normal_seq7_cylinder_999999_1,geometry_only,Merged1_normal,7,cylinder,success,/mnt/scratch/pmywe/GPU/3D_irregular_packing_stream/hpc/results/all_instances_geometry/Merged1_normal_seq7_cylinder__overlap_distance__bottom__instance_size__rng42.json,175.28707361221313,173.73925590515137,True,,2,0.14063224548122447,0.2648261437267722,2,0.14063224548122447,0.2648261437267722
118,Merged1_normal_seq7_cylinder,overlap_distance,bottom_top,121x121x121,Merged1_normal_seq7_cylinder;Merged1_normal_seq7_cylinder_999999_1,geometry_only,Merged1_normal,7,cylinder,success,/mnt/scratch/pmywe/GPU/3D_irregular_packing_stream/hpc/results/all_instances_geometry/Merged1_normal_seq7_cylinder__overlap_distance__bottom_top__instance_size__rng42.json,206.18453240394592,204.6582384109497,True,,2,0.14063224548122447,0.2648261437267722,2,0.14063224548122447,0.2648261437267722
119,Merged1_normal_seq7_cylinder,overlap_distance,all,121x121x121,Merged1_normal_seq7_cylinder;Merged1_normal_seq7_cylinder_999999_1,geometry_only,Merged1_normal,7,cylinder,success,/mnt/scratch/pmywe/GPU/3D_irregular_packing_stream/hpc/results/all_instances_geometry/Merged1_normal_seq7_cylinder__overlap_distance__all__instance_size__rng42.json,294.2603793144226,292.73488211631775,True,,2,0.14063224548122447,0.2648261437267722,2,0.14063224548122447,0.2648261437267722
120,Merged2_normal_seq13_cube,minimum_aabb_volume,bottom,105x105x105,Merged2_normal_seq13_cube;Merged2_normal_seq13_cube_999999_1,geometry_only,Merged2_normal,13,cube,success,/mnt/scratch/pmywe/GPU/3D_irregular_packing_stream/hpc/results/all_instances_geometry/Merged2_normal_seq13_cube__minimum_aabb_volume__bottom__instance_size__rng42.json,39.29717803001404,37.5390899181366,True,,3,0.22537292588993268,0.32818054205809305,3,0.22537292588993268,0.32818054205809305
121,Merged2_normal_seq13_cube,minimum_aabb_volume,bottom_top,105x105x105,Merged2_normal_seq13_cube;Merged2_normal_seq13_cube_999999_1,geometry_only,Merged2_normal,13,cube,success,/mnt/scratch/pmywe/GPU/3D_irregular_packing_stream/hpc/results/all_instances_geometry/Merged2_normal_seq13_cube__minimum_aabb_volume__bottom_top__instance_size__rng42.json,41.93731212615967,40.30122375488281,True,,3,0.22537292588993268,0.32818054205809305,3,0.22537292588993268,0.32818054205809305
122,Merged2_normal_seq13_cube,minimum_aabb_volume,all,105x105x105,Merged2_normal_seq13_cube;Merged2_normal_seq13_cube_999999_1,geometry_only,Merged2_normal,13,cube,success,/mnt/scratch/pmywe/GPU/3D_irregular_packing_stream/hpc/results/all_instances_geometry/Merged2_normal_seq13_cube__minimum_aabb_volume__all__instance_size__rng42.json,52.722864866256714,50.995099782943726,True,,3,0.22537292588993268,0.3148169744088112,3,0.22537292588993268,0.3148169744088112
123,Merged2_normal_seq13_cube,minimum_aabb_edges_len,bottom,105x105x105,Merged2_normal_seq13_cube;Merged2_normal_seq13_cube_999999_1,geometry_only,Merged2_normal,13,cube,success,/mnt/scratch/pmywe/GPU/3D_irregular_packing_stream/hpc/results/all_instances_geometry/Merged2_normal_seq13_cube__minimum_aabb_edges_len__bottom__instance_size__rng42.json,39.6425085067749,37.980992555618286,True,,3,0.22537292588993268,0.3148169744088112,3,0.22537292588993268,0.3148169744088112
124,Merged2_normal_seq13_cube,minimum_aabb_edges_len,bottom_top,105x105x105,Merged2_normal_seq13_cube;Merged2_normal_seq13_cube_999999_1,geometry_only,Merged2_normal,13,cube,success,/mnt/scratch/pmywe/GPU/3D_irregular_packing_stream/hpc/results/all_instances_geometry/Merged2_normal_seq13_cube__minimum_aabb_edges_len__bottom_top__instance_size__rng42.json,41.22813415527344,39.50494074821472,True,,3,0.22537292588993268,0.3183016952812871,3,0.22537292588993268,0.3183016952812871
125,Merged2_normal_seq13_cube,minimum_aabb_edges_len,all,105x105x105,Merged2_normal_seq13_cube;Merged2_normal_seq13_cube_999999_1,geometry_only,Merged2_normal,13,cube,success,/mnt/scratch/pmywe/GPU/3D_irregular_packing_stream/hpc/results/all_instances_geometry/Merged2_normal_seq13_cube__minimum_aabb_edges_len__all__instance_size__rng42.json,55.269514322280884,53.66241145133972,True,,3,0.22537292588993268,0.31830169528128716,3,0.22537292588993268,0.31830169528128716
126,Merged2_normal_seq13_cube,maximal_residual_box,bottom,105x105x105,Merged2_normal_seq13_cube;Merged2_normal_seq13_cube_999999_1,geometry_only,Merged2_normal,13,cube,success,/mnt/scratch/pmywe/GPU/3D_irregular_packing_stream/hpc/results/all_instances_geometry/Merged2_normal_seq13_cube__maximal_residual_box__bottom__instance_size__rng42.json,36.12779378890991,34.39638113975525,True,,2,0.33805938883489905,0.43726249865025374,2,0.33805938883489905,0.43726249865025374
127,Merged2_normal_seq13_cube,maximal_residual_box,bottom_top,105x105x105,Merged2_normal_seq13_cube;Merged2_normal_seq13_cube_999999_1,geometry_only,Merged2_normal,13,cube,success,/mnt/scratch/pmywe/GPU/3D_irregular_packing_stream/hpc/results/all_instances_geometry/Merged2_normal_seq13_cube__maximal_residual_box__bottom_top__instance_size__rng42.json,38.266271114349365,36.642483949661255,True,,2,0.33805938883489905,0.43726249865025374,2,0.33805938883489905,0.43726249865025374
128,Merged2_normal_seq13_cube,maximal_residual_box,all,105x105x105,Merged2_normal_seq13_cube;Merged2_normal_seq13_cube_999999_1,geometry_only,Merged2_normal,13,cube,success,/mnt/scratch/pmywe/GPU/3D_irregular_packing_stream/hpc/results/all_instances_geometry/Merged2_normal_seq13_cube__maximal_residual_box__all__instance_size__rng42.json,56.461979389190674,54.763611793518066,True,,3,0.22537292588993268,0.3148169744088112,3,0.22537292588993268,0.3148169744088112
129,Merged2_normal_seq13_cube,overlap_distance,bottom,105x105x105,Merged2_normal_seq13_cube;Merged2_normal_seq13_cube_999999_1,geometry_only,Merged2_normal,13,cube,success,/mnt/scratch/pmywe/GPU/3D_irregular_packing_stream/hpc/results/all_instances_geometry/Merged2_normal_seq13_cube__overlap_distance__bottom__instance_size__rng42.json,102.63117671012878,101.02711844444275,True,,2,0.33805938883489905,0.45663837598531476,2,0.33805938883489905,0.45663837598531476
130,Merged2_normal_seq13_cube,overlap_distance,bottom_top,105x105x105,Merged2_normal_seq13_cube;Merged2_normal_seq13_cube_999999_1,geometry_only,Merged2_normal,13,cube,success,/mnt/scratch/pmywe/GPU/3D_irregular_packing_stream/hpc/results/all_instances_geometry/Merged2_normal_seq13_cube__overlap_distance__bottom_top__instance_size__rng42.json,130.1944272518158,128.47235751152039,True,,3,0.22537292588993268,0.31830169528128716,3,0.22537292588993268,0.31830169528128716
131,Merged2_normal_seq13_cube,overlap_distance,all,105x105x105,Merged2_normal_seq13_cube;Merged2_normal_seq13_cube_999999_1,geometry_only,Merged2_normal,13,cube,success,/mnt/scratch/pmywe/GPU/3D_irregular_packing_stream/hpc/results/all_instances_geometry/Merged2_normal_seq13_cube__overlap_distance__all__instance_size__rng42.json,265.06220412254333,263.31016731262207,True,,3,0.22537292588993268,0.31830169528128716,3,0.22537292588993268,0.31830169528128716
132,Merged2_normal_seq13_cylinder,minimum_aabb_volume,bottom,121x121x121,Merged2_normal_seq13_cylinder;Merged2_normal_seq13_cylinder_999999_1,geometry_only,Merged2_normal,13,cylinder,success,/mnt/scratch/pmywe/GPU/3D_irregular_packing_stream/hpc/results/all_instances_geometry/Merged2_normal_seq13_cylinder__minimum_aabb_volume__bottom__instance_size__rng42.json,177.20147252082825,175.28807473182678,True,,2,0.28126449096244893,0.3576849815872086,2,0.28126449096244893,0.3576849815872086
133,Merged2_normal_seq13_cylinder,minimum_aabb_volume,bottom_top,121x121x121,Merged2_normal_seq13_cylinder;Merged2_normal_seq13_cylinder_999999_1,geometry_only,Merged2_normal,13,cylinder,success,/mnt/scratch/pmywe/GPU/3D_irregular_packing_stream/hpc/results/all_instances_geometry/Merged2_normal_seq13_cylinder__minimum_aabb_volume__bottom_top__instance_size__rng42.json,186.0339674949646,184.16016936302185,True,,2,0.28126449096244893,0.3576849815872086,2,0.28126449096244893,0.3576849815872086
134,Merged2_normal_seq13_cylinder,minimum_aabb_volume,all,121x121x121,Merged2_normal_seq13_cylinder;Merged2_normal_seq13_cylinder_999999_1,geometry_only,Merged2_normal,13,cylinder,success,/mnt/scratch/pmywe/GPU/3D_irregular_packing_stream/hpc/results/all_instances_geometry/Merged2_normal_seq13_cylinder__minimum_aabb_volume__all__instance_size__rng42.json,209.41988968849182,207.570650100708,True,,3,0.18750966064163263,0.26482614372677227,3,0.18750966064163263,0.26482614372677227
135,Merged2_normal_seq13_cylinder,minimum_aabb_edges_len,bottom,121x121x121,Merged2_normal_seq13_cylinder;Merged2_normal_seq13_cylinder_999999_1,geometry_only,Merged2_normal,13,cylinder,success,/mnt/scratch/pmywe/GPU/3D_irregular_packing_stream/hpc/results/all_instances_geometry/Merged2_normal_seq13_cylinder__minimum_aabb_edges_len__bottom__instance_size__rng42.json,182.9602494239807,181.06105279922485,True,,3,0.18750966064163263,0.27304531734461057,3,0.18750966064163263,0.27304531734461057
136,Merged2_normal_seq13_cylinder,minimum_aabb_edges_len,bottom_top,121x121x121,Merged2_normal_seq13_cylinder;Merged2_normal_seq13_cylinder_999999_1,geometry_only,Merged2_normal,13,cylinder,success,/mnt/scratch/pmywe/GPU/3D_irregular_packing_stream/hpc/results/all_instances_geometry/Merged2_normal_seq13_cylinder__minimum_aabb_edges_len__bottom_top__instance_size__rng42.json,196.80365657806396,194.91838908195496,True,,3,0.18750966064163263,0.27304531734461057,3,0.18750966064163263,0.27304531734461057
137,Merged2_normal_seq13_cylinder,minimum_aabb_edges_len,all,121x121x121,Merged2_normal_seq13_cylinder;Merged2_normal_seq13_cylinder_999999_1,geometry_only,Merged2_normal,13,cylinder,success,/mnt/scratch/pmywe/GPU/3D_irregular_packing_stream/hpc/results/all_instances_geometry/Merged2_normal_seq13_cylinder__minimum_aabb_edges_len__all__instance_size__rng42.json,217.8993797302246,215.97625994682312,True,,3,0.18750966064163263,0.27304531734461057,3,0.18750966064163263,0.27304531734461057
138,Merged2_normal_seq13_cylinder,maximal_residual_box,bottom,121x121x121,Merged2_normal_seq13_cylinder;Merged2_normal_seq13_cylinder_999999_1,geometry_only,Merged2_normal,13,cylinder,success,/mnt/scratch/pmywe/GPU/3D_irregular_packing_stream/hpc/results/all_instances_geometry/Merged2_normal_seq13_cylinder__maximal_residual_box__bottom__instance_size__rng42.json,175.16286730766296,173.2726171016693,True,,2,0.28126449096244893,0.3775659522602275,2,0.28126449096244893,0.3775659522602275
139,Merged2_normal_seq13_cylinder,maximal_residual_box,bottom_top,121x121x121,Merged2_normal_seq13_cylinder;Merged2_normal_seq13_cylinder_999999_1,geometry_only,Merged2_normal,13,cylinder,success,/mnt/scratch/pmywe/GPU/3D_irregular_packing_stream/hpc/results/all_instances_geometry/Merged2_normal_seq13_cylinder__maximal_residual_box__bottom_top__instance_size__rng42.json,185.34787821769714,183.45438408851624,True,,2,0.28126449096244893,0.3599661688085289,2,0.28126449096244893,0.3599661688085289
140,Merged2_normal_seq13_cylinder,maximal_residual_box,all,121x121x121,Merged2_normal_seq13_cylinder;Merged2_normal_seq13_cylinder_999999_1,geometry_only,Merged2_normal,13,cylinder,success,/mnt/scratch/pmywe/GPU/3D_irregular_packing_stream/hpc/results/all_instances_geometry/Merged2_normal_seq13_cylinder__maximal_residual_box__all__instance_size__rng42.json,211.69020581245422,209.78085589408875,True,,3,0.18750966064163263,0.27304531734461057,3,0.18750966064163263,0.27304531734461057
141,Merged2_normal_seq13_cylinder,overlap_distance,bottom,121x121x121,Merged2_normal_seq13_cylinder;Merged2_normal_seq13_cylinder_999999_1,geometry_only,Merged2_normal,13,cylinder,success,/mnt/scratch/pmywe/GPU/3D_irregular_packing_stream/hpc/results/all_instances_geometry/Merged2_normal_seq13_cylinder__overlap_distance__bottom__instance_size__rng42.json,335.5160069465637,333.6204695701599,True,,2,0.28126449096244893,0.3661571413115072,2,0.28126449096244893,0.3661571413115072
142,Merged2_normal_seq13_cylinder,overlap_distance,bottom_top,121x121x121,Merged2_normal_seq13_cylinder;Merged2_normal_seq13_cylinder_999999_1,geometry_only,Merged2_normal,13,cylinder,success,/mnt/scratch/pmywe/GPU/3D_irregular_packing_stream/hpc/results/all_instances_geometry/Merged2_normal_seq13_cylinder__overlap_distance__bottom_top__instance_size__rng42.json,403.13331413269043,401.2411241531372,True,,3,0.18750966064163263,0.27304531734461057,3,0.18750966064163263,0.27304531734461057
143,Merged2_normal_seq13_cylinder,overlap_distance,all,121x121x121,Merged2_normal_seq13_cylinder;Merged2_normal_seq13_cylinder_999999_1,geometry_only,Merged2_normal,13,cylinder,success,/mnt/scratch/pmywe/GPU/3D_irregular_packing_stream/hpc/results/all_instances_geometry/Merged2_normal_seq13_cylinder__overlap_distance__all__instance_size__rng42.json,650.0773811340332,648.2149930000305,True,,3,0.18750966064163263,0.2648261437267722,3,0.18750966064163263,0.2648261437267722
144,Merged2_normal_seq19_cube,minimum_aabb_volume,bottom,105x105x105,Merged2_normal_seq19_cube;Merged2_normal_seq19_cube_999999_1,geometry_only,Merged2_normal,19,cube,success,/mnt/scratch/pmywe/GPU/3D_irregular_packing_stream/hpc/results/all_instances_geometry/Merged2_normal_seq19_cube__minimum_aabb_volume__bottom__instance_size__rng42.json,37.60813236236572,35.822654724121094,True,,3,0.22537292588993268,0.32954108627578016,3,0.22537292588993268,0.32954108627578016
145,Merged2_normal_seq19_cube,minimum_aabb_volume,bottom_top,105x105x105,Merged2_normal_seq19_cube;Merged2_normal_seq19_cube_999999_1,geometry_only,Merged2_normal,19,cube,success,/mnt/scratch/pmywe/GPU/3D_irregular_packing_stream/hpc/results/all_instances_geometry/Merged2_normal_seq19_cube__minimum_aabb_volume__bottom_top__instance_size__rng42.json,40.690685749053955,39.06309485435486,True,,3,0.22537292588993268,0.32954108627578016,3,0.22537292588993268,0.32954108627578016
146,Merged2_normal_seq19_cube,minimum_aabb_volume,all,105x105x105,Merged2_normal_seq19_cube;Merged2_normal_seq19_cube_999999_1,geometry_only,Merged2_normal,19,cube,success,/mnt/scratch/pmywe/GPU/3D_irregular_packing_stream/hpc/results/all_instances_geometry/Merged2_normal_seq19_cube__minimum_aabb_volume__all__instance_size__rng42.json,53.63704824447632,51.931570529937744,True,,3,0.22537292588993268,0.3056577043515819,3,0.22537292588993268,0.3056577043515819
147,Merged2_normal_seq19_cube,minimum_aabb_edges_len,bottom,105x105x105,Merged2_normal_seq19_cube;Merged2_normal_seq19_cube_999999_1,geometry_only,Merged2_normal,19,cube,success,/mnt/scratch/pmywe/GPU/3D_irregular_packing_stream/hpc/results/all_instances_geometry/Merged2_normal_seq19_cube__minimum_aabb_edges_len__bottom__instance_size__rng42.json,39.30545711517334,37.69608974456787,True,,2,0.33805938883489905,0.3468402980239715,2,0.33805938883489905,0.3468402980239715
148,Merged2_normal_seq19_cube,minimum_aabb_edges_len,bottom_top,105x105x105,Merged2_normal_seq19_cube;Merged2_normal_seq19_cube_999999_1,geometry_only,Merged2_normal,19,cube,success,/mnt/scratch/pmywe/GPU/3D_irregular_packing_stream/hpc/results/all_instances_geometry/Merged2_normal_seq19_cube__minimum_aabb_edges_len__bottom_top__instance_size__rng42.json,42.956127405166626,41.27390503883362,True,,3,0.22537292588993268,0.32954108627578016,3,0.22537292588993268,0.32954108627578016
149,Merged2_normal_seq19_cube,minimum_aabb_edges_len,all,105x105x105,Merged2_normal_seq19_cube;Merged2_normal_seq19_cube_999999_1,geometry_only,Merged2_normal,19,cube,success,/mnt/scratch/pmywe/GPU/3D_irregular_packing_stream/hpc/results/all_instances_geometry/Merged2_normal_seq19_cube__minimum_aabb_edges_len__all__instance_size__rng42.json,54.64650869369507,53.03421401977539,True,,3,0.22537292588993268,0.31126962531044167,3,0.22537292588993268,0.31126962531044167
150,Merged2_normal_seq19_cube,maximal_residual_box,bottom,105x105x105,Merged2_normal_seq19_cube;Merged2_normal_seq19_cube_999999_1,geometry_only,Merged2_normal,19,cube,success,/mnt/scratch/pmywe/GPU/3D_irregular_packing_stream/hpc/results/all_instances_geometry/Merged2_normal_seq19_cube__maximal_residual_box__bottom__instance_size__rng42.json,39.972463846206665,38.267688274383545,True,,2,0.33805938883489905,0.3828174063276104,2,0.33805938883489905,0.3828174063276104
151,Merged2_normal_seq19_cube,maximal_residual_box,bottom_top,105x105x105,Merged2_normal_seq19_cube;Merged2_normal_seq19_cube_999999_1,geometry_only,Merged2_normal,19,cube,success,/mnt/scratch/pmywe/GPU/3D_irregular_packing_stream/hpc/results/all_instances_geometry/Merged2_normal_seq19_cube__maximal_residual_box__bottom_top__instance_size__rng42.json,38.321717500686646,36.70583510398865,True,,2,0.33805938883489905,0.3828174063276104,2,0.33805938883489905,0.3828174063276104
152,Merged2_normal_seq19_cube,maximal_residual_box,all,105x105x105,Merged2_normal_seq19_cube;Merged2_normal_seq19_cube_999999_1,geometry_only,Merged2_normal,19,cube,success,/mnt/scratch/pmywe/GPU/3D_irregular_packing_stream/hpc/results/all_instances_geometry/Merged2_normal_seq19_cube__maximal_residual_box__all__instance_size__rng42.json,54.993160247802734,53.3060986995697,True,,3,0.22537292588993268,0.28011359464420693,3,0.22537292588993268,0.28011359464420693
153,Merged2_normal_seq19_cube,overlap_distance,bottom,105x105x105,Merged2_normal_seq19_cube;Merged2_normal_seq19_cube_999999_1,geometry_only,Merged2_normal,19,cube,success,/mnt/scratch/pmywe/GPU/3D_irregular_packing_stream/hpc/results/all_instances_geometry/Merged2_normal_seq19_cube__overlap_distance__bottom__instance_size__rng42.json,115.49219250679016,113.88121628761292,True,,3,0.22537292588993268,0.3141760069107008,3,0.22537292588993268,0.3141760069107008
154,Merged2_normal_seq19_cube,overlap_distance,bottom_top,105x105x105,Merged2_normal_seq19_cube;Merged2_normal_seq19_cube_999999_1,geometry_only,Merged2_normal,19,cube,success,/mnt/scratch/pmywe/GPU/3D_irregular_packing_stream/hpc/results/all_instances_geometry/Merged2_normal_seq19_cube__overlap_distance__bottom_top__instance_size__rng42.json,138.43499875068665,136.6971733570099,True,,3,0.22537292588993268,0.3141760069107008,3,0.22537292588993268,0.3141760069107008
155,Merged2_normal_seq19_cube,overlap_distance,all,105x105x105,Merged2_normal_seq19_cube;Merged2_normal_seq19_cube_999999_1,geometry_only,Merged2_normal,19,cube,success,/mnt/scratch/pmywe/GPU/3D_irregular_packing_stream/hpc/results/all_instances_geometry/Merged2_normal_seq19_cube__overlap_distance__all__instance_size__rng42.json,214.67333054542542,212.96093702316284,True,,3,0.22537292588993268,0.26245589029262495,3,0.22537292588993268,0.26245589029262495
156,Merged2_normal_seq19_cylinder,minimum_aabb_volume,bottom,121x121x121,Merged2_normal_seq19_cylinder;Merged2_normal_seq19_cylinder_999999_1,geometry_only,Merged2_normal,19,cylinder,success,/mnt/scratch/pmywe/GPU/3D_irregular_packing_stream/hpc/results/all_instances_geometry/Merged2_normal_seq19_cylinder__minimum_aabb_volume__bottom__instance_size__rng42.json,181.10398983955383,179.18187427520752,True,,2,0.28126449096244893,0.3067938076885101,2,0.28126449096244893,0.3067938076885101
157,Merged2_normal_seq19_cylinder,minimum_aabb_volume,bottom_top,121x121x121,Merged2_normal_seq19_cylinder;Merged2_normal_seq19_cylinder_999999_1,geometry_only,Merged2_normal,19,cylinder,success,/mnt/scratch/pmywe/GPU/3D_irregular_packing_stream/hpc/results/all_instances_geometry/Merged2_normal_seq19_cylinder__minimum_aabb_volume__bottom_top__instance_size__rng42.json,187.7710211277008,185.8949830532074,True,,2,0.28126449096244893,0.32096821675557974,2,0.28126449096244893,0.32096821675557974
158,Merged2_normal_seq19_cylinder,minimum_aabb_volume,all,121x121x121,Merged2_normal_seq19_cylinder;Merged2_normal_seq19_cylinder_999999_1,geometry_only,Merged2_normal,19,cylinder,success,/mnt/scratch/pmywe/GPU/3D_irregular_packing_stream/hpc/results/all_instances_geometry/Merged2_normal_seq19_cylinder__minimum_aabb_volume__all__instance_size__rng42.json,220.60132765769958,218.69698095321655,True,,3,0.18750966064163263,0.25430637770331127,3,0.18750966064163263,0.25430637770331127
159,Merged2_normal_seq19_cylinder,minimum_aabb_edges_len,bottom,121x121x121,Merged2_normal_seq19_cylinder;Merged2_normal_seq19_cylinder_999999_1,geometry_only,Merged2_normal,19,cylinder,success,/mnt/scratch/pmywe/GPU/3D_irregular_packing_stream/hpc/results/all_instances_geometry/Merged2_normal_seq19_cylinder__minimum_aabb_edges_len__bottom__instance_size__rng42.json,180.9331202507019,179.04926228523254,True,,2,0.28126449096244893,0.2972723305908254,2,0.28126449096244893,0.2972723305908254
160,Merged2_normal_seq19_cylinder,minimum_aabb_edges_len,bottom_top,121x121x121,Merged2_normal_seq19_cylinder;Merged2_normal_seq19_cylinder_999999_1,geometry_only,Merged2_normal,19,cylinder,success,/mnt/scratch/pmywe/GPU/3D_irregular_packing_stream/hpc/results/all_instances_geometry/Merged2_normal_seq19_cylinder__minimum_aabb_edges_len__bottom_top__instance_size__rng42.json,187.59591817855835,185.68959021568298,True,,2,0.28126449096244893,0.36369699516828746,2,0.28126449096244893,0.36369699516828746
161,Merged2_normal_seq19_cylinder,minimum_aabb_edges_len,all,121x121x121,Merged2_normal_seq19_cylinder;Merged2_normal_seq19_cylinder_999999_1,geometry_only,Merged2_normal,19,cylinder,success,/mnt/scratch/pmywe/GPU/3D_irregular_packing_stream/hpc/results/all_instances_geometry/Merged2_normal_seq19_cylinder__minimum_aabb_edges_len__all__instance_size__rng42.json,221.1375982761383,219.2796700000763,True,,3,0.18750966064163263,0.27417728642891415,3,0.18750966064163263,0.27417728642891415
162,Merged2_normal_seq19_cylinder,maximal_residual_box,bottom,121x121x121,Merged2_normal_seq19_cylinder;Merged2_normal_seq19_cylinder_999999_1,geometry_only,Merged2_normal,19,cylinder,success,/mnt/scratch/pmywe/GPU/3D_irregular_packing_stream/hpc/results/all_instances_geometry/Merged2_normal_seq19_cylinder__maximal_residual_box__bottom__instance_size__rng42.json,188.18471431732178,186.28722548484802,True,,2,0.28126449096244893,0.29282351241188004,2,0.28126449096244893,0.29282351241188004
163,Merged2_normal_seq19_cylinder,maximal_residual_box,bottom_top,121x121x121,Merged2_normal_seq19_cylinder;Merged2_normal_seq19_cylinder_999999_1,geometry_only,Merged2_normal,19,cylinder,success,/mnt/scratch/pmywe/GPU/3D_irregular_packing_stream/hpc/results/all_instances_geometry/Merged2_normal_seq19_cylinder__maximal_residual_box__bottom_top__instance_size__rng42.json,198.03798031806946,196.14407181739807,True,,2,0.28126449096244893,0.29282351241188004,2,0.28126449096244893,0.29282351241188004
164,Merged2_normal_seq19_cylinder,maximal_residual_box,all,121x121x121,Merged2_normal_seq19_cylinder;Merged2_normal_seq19_cylinder_999999_1,geometry_only,Merged2_normal,19,cylinder,success,/mnt/scratch/pmywe/GPU/3D_irregular_packing_stream/hpc/results/all_instances_geometry/Merged2_normal_seq19_cylinder__maximal_residual_box__all__instance_size__rng42.json,232.06804490089417,230.1364779472351,True,,3,0.18750966064163263,0.23910457193401186,3,0.18750966064163263,0.23910457193401186
165,Merged2_normal_seq19_cylinder,overlap_distance,bottom,121x121x121,Merged2_normal_seq19_cylinder;Merged2_normal_seq19_cylinder_999999_1,geometry_only,Merged2_normal,19,cylinder,success,/mnt/scratch/pmywe/GPU/3D_irregular_packing_stream/hpc/results/all_instances_geometry/Merged2_normal_seq19_cylinder__overlap_distance__bottom__instance_size__rng42.json,304.2848389148712,302.4161720275879,True,,2,0.28126449096244893,0.2816949985697491,2,0.28126449096244893,0.2816949985697491
166,Merged2_normal_seq19_cylinder,overlap_distance,bottom_top,121x121x121,Merged2_normal_seq19_cylinder;Merged2_normal_seq19_cylinder_999999_1,geometry_only,Merged2_normal,19,cylinder,success,/mnt/scratch/pmywe/GPU/3D_irregular_packing_stream/hpc/results/all_instances_geometry/Merged2_normal_seq19_cylinder__overlap_distance__bottom_top__instance_size__rng42.json,362.8974504470825,361.0220332145691,True,,3,0.18750966064163263,0.27417728642891415,3,0.18750966064163263,0.27417728642891415
167,Merged2_normal_seq19_cylinder,overlap_distance,all,121x121x121,Merged2_normal_seq19_cylinder;Merged2_normal_seq19_cylinder_999999_1,geometry_only,Merged2_normal,19,cylinder,success,/mnt/scratch/pmywe/GPU/3D_irregular_packing_stream/hpc/results/all_instances_geometry/Merged2_normal_seq19_cylinder__overlap_distance__all__instance_size__rng42.json,632.7786648273468,630.9071259498596,True,,3,0.18750966064163263,0.26139358223684606,3,0.18750966064163263,0.26139358223684606
168,Merged2_normal_seq3_cube,minimum_aabb_volume,bottom,105x105x105,Merged2_normal_seq3_cube;Merged2_normal_seq3_cube_999999_1,geometry_only,Merged2_normal,3,cube,success,/mnt/scratch/pmywe/GPU/3D_irregular_packing_stream/hpc/results/all_instances_geometry/Merged2_normal_seq3_cube__minimum_aabb_volume__bottom__instance_size__rng42.json,36.74477672576904,34.98027420043945,True,,3,0.22537292588993268,0.31111283878630813,3,0.22537292588993268,0.31111283878630813
169,Merged2_normal_seq3_cube,minimum_aabb_volume,bottom_top,105x105x105,Merged2_normal_seq3_cube;Merged2_normal_seq3_cube_999999_1,geometry_only,Merged2_normal,3,cube,success,/mnt/scratch/pmywe/GPU/3D_irregular_packing_stream/hpc/results/all_instances_geometry/Merged2_normal_seq3_cube__minimum_aabb_volume__bottom_top__instance_size__rng42.json,37.1731173992157,35.55536675453186,True,,3,0.22537292588993268,0.3224481157542382,3,0.22537292588993268,0.3224481157542382
170,Merged2_normal_seq3_cube,minimum_aabb_volume,all,105x105x105,Merged2_normal_seq3_cube;Merged2_normal_seq3_cube_999999_1,geometry_only,Merged2_normal,3,cube,success,/mnt/scratch/pmywe/GPU/3D_irregular_packing_stream/hpc/results/all_instances_geometry/Merged2_normal_seq3_cube__minimum_aabb_volume__all__instance_size__rng42.json,49.67633295059204,47.981011629104614,True,,3,0.22537292588993268,0.29856473383003995,3,0.22537292588993268,0.29856473383003995
171,Merged2_normal_seq3_cube,minimum_aabb_edges_len,bottom,105x105x105,Merged2_normal_seq3_cube;Merged2_normal_seq3_cube_999999_1,geometry_only,Merged2_normal,3,cube,success,/mnt/scratch/pmywe/GPU/3D_irregular_packing_stream/hpc/results/all_instances_geometry/Merged2_normal_seq3_cube__minimum_aabb_edges_len__bottom__instance_size__rng42.json,38.72815823554993,37.122119665145874,True,,3,0.22537292588993268,0.3224481157542382,3,0.22537292588993268,0.3224481157542382
172,Merged2_normal_seq3_cube,minimum_aabb_edges_len,bottom_top,105x105x105,Merged2_normal_seq3_cube;Merged2_normal_seq3_cube_999999_1,geometry_only,Merged2_normal,3,cube,success,/mnt/scratch/pmywe/GPU/3D_irregular_packing_stream/hpc/results/all_instances_geometry/Merged2_normal_seq3_cube__minimum_aabb_edges_len__bottom_top__instance_size__rng42.json,42.743725299835205,41.06344699859619,True,,3,0.22537292588993268,0.3141760069107008,3,0.22537292588993268,0.3141760069107008
173,Merged2_normal_seq3_cube,minimum_aabb_edges_len,all,105x105x105,Merged2_normal_seq3_cube;Merged2_normal_seq3_cube_999999_1,geometry_only,Merged2_normal,3,cube,success,/mnt/scratch/pmywe/GPU/3D_irregular_packing_stream/hpc/results/all_instances_geometry/Merged2_normal_seq3_cube__minimum_aabb_edges_len__all__instance_size__rng42.json,52.449830293655396,50.81893992424011,True,,3,0.22537292588993268,0.31111283878630813,3,0.22537292588993268,0.31111283878630813
174,Merged2_normal_seq3_cube,maximal_residual_box,bottom,105x105x105,Merged2_normal_seq3_cube;Merged2_normal_seq3_cube_999999_1,geometry_only,Merged2_normal,3,cube,success,/mnt/scratch/pmywe/GPU/3D_irregular_packing_stream/hpc/results/all_instances_geometry/Merged2_normal_seq3_cube__maximal_residual_box__bottom__instance_size__rng42.json,41.664788484573364,39.953182220458984,True,,2,0.33805938883489905,0.35616628873771733,2,0.33805938883489905,0.35616628873771733
175,Merged2_normal_seq3_cube,maximal_residual_box,bottom_top,105x105x105,Merged2_normal_seq3_cube;Merged2_normal_seq3_cube_999999_1,geometry_only,Merged2_normal,3,cube,success,/mnt/scratch/pmywe/GPU/3D_irregular_packing_stream/hpc/results/all_instances_geometry/Merged2_normal_seq3_cube__maximal_residual_box__bottom_top__instance_size__rng42.json,39.47671413421631,37.846283197402954,True,,2,0.33805938883489905,0.35616628873771733,2,0.33805938883489905,0.35616628873771733
176,Merged2_normal_seq3_cube,maximal_residual_box,all,105x105x105,Merged2_normal_seq3_cube;Merged2_normal_seq3_cube_999999_1,geometry_only,Merged2_normal,3,cube,success,/mnt/scratch/pmywe/GPU/3D_irregular_packing_stream/hpc/results/all_instances_geometry/Merged2_normal_seq3_cube__maximal_residual_box__all__instance_size__rng42.json,55.850740909576416,54.12724447250366,True,,3,0.22537292588993268,0.28029327286470146,3,0.22537292588993268,0.28029327286470146
177,Merged2_normal_seq3_cube,overlap_distance,bottom,105x105x105,Merged2_normal_seq3_cube;Merged2_normal_seq3_cube_999999_1,geometry_only,Merged2_normal,3,cube,success,/mnt/scratch/pmywe/GPU/3D_irregular_packing_stream/hpc/results/all_instances_geometry/Merged2_normal_seq3_cube__overlap_distance__bottom__instance_size__rng42.json,100.12166261672974,98.50124955177307,True,,3,0.22537292588993268,0.3224481157542382,3,0.22537292588993268,0.3224481157542382
178,Merged2_normal_seq3_cube,overlap_distance,bottom_top,105x105x105,Merged2_normal_seq3_cube;Merged2_normal_seq3_cube_999999_1,geometry_only,Merged2_normal,3,cube,success,/mnt/scratch/pmywe/GPU/3D_irregular_packing_stream/hpc/results/all_instances_geometry/Merged2_normal_seq3_cube__overlap_distance__bottom_top__instance_size__rng42.json,126.84601187705994,125.06398701667786,True,,3,0.22537292588993268,0.31256926897743226,3,0.22537292588993268,0.31256926897743226
179,Merged2_normal_seq3_cube,overlap_distance,all,105x105x105,Merged2_normal_seq3_cube;Merged2_normal_seq3_cube_999999_1,geometry_only,Merged2_normal,3,cube,success,/mnt/scratch/pmywe/GPU/3D_irregular_packing_stream/hpc/results/all_instances_geometry/Merged2_normal_seq3_cube__overlap_distance__all__instance_size__rng42.json,238.57714438438416,236.81965613365173,True,,3,0.22537292588993268,0.2801675844941151,3,0.22537292588993268,0.2801675844941151
180,Merged2_normal_seq3_cylinder,minimum_aabb_volume,bottom,121x121x121,Merged2_normal_seq3_cylinder;Merged2_normal_seq3_cylinder_999999_1,geometry_only,Merged2_normal,3,cylinder,success,/mnt/scratch/pmywe/GPU/3D_irregular_packing_stream/hpc/results/all_instances_geometry/Merged2_normal_seq3_cylinder__minimum_aabb_volume__bottom__instance_size__rng42.json,190.4114420413971,188.54047751426697,True,,3,0.18750966064163263,0.26827595426941164,3,0.18750966064163263,0.26827595426941164
181,Merged2_normal_seq3_cylinder,minimum_aabb_volume,bottom_top,121x121x121,Merged2_normal_seq3_cylinder;Merged2_normal_seq3_cylinder_999999_1,geometry_only,Merged2_normal,3,cylinder,success,/mnt/scratch/pmywe/GPU/3D_irregular_packing_stream/hpc/results/all_instances_geometry/Merged2_normal_seq3_cylinder__minimum_aabb_volume__bottom_top__instance_size__rng42.json,197.84194564819336,195.97105431556702,True,,3,0.18750966064163263,0.26827595426941164,3,0.18750966064163263,0.26827595426941164
182,Merged2_normal_seq3_cylinder,minimum_aabb_volume,all,121x121x121,Merged2_normal_seq3_cylinder;Merged2_normal_seq3_cylinder_999999_1,geometry_only,Merged2_normal,3,cylinder,success,/mnt/scratch/pmywe/GPU/3D_irregular_packing_stream/hpc/results/all_instances_geometry/Merged2_normal_seq3_cylinder__minimum_aabb_volume__all__instance_size__rng42.json,217.001615524292,215.07253193855286,True,,3,0.18750966064163263,0.26827595426941164,3,0.18750966064163263,0.26827595426941164
183,Merged2_normal_seq3_cylinder,minimum_aabb_edges_len,bottom,121x121x121,Merged2_normal_seq3_cylinder;Merged2_normal_seq3_cylinder_999999_1,geometry_only,Merged2_normal,3,cylinder,success,/mnt/scratch/pmywe/GPU/3D_irregular_packing_stream/hpc/results/all_instances_geometry/Merged2_normal_seq3_cylinder__minimum_aabb_edges_len__bottom__instance_size__rng42.json,185.28664422035217,183.40741276741028,True,,3,0.18750966064163263,0.26827595426941164,3,0.18750966064163263,0.26827595426941164
184,Merged2_normal_seq3_cylinder,minimum_aabb_edges_len,bottom_top,121x121x121,Merged2_normal_seq3_cylinder;Merged2_normal_seq3_cylinder_999999_1,geometry_only,Merged2_normal,3,cylinder,success,/mnt/scratch/pmywe/GPU/3D_irregular_packing_stream/hpc/results/all_instances_geometry/Merged2_normal_seq3_cylinder__minimum_aabb_edges_len__bottom_top__instance_size__rng42.json,195.4168426990509,193.55700397491455,True,,2,0.28126449096244893,0.31087033381306234,2,0.28126449096244893,0.31087033381306234
185,Merged2_normal_seq3_cylinder,minimum_aabb_edges_len,all,121x121x121,Merged2_normal_seq3_cylinder;Merged2_normal_seq3_cylinder_999999_1,geometry_only,Merged2_normal,3,cylinder,success,/mnt/scratch/pmywe/GPU/3D_irregular_packing_stream/hpc/results/all_instances_geometry/Merged2_normal_seq3_cylinder__minimum_aabb_edges_len__all__instance_size__rng42.json,227.72767567634583,225.85064268112183,True,,3,0.18750966064163263,0.2600567806515733,3,0.18750966064163263,0.2600567806515733
186,Merged2_normal_seq3_cylinder,maximal_residual_box,bottom,121x121x121,Merged2_normal_seq3_cylinder;Merged2_normal_seq3_cylinder_999999_1,geometry_only,Merged2_normal,3,cylinder,success,/mnt/scratch/pmywe/GPU/3D_irregular_packing_stream/hpc/results/all_instances_geometry/Merged2_normal_seq3_cylinder__maximal_residual_box__bottom__instance_size__rng42.json,191.4279751777649,189.55287170410156,True,,3,0.18750966064163263,0.26827595426941164,3,0.18750966064163263,0.26827595426941164
187,Merged2_normal_seq3_cylinder,maximal_residual_box,bottom_top,121x121x121,Merged2_normal_seq3_cylinder;Merged2_normal_seq3_cylinder_999999_1,geometry_only,Merged2_normal,3,cylinder,success,/mnt/scratch/pmywe/GPU/3D_irregular_packing_stream/hpc/results/all_instances_geometry/Merged2_normal_seq3_cylinder__maximal_residual_box__bottom_top__instance_size__rng42.json,195.9312343597412,194.0391936302185,True,,2,0.28126449096244893,0.2886334300236326,2,0.28126449096244893,0.2886334300236326
188,Merged2_normal_seq3_cylinder,maximal_residual_box,all,121x121x121,Merged2_normal_seq3_cylinder;Merged2_normal_seq3_cylinder_999999_1,geometry_only,Merged2_normal,3,cylinder,success,/mnt/scratch/pmywe/GPU/3D_irregular_packing_stream/hpc/results/all_instances_geometry/Merged2_normal_seq3_cylinder__maximal_residual_box__all__instance_size__rng42.json,218.1448051929474,216.27973532676697,True,,3,0.18750966064163263,0.2484050455438087,3,0.18750966064163263,0.2484050455438087
189,Merged2_normal_seq3_cylinder,overlap_distance,bottom,121x121x121,Merged2_normal_seq3_cylinder;Merged2_normal_seq3_cylinder_999999_1,geometry_only,Merged2_normal,3,cylinder,success,/mnt/scratch/pmywe/GPU/3D_irregular_packing_stream/hpc/results/all_instances_geometry/Merged2_normal_seq3_cylinder__overlap_distance__bottom__instance_size__rng42.json,320.69077467918396,318.82473969459534,True,,3,0.18750966064163263,0.23947362979102133,3,0.18750966064163263,0.23947362979102133
190,Merged2_normal_seq3_cylinder,overlap_distance,bottom_top,121x121x121,Merged2_normal_seq3_cylinder;Merged2_normal_seq3_cylinder_999999_1,geometry_only,Merged2_normal,3,cylinder,success,/mnt/scratch/pmywe/GPU/3D_irregular_packing_stream/hpc/results/all_instances_geometry/Merged2_normal_seq3_cylinder__overlap_distance__bottom_top__instance_size__rng42.json,352.586008310318,350.68906021118164,True,,3,0.18750966064163263,0.23947362979102133,3,0.18750966064163263,0.23947362979102133
191,Merged2_normal_seq3_cylinder,overlap_distance,all,121x121x121,Merged2_normal_seq3_cylinder;Merged2_normal_seq3_cylinder_999999_1,geometry_only,Merged2_normal,3,cylinder,success,/mnt/scratch/pmywe/GPU/3D_irregular_packing_stream/hpc/results/all_instances_geometry/Merged2_normal_seq3_cylinder__overlap_distance__all__instance_size__rng42.json,483.30322217941284,481.4163405895233,True,,3,0.18750966064163263,0.2588450346984712,3,0.18750966064163263,0.2588450346984712
192,Merged2_normal_seq53_cube,minimum_aabb_volume,bottom,105x105x105,Merged2_normal_seq53_cube;Merged2_normal_seq53_cube_999999_1,geometry_only,Merged2_normal,53,cube,success,/mnt/scratch/pmywe/GPU/3D_irregular_packing_stream/hpc/results/all_instances_geometry/Merged2_normal_seq53_cube__minimum_aabb_volume__bottom__instance_size__rng42.json,37.40122580528259,35.63362145423889,True,,2,0.33805938883489905,0.3650551776266062,2,0.33805938883489905,0.3650551776266062
193,Merged2_normal_seq53_cube,minimum_aabb_volume,bottom_top,105x105x105,Merged2_normal_seq53_cube;Merged2_normal_seq53_cube_999999_1,geometry_only,Merged2_normal,53,cube,success,/mnt/scratch/pmywe/GPU/3D_irregular_packing_stream/hpc/results/all_instances_geometry/Merged2_normal_seq53_cube__minimum_aabb_volume__bottom_top__instance_size__rng42.json,41.54129910469055,39.88753628730774,True,,2,0.33805938883489905,0.3650551776266062,2,0.33805938883489905,0.3650551776266062
194,Merged2_normal_seq53_cube,minimum_aabb_volume,all,105x105x105,Merged2_normal_seq53_cube;Merged2_normal_seq53_cube_999999_1,geometry_only,Merged2_normal,53,cube,success,/mnt/scratch/pmywe/GPU/3D_irregular_packing_stream/hpc/results/all_instances_geometry/Merged2_normal_seq53_cube__minimum_aabb_volume__all__instance_size__rng42.json,54.24536967277527,52.50669980049133,True,,3,0.22537292588993268,0.3104554583738257,3,0.22537292588993268,0.3104554583738257
195,Merged2_normal_seq53_cube,minimum_aabb_edges_len,bottom,105x105x105,Merged2_normal_seq53_cube;Merged2_normal_seq53_cube_999999_1,geometry_only,Merged2_normal,53,cube,success,/mnt/scratch/pmywe/GPU/3D_irregular_packing_stream/hpc/results/all_instances_geometry/Merged2_normal_seq53_cube__minimum_aabb_edges_len__bottom__instance_size__rng42.json,41.12322211265564,39.48410487174988,True,,3,0.22537292588993268,0.2999356440989094,3,0.22537292588993268,0.2999356440989094
196,Merged2_normal_seq53_cube,minimum_aabb_edges_len,bottom_top,105x105x105,Merged2_normal_seq53_cube;Merged2_normal_seq53_cube_999999_1,geometry_only,Merged2_normal,53,cube,success,/mnt/scratch/pmywe/GPU/3D_irregular_packing_stream/hpc/results/all_instances_geometry/Merged2_normal_seq53_cube__minimum_aabb_edges_len__bottom_top__instance_size__rng42.json,42.645633697509766,40.92520260810852,True,,2,0.33805938883489905,0.3686997084548105,2,0.33805938883489905,0.3686997084548105
197,Merged2_normal_seq53_cube,minimum_aabb_edges_len,all,105x105x105,Merged2_normal_seq53_cube;Merged2_normal_seq53_cube_999999_1,geometry_only,Merged2_normal,53,cube,success,/mnt/scratch/pmywe/GPU/3D_irregular_packing_stream/hpc/results/all_instances_geometry/Merged2_normal_seq53_cube__minimum_aabb_edges_len__all__instance_size__rng42.json,57.105348348617554,55.50711727142334,True,,3,0.22537292588993268,0.32381902602310764,3,0.22537292588993268,0.32381902602310764
198,Merged2_normal_seq53_cube,maximal_residual_box,bottom,105x105x105,Merged2_normal_seq53_cube;Merged2_normal_seq53_cube_999999_1,geometry_only,Merged2_normal,53,cube,success,/mnt/scratch/pmywe/GPU/3D_irregular_packing_stream/hpc/results/all_instances_geometry/Merged2_normal_seq53_cube__maximal_residual_box__bottom__instance_size__rng42.json,41.57311677932739,39.84928894042969,True,,2,0.33805938883489905,0.3446210992333441,2,0.33805938883489905,0.3446210992333441
199,Merged2_normal_seq53_cube,maximal_residual_box,bottom_top,105x105x105,Merged2_normal_seq53_cube;Merged2_normal_seq53_cube_999999_1,geometry_only,Merged2_normal,53,cube,success,/mnt/scratch/pmywe/GPU/3D_irregular_packing_stream/hpc/results/all_instances_geometry/Merged2_normal_seq53_cube__maximal_residual_box__bottom_top__instance_size__rng42.json,43.546262979507446,41.92186450958252,True,,2,0.33805938883489905,0.3446210992333441,2,0.33805938883489905,0.3446210992333441
200,Merged2_normal_seq53_cube,maximal_residual_box,all,105x105x105,Merged2_normal_seq53_cube;Merged2_normal_seq53_cube_999999_1,geometry_only,Merged2_normal,53,cube,success,/mnt/scratch/pmywe/GPU/3D_irregular_packing_stream/hpc/results/all_instances_geometry/Merged2_normal_seq53_cube__maximal_residual_box__all__instance_size__rng42.json,53.87045860290527,52.13609337806702,True,,3,0.22537292588993268,0.2999356440989094,3,0.22537292588993268,0.2999356440989094
201,Merged2_normal_seq53_cube,overlap_distance,bottom,105x105x105,Merged2_normal_seq53_cube;Merged2_normal_seq53_cube_999999_1,geometry_only,Merged2_normal,53,cube,success,/mnt/scratch/pmywe/GPU/3D_irregular_packing_stream/hpc/results/all_instances_geometry/Merged2_normal_seq53_cube__overlap_distance__bottom__instance_size__rng42.json,118.40370631217957,116.78325772285461,True,,3,0.22537292588993268,0.32381902602310764,3,0.22537292588993268,0.32381902602310764
202,Merged2_normal_seq53_cube,overlap_distance,bottom_top,105x105x105,Merged2_normal_seq53_cube;Merged2_normal_seq53_cube_999999_1,geometry_only,Merged2_normal,53,cube,success,/mnt/scratch/pmywe/GPU/3D_irregular_packing_stream/hpc/results/all_instances_geometry/Merged2_normal_seq53_cube__overlap_distance__bottom_top__instance_size__rng42.json,131.96085047721863,130.1710455417633,True,,3,0.22537292588993268,0.3104554583738257,3,0.22537292588993268,0.3104554583738257
203,Merged2_normal_seq53_cube,overlap_distance,all,105x105x105,Merged2_normal_seq53_cube;Merged2_normal_seq53_cube_999999_1,geometry_only,Merged2_normal,53,cube,success,/mnt/scratch/pmywe/GPU/3D_irregular_packing_stream/hpc/results/all_instances_geometry/Merged2_normal_seq53_cube__overlap_distance__all__instance_size__rng42.json,242.7421522140503,240.9861216545105,True,,3,0.22537292588993268,0.2588454810495627,3,0.22537292588993268,0.2588454810495627
204,Merged2_normal_seq53_cylinder,minimum_aabb_volume,bottom,121x121x121,Merged2_normal_seq53_cylinder;Merged2_normal_seq53_cylinder_999999_1,geometry_only,Merged2_normal,53,cylinder,success,/mnt/scratch/pmywe/GPU/3D_irregular_packing_stream/hpc/results/all_instances_geometry/Merged2_normal_seq53_cylinder__minimum_aabb_volume__bottom__instance_size__rng42.json,182.45479035377502,180.51004219055176,True,,2,0.28126449096244893,0.2975231605656965,2,0.28126449096244893,0.2975231605656965
205,Merged2_normal_seq53_cylinder,minimum_aabb_volume,bottom_top,121x121x121,Merged2_normal_seq53_cylinder;Merged2_normal_seq53_cylinder_999999_1,geometry_only,Merged2_normal,53,cylinder,success,/mnt/scratch/pmywe/GPU/3D_irregular_packing_stream/hpc/results/all_instances_geometry/Merged2_normal_seq53_cylinder__minimum_aabb_volume__bottom_top__instance_size__rng42.json,191.57768297195435,189.71633195877075,True,,2,0.28126449096244893,0.2975231605656965,2,0.28126449096244893,0.2975231605656965
206,Merged2_normal_seq53_cylinder,minimum_aabb_volume,all,121x121x121,Merged2_normal_seq53_cylinder;Merged2_normal_seq53_cylinder_999999_1,geometry_only,Merged2_normal,53,cylinder,success,/mnt/scratch/pmywe/GPU/3D_irregular_packing_stream/hpc/results/all_instances_geometry/Merged2_normal_seq53_cylinder__minimum_aabb_volume__all__instance_size__rng42.json,220.66092896461487,218.76795291900635,True,,3,0.18750966064163263,0.24954563915446887,3,0.18750966064163263,0.24954563915446887
207,Merged2_normal_seq53_cylinder,minimum_aabb_edges_len,bottom,121x121x121,Merged2_normal_seq53_cylinder;Merged2_normal_seq53_cylinder_999999_1,geometry_only,Merged2_normal,53,cylinder,success,/mnt/scratch/pmywe/GPU/3D_irregular_packing_stream/hpc/results/all_instances_geometry/Merged2_normal_seq53_cylinder__minimum_aabb_edges_len__bottom__instance_size__rng42.json,178.4536168575287,176.5931441783905,True,,2,0.28126449096244893,0.3114445835263059,2,0.28126449096244893,0.3114445835263059
208,Merged2_normal_seq53_cylinder,minimum_aabb_edges_len,bottom_top,121x121x121,Merged2_normal_seq53_cylinder;Merged2_normal_seq53_cylinder_999999_1,geometry_only,Merged2_normal,53,cylinder,success,/mnt/scratch/pmywe/GPU/3D_irregular_packing_stream/hpc/results/all_instances_geometry/Merged2_normal_seq53_cylinder__minimum_aabb_edges_len__bottom_top__instance_size__rng42.json,196.7897012233734,194.8878195285797,True,,2,0.28126449096244893,0.310523915337739,2,0.28126449096244893,0.310523915337739
209,Merged2_normal_seq53_cylinder,minimum_aabb_edges_len,all,121x121x121,Merged2_normal_seq53_cylinder;Merged2_normal_seq53_cylinder_999999_1,geometry_only,Merged2_normal,53,cylinder,success,/mnt/scratch/pmywe/GPU/3D_irregular_packing_stream/hpc/results/all_instances_geometry/Merged2_normal_seq53_cylinder__minimum_aabb_edges_len__all__instance_size__rng42.json,210.78727984428406,208.9278428554535,True,,2,0.28126449096244893,0.3744898711930407,2,0.28126449096244893,0.3744898711930407
210,Merged2_normal_seq53_cylinder,maximal_residual_box,bottom,121x121x121,Merged2_normal_seq53_cylinder;Merged2_normal_seq53_cylinder_999999_1,geometry_only,Merged2_normal,53,cylinder,success,/mnt/scratch/pmywe/GPU/3D_irregular_packing_stream/hpc/results/all_instances_geometry/Merged2_normal_seq53_cylinder__maximal_residual_box__bottom__instance_size__rng42.json,186.0670051574707,184.2170491218567,True,,2,0.28126449096244893,0.290982894745276,2,0.28126449096244893,0.290982894745276
211,Merged2_normal_seq53_cylinder,maximal_residual_box,bottom_top,121x121x121,Merged2_normal_seq53_cylinder;Merged2_normal_seq53_cylinder_999999_1,geometry_only,Merged2_normal,53,cylinder,success,/mnt/scratch/pmywe/GPU/3D_irregular_packing_stream/hpc/results/all_instances_geometry/Merged2_normal_seq53_cylinder__maximal_residual_box__bottom_top__instance_size__rng42.json,191.9918155670166,190.10562348365784,True,,2,0.28126449096244893,0.290982894745276,2,0.28126449096244893,0.290982894745276
212,Merged2_normal_seq53_cylinder,maximal_residual_box,all,121x121x121,Merged2_normal_seq53_cylinder;Merged2_normal_seq53_cylinder_999999_1,geometry_only,Merged2_normal,53,cylinder,success,/mnt/scratch/pmywe/GPU/3D_irregular_packing_stream/hpc/results/all_instances_geometry/Merged2_normal_seq53_cylinder__maximal_residual_box__all__instance_size__rng42.json,223.42535948753357,221.58403158187866,True,,3,0.18750966064163263,0.2495456391544689,3,0.18750966064163263,0.2495456391544689
213,Merged2_normal_seq53_cylinder,overlap_distance,bottom,121x121x121,Merged2_normal_seq53_cylinder;Merged2_normal_seq53_cylinder_999999_1,geometry_only,Merged2_normal,53,cylinder,success,/mnt/scratch/pmywe/GPU/3D_irregular_packing_stream/hpc/results/all_instances_geometry/Merged2_normal_seq53_cylinder__overlap_distance__bottom__instance_size__rng42.json,386.4165036678314,384.5493109226227,True,,2,0.28126449096244893,0.28386766050108225,2,0.28126449096244893,0.28386766050108225
214,Merged2_normal_seq53_cylinder,overlap_distance,bottom_top,121x121x121,Merged2_normal_seq53_cylinder;Merged2_normal_seq53_cylinder_999999_1,geometry_only,Merged2_normal,53,cylinder,success,/mnt/scratch/pmywe/GPU/3D_irregular_packing_stream/hpc/results/all_instances_geometry/Merged2_normal_seq53_cylinder__overlap_distance__bottom_top__instance_size__rng42.json,380.7055640220642,378.7895448207855,True,,2,0.28126449096244893,0.28386766050108225,2,0.28126449096244893,0.28386766050108225
215,Merged2_normal_seq53_cylinder,overlap_distance,all,121x121x121,Merged2_normal_seq53_cylinder;Merged2_normal_seq53_cylinder_999999_1,geometry_only,Merged2_normal,53,cylinder,success,/mnt/scratch/pmywe/GPU/3D_irregular_packing_stream/hpc/results/all_instances_geometry/Merged2_normal_seq53_cylinder__overlap_distance__all__instance_size__rng42.json,578.5993182659149,576.7311701774597,True,,3,0.18750966064163263,0.2313399827262192,3,0.18750966064163263,0.2313399827262192
216,Merged2_normal_seq7_cube,minimum_aabb_volume,bottom,105x105x105,Merged2_normal_seq7_cube;Merged2_normal_seq7_cube_999999_1,geometry_only,Merged2_normal,7,cube,success,/mnt/scratch/pmywe/GPU/3D_irregular_packing_stream/hpc/results/all_instances_geometry/Merged2_normal_seq7_cube__minimum_aabb_volume__bottom__instance_size__rng42.json,35.575929164886475,33.80896306037903,True,,3,0.22537292588993268,0.3224481157542382,3,0.22537292588993268,0.3224481157542382
217,Merged2_normal_seq7_cube,minimum_aabb_volume,bottom_top,105x105x105,Merged2_normal_seq7_cube;Merged2_normal_seq7_cube_999999_1,geometry_only,Merged2_normal,7,cube,success,/mnt/scratch/pmywe/GPU/3D_irregular_packing_stream/hpc/results/all_instances_geometry/Merged2_normal_seq7_cube__minimum_aabb_volume__bottom_top__instance_size__rng42.json,37.30392384529114,35.699310064315796,True,,2,0.33805938883489905,0.3989452542921931,2,0.33805938883489905,0.3989452542921931
218,Merged2_normal_seq7_cube,minimum_aabb_volume,all,105x105x105,Merged2_normal_seq7_cube;Merged2_normal_seq7_cube_999999_1,geometry_only,Merged2_normal,7,cube,success,/mnt/scratch/pmywe/GPU/3D_irregular_packing_stream/hpc/results/all_instances_geometry/Merged2_normal_seq7_cube__minimum_aabb_volume__all__instance_size__rng42.json,52.88174533843994,51.18566131591797,True,,3,0.22537292588993268,0.3139401792463017,3,0.22537292588993268,0.3139401792463017
219,Merged2_normal_seq7_cube,minimum_aabb_edges_len,bottom,105x105x105,Merged2_normal_seq7_cube;Merged2_normal_seq7_cube_999999_1,geometry_only,Merged2_normal,7,cube,success,/mnt/scratch/pmywe/GPU/3D_irregular_packing_stream/hpc/results/all_instances_geometry/Merged2_normal_seq7_cube__minimum_aabb_edges_len__bottom__instance_size__rng42.json,34.60571575164795,32.976672887802124,True,,3,0.22537292588993268,0.30820775294244684,3,0.22537292588993268,0.30820775294244684
220,Merged2_normal_seq7_cube,minimum_aabb_edges_len,bottom_top,105x105x105,Merged2_normal_seq7_cube;Merged2_normal_seq7_cube_999999_1,geometry_only,Merged2_normal,7,cube,success,/mnt/scratch/pmywe/GPU/3D_irregular_packing_stream/hpc/results/all_instances_geometry/Merged2_normal_seq7_cube__minimum_aabb_edges_len__bottom_top__instance_size__rng42.json,40.07944965362549,38.40596675872803,True,,3,0.22537292588993268,0.32381902602310764,3,0.22537292588993268,0.32381902602310764
221,Merged2_normal_seq7_cube,minimum_aabb_edges_len,all,105x105x105,Merged2_normal_seq7_cube;Merged2_normal_seq7_cube_999999_1,geometry_only,Merged2_normal,7,cube,success,/mnt/scratch/pmywe/GPU/3D_irregular_packing_stream/hpc/results/all_instances_geometry/Merged2_normal_seq7_cube__minimum_aabb_edges_len__all__instance_size__rng42.json,49.11583876609802,47.53758239746094,True,,3,0.22537292588993268,0.3090845481049562,3,0.22537292588993268,0.3090845481049562
222,Merged2_normal_seq7_cube,maximal_residual_box,bottom,105x105x105,Merged2_normal_seq7_cube;Merged2_normal_seq7_cube_999999_1,geometry_only,Merged2_normal,7,cube,success,/mnt/scratch/pmywe/GPU/3D_irregular_packing_stream/hpc/results/all_instances_geometry/Merged2_normal_seq7_cube__maximal_residual_box__bottom__instance_size__rng42.json,35.713688373565674,34.03489422798157,True,,3,0.22537292588993268,0.32381902602310764,3,0.22537292588993268,0.32381902602310764
223,Merged2_normal_seq7_cube,maximal_residual_box,bottom_top,105x105x105,Merged2_normal_seq7_cube;Merged2_normal_seq7_cube_999999_1,geometry_only,Merged2_normal,7,cube,success,/mnt/scratch/pmywe/GPU/3D_irregular_packing_stream/hpc/results/all_instances_geometry/Merged2_normal_seq7_cube__maximal_residual_box__bottom_top__instance_size__rng42.json,38.417701959609985,36.82104182243347,True,,3,0.22537292588993268,0.32381902602310764,3,0.22537292588993268,0.32381902602310764
224,Merged2_normal_seq7_cube,maximal_residual_box,all,105x105x105,Merged2_normal_seq7_cube;Merged2_normal_seq7_cube_999999_1,geometry_only,Merged2_normal,7,cube,success,/mnt/scratch/pmywe/GPU/3D_irregular_packing_stream/hpc/results/all_instances_geometry/Merged2_normal_seq7_cube__maximal_residual_box__all__instance_size__rng42.json,49.47710633277893,47.77103400230408,True,,3,0.22537292588993268,0.3224481157542382,3,0.22537292588993268,0.3224481157542382
225,Merged2_normal_seq7_cube,overlap_distance,bottom,105x105x105,Merged2_normal_seq7_cube;Merged2_normal_seq7_cube_999999_1,geometry_only,Merged2_normal,7,cube,success,/mnt/scratch/pmywe/GPU/3D_irregular_packing_stream/hpc/results/all_instances_geometry/Merged2_normal_seq7_cube__overlap_distance__bottom__instance_size__rng42.json,106.29003572463989,104.68925929069519,True,,3,0.22537292588993268,0.30820775294244684,3,0.22537292588993268,0.30820775294244684
226,Merged2_normal_seq7_cube,overlap_distance,bottom_top,105x105x105,Merged2_normal_seq7_cube;Merged2_normal_seq7_cube_999999_1,geometry_only,Merged2_normal,7,cube,success,/mnt/scratch/pmywe/GPU/3D_irregular_packing_stream/hpc/results/all_instances_geometry/Merged2_normal_seq7_cube__overlap_distance__bottom_top__instance_size__rng42.json,127.02411580085754,125.27722334861755,True,,3,0.22537292588993268,0.3090845481049563,3,0.22537292588993268,0.3090845481049563
227,Merged2_normal_seq7_cube,overlap_distance,all,105x105x105,Merged2_normal_seq7_cube;Merged2_normal_seq7_cube_999999_1,geometry_only,Merged2_normal,7,cube,success,/mnt/scratch/pmywe/GPU/3D_irregular_packing_stream/hpc/results/all_instances_geometry/Merged2_normal_seq7_cube__overlap_distance__all__instance_size__rng42.json,216.4711139202118,214.70158171653748,True,,3,0.22537292588993268,0.2983289061656409,3,0.22537292588993268,0.2983289061656409
228,Merged2_normal_seq7_cylinder,minimum_aabb_volume,bottom,121x121x121,Merged2_normal_seq7_cylinder;Merged2_normal_seq7_cylinder_999999_1,geometry_only,Merged2_normal,7,cylinder,success,/mnt/scratch/pmywe/GPU/3D_irregular_packing_stream/hpc/results/all_instances_geometry/Merged2_normal_seq7_cylinder__minimum_aabb_volume__bottom__instance_size__rng42.json,192.1670639514923,190.30361557006836,True,,3,0.18750966064163263,0.24530955929231957,3,0.18750966064163263,0.24530955929231957
229,Merged2_normal_seq7_cylinder,minimum_aabb_volume,bottom_top,121x121x121,Merged2_normal_seq7_cylinder;Merged2_normal_seq7_cylinder_999999_1,geometry_only,Merged2_normal,7,cylinder,success,/mnt/scratch/pmywe/GPU/3D_irregular_packing_stream/hpc/results/all_instances_geometry/Merged2_normal_seq7_cylinder__minimum_aabb_volume__bottom_top__instance_size__rng42.json,201.85544872283936,199.96328973770142,True,,3,0.18750966064163263,0.24530955929231957,3,0.18750966064163263,0.24530955929231957
230,Merged2_normal_seq7_cylinder,minimum_aabb_volume,all,121x121x121,Merged2_normal_seq7_cylinder;Merged2_normal_seq7_cylinder_999999_1,geometry_only,Merged2_normal,7,cylinder,success,/mnt/scratch/pmywe/GPU/3D_irregular_packing_stream/hpc/results/all_instances_geometry/Merged2_normal_seq7_cylinder__minimum_aabb_volume__all__instance_size__rng42.json,224.17008924484253,222.31258511543274,True,,3,0.18750966064163263,0.26119737426223344,3,0.18750966064163263,0.26119737426223344
231,Merged2_normal_seq7_cylinder,minimum_aabb_edges_len,bottom,121x121x121,Merged2_normal_seq7_cylinder;Merged2_normal_seq7_cylinder_999999_1,geometry_only,Merged2_normal,7,cylinder,success,/mnt/scratch/pmywe/GPU/3D_irregular_packing_stream/hpc/results/all_instances_geometry/Merged2_normal_seq7_cylinder__minimum_aabb_edges_len__bottom__instance_size__rng42.json,180.02852654457092,178.1144413948059,True,,3,0.18750966064163263,0.26941654788007174,3,0.18750966064163263,0.26941654788007174
232,Merged2_normal_seq7_cylinder,minimum_aabb_edges_len,bottom_top,121x121x121,Merged2_normal_seq7_cylinder;Merged2_normal_seq7_cylinder_999999_1,geometry_only,Merged2_normal,7,cylinder,success,/mnt/scratch/pmywe/GPU/3D_irregular_packing_stream/hpc/results/all_instances_geometry/Merged2_normal_seq7_cylinder__minimum_aabb_edges_len__bottom_top__instance_size__rng42.json,196.9893777370453,195.09121870994568,True,,2,0.28126449096244893,0.31173853613295993,2,0.28126449096244893,0.31173853613295993
233,Merged2_normal_seq7_cylinder,minimum_aabb_edges_len,all,121x121x121,Merged2_normal_seq7_cylinder;Merged2_normal_seq7_cylinder_999999_1,geometry_only,Merged2_normal,7,cylinder,success,/mnt/scratch/pmywe/GPU/3D_irregular_packing_stream/hpc/results/all_instances_geometry/Merged2_normal_seq7_cylinder__minimum_aabb_edges_len__all__instance_size__rng42.json,216.00487732887268,214.1170573234558,True,,3,0.18750966064163263,0.26941654788007174,3,0.18750966064163263,0.26941654788007174
234,Merged2_normal_seq7_cylinder,maximal_residual_box,bottom,121x121x121,Merged2_normal_seq7_cylinder;Merged2_normal_seq7_cylinder_999999_1,geometry_only,Merged2_normal,7,cylinder,success,/mnt/scratch/pmywe/GPU/3D_irregular_packing_stream/hpc/results/all_instances_geometry/Merged2_normal_seq7_cylinder__maximal_residual_box__bottom__instance_size__rng42.json,179.63843655586243,177.7767128944397,True,,2,0.28126449096244893,0.3274969832075248,2,0.28126449096244893,0.3274969832075248
235,Merged2_normal_seq7_cylinder,maximal_residual_box,bottom_top,121x121x121,Merged2_normal_seq7_cylinder;Merged2_normal_seq7_cylinder_999999_1,geometry_only,Merged2_normal,7,cylinder,success,/mnt/scratch/pmywe/GPU/3D_irregular_packing_stream/hpc/results/all_instances_geometry/Merged2_normal_seq7_cylinder__maximal_residual_box__bottom_top__instance_size__rng42.json,191.3709373474121,189.49863600730896,True,,2,0.28126449096244893,0.32514105009111394,2,0.28126449096244893,0.32514105009111394
236,Merged2_normal_seq7_cylinder,maximal_residual_box,all,121x121x121,Merged2_normal_seq7_cylinder;Merged2_normal_seq7_cylinder_999999_1,geometry_only,Merged2_normal,7,cylinder,success,/mnt/scratch/pmywe/GPU/3D_irregular_packing_stream/hpc/results/all_instances_geometry/Merged2_normal_seq7_cylinder__maximal_residual_box__all__instance_size__rng42.json,228.001384973526,226.17665028572083,True,,3,0.18750966064163263,0.2482088375691961,3,0.18750966064163263,0.2482088375691961
237,Merged2_normal_seq7_cylinder,overlap_distance,bottom,121x121x121,Merged2_normal_seq7_cylinder;Merged2_normal_seq7_cylinder_999999_1,geometry_only,Merged2_normal,7,cylinder,success,/mnt/scratch/pmywe/GPU/3D_irregular_packing_stream/hpc/results/all_instances_geometry/Merged2_normal_seq7_cylinder__overlap_distance__bottom__instance_size__rng42.json,295.35295271873474,293.48643732070923,True,,3,0.18750966064163263,0.26941654788007174,3,0.18750966064163263,0.26941654788007174
238,Merged2_normal_seq7_cylinder,overlap_distance,bottom_top,121x121x121,Merged2_normal_seq7_cylinder;Merged2_normal_seq7_cylinder_999999_1,geometry_only,Merged2_normal,7,cylinder,success,/mnt/scratch/pmywe/GPU/3D_irregular_packing_stream/hpc/results/all_instances_geometry/Merged2_normal_seq7_cylinder__overlap_distance__bottom_top__instance_size__rng42.json,373.13683319091797,371.2838804721832,True,,3,0.18750966064163263,0.26941654788007174,3,0.18750966064163263,0.26941654788007174
239,Merged2_normal_seq7_cylinder,overlap_distance,all,121x121x121,Merged2_normal_seq7_cylinder;Merged2_normal_seq7_cylinder_999999_1,geometry_only,Merged2_normal,7,cylinder,success,/mnt/scratch/pmywe/GPU/3D_irregular_packing_stream/hpc/results/all_instances_geometry/Merged2_normal_seq7_cylinder__overlap_distance__all__instance_size__rng42.json,532.4953994750977,530.6404812335968,True,,3,0.18750966064163263,0.2582980959853569,3,0.18750966064163263,0.2582980959853569
240,Merged3_normal_seq13_cube,minimum_aabb_volume,bottom,105x105x105,Merged3_normal_seq13_cube;Merged3_normal_seq13_cube_999999_1,geometry_only,Merged3_normal,13,cube,success,/mnt/scratch/pmywe/GPU/3D_irregular_packing_stream/hpc/results/all_instances_geometry/Merged3_normal_seq13_cube__minimum_aabb_volume__bottom__instance_size__rng42.json,54.68034744262695,52.677459478378296,True,,4,0.2535445416261743,0.32587841485800667,4,0.2535445416261743,0.32587841485800667
241,Merged3_normal_seq13_cube,minimum_aabb_volume,bottom_top,105x105x105,Merged3_normal_seq13_cube;Merged3_normal_seq13_cube_999999_1,geometry_only,Merged3_normal,13,cube,success,/mnt/scratch/pmywe/GPU/3D_irregular_packing_stream/hpc/results/all_instances_geometry/Merged3_normal_seq13_cube__minimum_aabb_volume__bottom_top__instance_size__rng42.json,61.205021381378174,59.29598951339722,True,,4,0.2535445416261743,0.32587841485800667,4,0.2535445416261743,0.32587841485800667
242,Merged3_normal_seq13_cube,minimum_aabb_volume,all,105x105x105,Merged3_normal_seq13_cube;Merged3_normal_seq13_cube_999999_1,geometry_only,Merged3_normal,13,cube,success,/mnt/scratch/pmywe/GPU/3D_irregular_packing_stream/hpc/results/all_instances_geometry/Merged3_normal_seq13_cube__minimum_aabb_volume__all__instance_size__rng42.json,85.20836043357849,83.2288830280304,True,,4,0.2535445416261743,0.3064869884461721,4,0.2535445416261743,0.3064869884461721
243,Merged3_normal_seq13_cube,minimum_aabb_edges_len,bottom,105x105x105,Merged3_normal_seq13_cube;Merged3_normal_seq13_cube_999999_1,geometry_only,Merged3_normal,13,cube,success,/mnt/scratch/pmywe/GPU/3D_irregular_packing_stream/hpc/results/all_instances_geometry/Merged3_normal_seq13_cube__minimum_aabb_edges_len__bottom__instance_size__rng42.json,60.355435609817505,58.35227036476135,True,,4,0.2535445416261743,0.32587841485800667,4,0.2535445416261743,0.32587841485800667
244,Merged3_normal_seq13_cube,minimum_aabb_edges_len,bottom_top,105x105x105,Merged3_normal_seq13_cube;Merged3_normal_seq13_cube_999999_1,geometry_only,Merged3_normal,13,cube,success,/mnt/scratch/pmywe/GPU/3D_irregular_packing_stream/hpc/results/all_instances_geometry/Merged3_normal_seq13_cube__minimum_aabb_edges_len__bottom_top__instance_size__rng42.json,61.16704797744751,59.1309711933136,True,,3,0.33805938883489905,0.4088167584494115,3,0.33805938883489905,0.4088167584494115
245,Merged3_normal_seq13_cube,minimum_aabb_edges_len,all,105x105x105,Merged3_normal_seq13_cube;Merged3_normal_seq13_cube_999999_1,geometry_only,Merged3_normal,13,cube,success,/mnt/scratch/pmywe/GPU/3D_irregular_packing_stream/hpc/results/all_instances_geometry/Merged3_normal_seq13_cube__minimum_aabb_edges_len__all__instance_size__rng42.json,87.26988196372986,85.28722190856934,True,,4,0.2535445416261743,0.3130728862973761,4,0.2535445416261743,0.3130728862973761
246,Merged3_normal_seq13_cube,maximal_residual_box,bottom,105x105x105,Merged3_normal_seq13_cube;Merged3_normal_seq13_cube_999999_1,geometry_only,Merged3_normal,13,cube,success,/mnt/scratch/pmywe/GPU/3D_irregular_packing_stream/hpc/results/all_instances_geometry/Merged3_normal_seq13_cube__maximal_residual_box__bottom__instance_size__rng42.json,57.47483468055725,55.48287773132324,True,,3,0.33805938883489905,0.40183867832847425,3,0.33805938883489905,0.40183867832847425
247,Merged3_normal_seq13_cube,maximal_residual_box,bottom_top,105x105x105,Merged3_normal_seq13_cube;Merged3_normal_seq13_cube_999999_1,geometry_only,Merged3_normal,13,cube,success,/mnt/scratch/pmywe/GPU/3D_irregular_packing_stream/hpc/results/all_instances_geometry/Merged3_normal_seq13_cube__maximal_residual_box__bottom_top__instance_size__rng42.json,62.369001150131226,60.440611839294434,True,,4,0.2535445416261743,0.32587841485800667,4,0.2535445416261743,0.32587841485800667
248,Merged3_normal_seq13_cube,maximal_residual_box,all,105x105x105,Merged3_normal_seq13_cube;Merged3_normal_seq13_cube_999999_1,geometry_only,Merged3_normal,13,cube,success,/mnt/scratch/pmywe/GPU/3D_irregular_packing_stream/hpc/results/all_instances_geometry/Merged3_normal_seq13_cube__maximal_residual_box__all__instance_size__rng42.json,83.67499208450317,81.67093539237976,True,,4,0.2535445416261743,0.3130728862973761,4,0.2535445416261743,0.3130728862973761
249,Merged3_normal_seq13_cube,overlap_distance,bottom,105x105x105,Merged3_normal_seq13_cube;Merged3_normal_seq13_cube_999999_1,geometry_only,Merged3_normal,13,cube,success,/mnt/scratch/pmywe/GPU/3D_irregular_packing_stream/hpc/results/all_instances_geometry/Merged3_normal_seq13_cube__overlap_distance__bottom__instance_size__rng42.json,223.23492884635925,221.23087167739868,True,,4,0.2535445416261743,0.3258784148580067,4,0.2535445416261743,0.3258784148580067
250,Merged3_normal_seq13_cube,overlap_distance,bottom_top,105x105x105,Merged3_normal_seq13_cube;Merged3_normal_seq13_cube_999999_1,geometry_only,Merged3_normal,13,cube,success,/mnt/scratch/pmywe/GPU/3D_irregular_packing_stream/hpc/results/all_instances_geometry/Merged3_normal_seq13_cube__overlap_distance__bottom_top__instance_size__rng42.json,238.5272936820984,236.51956248283386,True,,4,0.2535445416261743,0.32525386027426845,4,0.2535445416261743,0.32525386027426845
251,Merged3_normal_seq13_cube,overlap_distance,all,105x105x105,Merged3_normal_seq13_cube;Merged3_normal_seq13_cube_999999_1,geometry_only,Merged3_normal,13,cube,success,/mnt/scratch/pmywe/GPU/3D_irregular_packing_stream/hpc/results/all_instances_geometry/Merged3_normal_seq13_cube__overlap_distance__all__instance_size__rng42.json,439.61355233192444,437.6366021633148,True,,4,0.2535445416261743,0.3064869884461721,4,0.2535445416261743,0.3064869884461721
252,Merged3_normal_seq13_cylinder,minimum_aabb_volume,bottom,121x121x121,Merged3_normal_seq13_cylinder;Merged3_normal_seq13_cylinder_999999_1,geometry_only,Merged3_normal,13,cylinder,success,/mnt/scratch/pmywe/GPU/3D_irregular_packing_stream/hpc/results/all_instances_geometry/Merged3_normal_seq13_cylinder__minimum_aabb_volume__bottom__instance_size__rng42.json,280.1191825866699,277.90743494033813,True,,3,0.28126449096244893,0.32032317405515914,3,0.28126449096244893,0.32032317405515914
253,Merged3_normal_seq13_cylinder,minimum_aabb_volume,bottom_top,121x121x121,Merged3_normal_seq13_cylinder;Merged3_normal_seq13_cylinder_999999_1,geometry_only,Merged3_normal,13,cylinder,success,/mnt/scratch/pmywe/GPU/3D_irregular_packing_stream/hpc/results/all_instances_geometry/Merged3_normal_seq13_cylinder__minimum_aabb_volume__bottom_top__instance_size__rng42.json,294.3873522281647,292.1478168964386,True,,3,0.28126449096244893,0.32032317405515914,3,0.28126449096244893,0.32032317405515914
254,Merged3_normal_seq13_cylinder,minimum_aabb_volume,all,121x121x121,Merged3_normal_seq13_cylinder;Merged3_normal_seq13_cylinder_999999_1,geometry_only,Merged3_normal,13,cylinder,success,/mnt/scratch/pmywe/GPU/3D_irregular_packing_stream/hpc/results/all_instances_geometry/Merged3_normal_seq13_cylinder__minimum_aabb_volume__all__instance_size__rng42.json,348.7455961704254,346.48945713043213,True,,4,0.21094836822183669,0.25499633981183917,4,0.21094836822183669,0.25499633981183917
255,Merged3_normal_seq13_cylinder,minimum_aabb_edges_len,bottom,121x121x121,Merged3_normal_seq13_cylinder;Merged3_normal_seq13_cylinder_999999_1,geometry_only,Merged3_normal,13,cylinder,success,/mnt/scratch/pmywe/GPU/3D_irregular_packing_stream/hpc/results/all_instances_geometry/Merged3_normal_seq13_cylinder__minimum_aabb_edges_len__bottom__instance_size__rng42.json,287.34735894203186,285.1287031173706,True,,3,0.28126449096244893,0.3314754053447707,3,0.28126449096244893,0.3314754053447707
256,Merged3_normal_seq13_cylinder,minimum_aabb_edges_len,bottom_top,121x121x121,Merged3_normal_seq13_cylinder;Merged3_normal_seq13_cylinder_999999_1,geometry_only,Merged3_normal,13,cylinder,success,/mnt/scratch/pmywe/GPU/3D_irregular_packing_stream/hpc/results/all_instances_geometry/Merged3_normal_seq13_cylinder__minimum_aabb_edges_len__bottom_top__instance_size__rng42.json,301.48271107673645,299.2778289318085,True,,3,0.28126449096244893,0.3183474388089683,3,0.28126449096244893,0.3183474388089683
257,Merged3_normal_seq13_cylinder,minimum_aabb_edges_len,all,121x121x121,Merged3_normal_seq13_cylinder;Merged3_normal_seq13_cylinder_999999_1,geometry_only,Merged3_normal,13,cylinder,success,/mnt/scratch/pmywe/GPU/3D_irregular_packing_stream/hpc/results/all_instances_geometry/Merged3_normal_seq13_cylinder__minimum_aabb_edges_len__all__instance_size__rng42.json,327.0930914878845,324.90496277809143,True,,3,0.28126449096244893,0.3314754053447707,3,0.28126449096244893,0.3314754053447707
258,Merged3_normal_seq13_cylinder,maximal_residual_box,bottom,121x121x121,Merged3_normal_seq13_cylinder;Merged3_normal_seq13_cylinder_999999_1,geometry_only,Merged3_normal,13,cylinder,success,/mnt/scratch/pmywe/GPU/3D_irregular_packing_stream/hpc/results/all_instances_geometry/Merged3_normal_seq13_cylinder__maximal_residual_box__bottom__instance_size__rng42.json,281.93508315086365,279.7292172908783,True,,3,0.28126449096244893,0.3265565504793907,3,0.28126449096244893,0.3265565504793907
259,Merged3_normal_seq13_cylinder,maximal_residual_box,bottom_top,121x121x121,Merged3_normal_seq13_cylinder;Merged3_normal_seq13_cylinder_999999_1,geometry_only,Merged3_normal,13,cylinder,success,/mnt/scratch/pmywe/GPU/3D_irregular_packing_stream/hpc/results/all_instances_geometry/Merged3_normal_seq13_cylinder__maximal_residual_box__bottom_top__instance_size__rng42.json,295.140074968338,292.89014410972595,True,,3,0.28126449096244893,0.3137728462873226,3,0.28126449096244893,0.3137728462873226
260,Merged3_normal_seq13_cylinder,maximal_residual_box,all,121x121x121,Merged3_normal_seq13_cylinder;Merged3_normal_seq13_cylinder_999999_1,geometry_only,Merged3_normal,13,cylinder,success,/mnt/scratch/pmywe/GPU/3D_irregular_packing_stream/hpc/results/all_instances_geometry/Merged3_normal_seq13_cylinder__maximal_residual_box__all__instance_size__rng42.json,348.12704396247864,345.91548776626587,True,,4,0.21094836822183669,0.26915805165955037,4,0.21094836822183669,0.26915805165955037
261,Merged3_normal_seq13_cylinder,overlap_distance,bottom,121x121x121,Merged3_normal_seq13_cylinder;Merged3_normal_seq13_cylinder_999999_1,geometry_only,Merged3_normal,13,cylinder,success,/mnt/scratch/pmywe/GPU/3D_irregular_packing_stream/hpc/results/all_instances_geometry/Merged3_normal_seq13_cylinder__overlap_distance__bottom__instance_size__rng42.json,509.3153314590454,507.1275227069855,True,,3,0.28126449096244893,0.35440442737431743,3,0.28126449096244893,0.35440442737431743
262,Merged3_normal_seq13_cylinder,overlap_distance,bottom_top,121x121x121,Merged3_normal_seq13_cylinder;Merged3_normal_seq13_cylinder_999999_1,geometry_only,Merged3_normal,13,cylinder,success,/mnt/scratch/pmywe/GPU/3D_irregular_packing_stream/hpc/results/all_instances_geometry/Merged3_normal_seq13_cylinder__overlap_distance__bottom_top__instance_size__rng42.json,605.4992604255676,603.2814869880676,True,,3,0.28126449096244893,0.3345234567012985,3,0.28126449096244893,0.3345234567012985
263,Merged3_normal_seq13_cylinder,overlap_distance,all,121x121x121,Merged3_normal_seq13_cylinder;Merged3_normal_seq13_cylinder_999999_1,geometry_only,Merged3_normal,13,cylinder,success,/mnt/scratch/pmywe/GPU/3D_irregular_packing_stream/hpc/results/all_instances_geometry/Merged3_normal_seq13_cylinder__overlap_distance__all__instance_size__rng42.json,906.355705499649,904.1416168212891,True,,4,0.21094836822183669,0.2564718525293472,4,0.21094836822183669,0.2564718525293472
264,Merged3_normal_seq19_cube,minimum_aabb_volume,bottom,105x105x105,Merged3_normal_seq19_cube;Merged3_normal_seq19_cube_999999_1,geometry_only,Merged3_normal,19,cube,success,/mnt/scratch/pmywe/GPU/3D_irregular_packing_stream/hpc/results/all_instances_geometry/Merged3_normal_seq19_cube__minimum_aabb_volume__bottom__instance_size__rng42.json,64.74371814727783,62.71940469741821,True,,4,0.2535445416261743,0.3088850016196955,4,0.2535445416261743,0.3088850016196955
265,Merged3_normal_seq19_cube,minimum_aabb_volume,bottom_top,105x105x105,Merged3_normal_seq19_cube;Merged3_normal_seq19_cube_999999_1,geometry_only,Merged3_normal,19,cube,success,/mnt/scratch/pmywe/GPU/3D_irregular_packing_stream/hpc/results/all_instances_geometry/Merged3_normal_seq19_cube__minimum_aabb_volume__bottom_top__instance_size__rng42.json,71.16588759422302,69.11122155189514,True,,4,0.2535445416261743,0.2993914264118346,4,0.2535445416261743,0.2993914264118346
266,Merged3_normal_seq19_cube,minimum_aabb_volume,all,105x105x105,Merged3_normal_seq19_cube;Merged3_normal_seq19_cube_999999_1,geometry_only,Merged3_normal,19,cube,success,/mnt/scratch/pmywe/GPU/3D_irregular_packing_stream/hpc/results/all_instances_geometry/Merged3_normal_seq19_cube__minimum_aabb_volume__all__instance_size__rng42.json,84.01275205612183,81.96045112609863,True,,4,0.2535445416261743,0.3005239175035093,4,0.2535445416261743,0.3005239175035093
267,Merged3_normal_seq19_cube,minimum_aabb_edges_len,bottom,105x105x105,Merged3_normal_seq19_cube;Merged3_normal_seq19_cube_999999_1,geometry_only,Merged3_normal,19,cube,success,/mnt/scratch/pmywe/GPU/3D_irregular_packing_stream/hpc/results/all_instances_geometry/Merged3_normal_seq19_cube__minimum_aabb_edges_len__bottom__instance_size__rng42.json,69.91117739677429,67.84068775177002,True,,4,0.2535445416261743,0.33147349098369505,4,0.2535445416261743,0.33147349098369505
268,Merged3_normal_seq19_cube,minimum_aabb_edges_len,bottom_top,105x105x105,Merged3_normal_seq19_cube;Merged3_normal_seq19_cube_999999_1,geometry_only,Merged3_normal,19,cube,success,/mnt/scratch/pmywe/GPU/3D_irregular_packing_stream/hpc/results/all_instances_geometry/Merged3_normal_seq19_cube__minimum_aabb_edges_len__bottom_top__instance_size__rng42.json,70.70226335525513,68.68554306030273,True,,4,0.2535445416261743,0.3219799157758341,4,0.2535445416261743,0.3219799157758341
269,Merged3_normal_seq19_cube,minimum_aabb_edges_len,all,105x105x105,Merged3_normal_seq19_cube;Merged3_normal_seq19_cube_999999_1,geometry_only,Merged3_normal,19,cube,success,/mnt/scratch/pmywe/GPU/3D_irregular_packing_stream/hpc/results/all_instances_geometry/Merged3_normal_seq19_cube__minimum_aabb_edges_len__all__instance_size__rng42.json,94.69953775405884,92.68365502357483,True,,4,0.2535445416261743,0.3219799157758341,4,0.2535445416261743,0.3219799157758341
270,Merged3_normal_seq19_cube,maximal_residual_box,bottom,105x105x105,Merged3_normal_seq19_cube;Merged3_normal_seq19_cube_999999_1,geometry_only,Merged3_normal,19,cube,success,/mnt/scratch/pmywe/GPU/3D_irregular_packing_stream/hpc/results/all_instances_geometry/Merged3_normal_seq19_cube__maximal_residual_box__bottom__instance_size__rng42.json,61.473936557769775,59.448439836502075,True,,4,0.2535445416261743,0.33147349098369505,4,0.2535445416261743,0.33147349098369505
271,Merged3_normal_seq19_cube,maximal_residual_box,bottom_top,105x105x105,Merged3_normal_seq19_cube;Merged3_normal_seq19_cube_999999_1,geometry_only,Merged3_normal,19,cube,success,/mnt/scratch/pmywe/GPU/3D_irregular_packing_stream/hpc/results/all_instances_geometry/Merged3_normal_seq19_cube__maximal_residual_box__bottom_top__instance_size__rng42.json,64.60117101669312,62.577566385269165,True,,4,0.2535445416261743,0.33147349098369505,4,0.2535445416261743,0.33147349098369505
272,Merged3_normal_seq19_cube,maximal_residual_box,all,105x105x105,Merged3_normal_seq19_cube;Merged3_normal_seq19_cube_999999_1,geometry_only,Merged3_normal,19,cube,success,/mnt/scratch/pmywe/GPU/3D_irregular_packing_stream/hpc/results/all_instances_geometry/Merged3_normal_seq19_cube__maximal_residual_box__all__instance_size__rng42.json,83.09791827201843,81.0753710269928,True,,4,0.2535445416261743,0.29409523809523813,4,0.2535445416261743,0.29409523809523813
273,Merged3_normal_seq19_cube,overlap_distance,bottom,105x105x105,Merged3_normal_seq19_cube;Merged3_normal_seq19_cube_999999_1,geometry_only,Merged3_normal,19,cube,success,/mnt/scratch/pmywe/GPU/3D_irregular_packing_stream/hpc/results/all_instances_geometry/Merged3_normal_seq19_cube__overlap_distance__bottom__instance_size__rng42.json,188.00498175621033,185.99073839187622,True,,4,0.2535445416261743,0.3219799157758341,4,0.2535445416261743,0.3219799157758341
274,Merged3_normal_seq19_cube,overlap_distance,bottom_top,105x105x105,Merged3_normal_seq19_cube;Merged3_normal_seq19_cube_999999_1,geometry_only,Merged3_normal,19,cube,success,/mnt/scratch/pmywe/GPU/3D_irregular_packing_stream/hpc/results/all_instances_geometry/Merged3_normal_seq19_cube__overlap_distance__bottom_top__instance_size__rng42.json,234.8386857509613,232.82621693611145,True,,3,0.33805938883489905,0.362971169420149,3,0.33805938883489905,0.362971169420149
275,Merged3_normal_seq19_cube,overlap_distance,all,105x105x105,Merged3_normal_seq19_cube;Merged3_normal_seq19_cube_999999_1,geometry_only,Merged3_normal,19,cube,success,/mnt/scratch/pmywe/GPU/3D_irregular_packing_stream/hpc/results/all_instances_geometry/Merged3_normal_seq19_cube__overlap_distance__all__instance_size__rng42.json,369.4407765865326,367.44892954826355,True,,4,0.2535445416261743,0.2766699060576612,4,0.2535445416261743,0.2766699060576612
276,Merged3_normal_seq19_cylinder,minimum_aabb_volume,bottom,121x121x121,Merged3_normal_seq19_cylinder;Merged3_normal_seq19_cylinder_999999_1,geometry_only,Merged3_normal,19,cylinder,success,/mnt/scratch/pmywe/GPU/3D_irregular_packing_stream/hpc/results/all_instances_geometry/Merged3_normal_seq19_cylinder__minimum_aabb_volume__bottom__instance_size__rng42.json,283.90136075019836,281.6567234992981,True,,3,0.28126449096244893,0.31409985957834363,3,0.28126449096244893,0.31409985957834363
277,Merged3_normal_seq19_cylinder,minimum_aabb_volume,bottom_top,121x121x121,Merged3_normal_seq19_cylinder;Merged3_normal_seq19_cylinder_999999_1,geometry_only,Merged3_normal,19,cylinder,success,/mnt/scratch/pmywe/GPU/3D_irregular_packing_stream/hpc/results/all_instances_geometry/Merged3_normal_seq19_cylinder__minimum_aabb_volume__bottom_top__instance_size__rng42.json,296.0231237411499,293.81209993362427,True,,3,0.28126449096244893,0.31409985957834363,3,0.28126449096244893,0.31409985957834363
278,Merged3_normal_seq19_cylinder,minimum_aabb_volume,all,121x121x121,Merged3_normal_seq19_cylinder;Merged3_normal_seq19_cylinder_999999_1,geometry_only,Merged3_normal,19,cylinder,success,/mnt/scratch/pmywe/GPU/3D_irregular_packing_stream/hpc/results/all_instances_geometry/Merged3_normal_seq19_cylinder__minimum_aabb_volume__all__instance_size__rng42.json,344.7140145301819,342.4637842178345,True,,4,0.21094836822183669,0.2671260174218652,4,0.21094836822183669,0.2671260174218652
279,Merged3_normal_seq19_cylinder,minimum_aabb_edges_len,bottom,121x121x121,Merged3_normal_seq19_cylinder;Merged3_normal_seq19_cylinder_999999_1,geometry_only,Merged3_normal,19,cylinder,success,/mnt/scratch/pmywe/GPU/3D_irregular_packing_stream/hpc/results/all_instances_geometry/Merged3_normal_seq19_cylinder__minimum_aabb_edges_len__bottom__instance_size__rng42.json,277.0957579612732,274.7796206474304,True,,3,0.28126449096244893,0.32543464334250316,3,0.28126449096244893,0.32543464334250316
280,Merged3_normal_seq19_cylinder,minimum_aabb_edges_len,bottom_top,121x121x121,Merged3_normal_seq19_cylinder;Merged3_normal_seq19_cylinder_999999_1,geometry_only,Merged3_normal,19,cylinder,success,/mnt/scratch/pmywe/GPU/3D_irregular_packing_stream/hpc/results/all_instances_geometry/Merged3_normal_seq19_cylinder__minimum_aabb_edges_len__bottom_top__instance_size__rng42.json,290.0078692436218,287.72474431991577,True,,3,0.28126449096244893,0.35163164215067105,3,0.28126449096244893,0.35163164215067105
281,Merged3_normal_seq19_cylinder,minimum_aabb_edges_len,all,121x121x121,Merged3_normal_seq19_cylinder;Merged3_normal_seq19_cylinder_999999_1,geometry_only,Merged3_normal,19,cylinder,success,/mnt/scratch/pmywe/GPU/3D_irregular_packing_stream/hpc/results/all_instances_geometry/Merged3_normal_seq19_cylinder__minimum_aabb_edges_len__all__instance_size__rng42.json,351.05486941337585,348.8187520503998,True,,4,0.21094836822183669,0.27578504188389,4,0.21094836822183669,0.27578504188389
282,Merged3_normal_seq19_cylinder,maximal_residual_box,bottom,121x121x121,Merged3_normal_seq19_cylinder;Merged3_normal_seq19_cylinder_999999_1,geometry_only,Merged3_normal,19,cylinder,success,/mnt/scratch/pmywe/GPU/3D_irregular_packing_stream/hpc/results/all_instances_geometry/Merged3_normal_seq19_cylinder__maximal_residual_box__bottom__instance_size__rng42.json,289.90068101882935,285.52416253089905,True,,3,0.28126449096244893,0.3007792786205773,3,0.28126449096244893,0.3007792786205773
283,Merged3_normal_seq19_cylinder,maximal_residual_box,bottom_top,121x121x121,Merged3_normal_seq19_cylinder;Merged3_normal_seq19_cylinder_999999_1,geometry_only,Merged3_normal,19,cylinder,success,/mnt/scratch/pmywe/GPU/3D_irregular_packing_stream/hpc/results/all_instances_geometry/Merged3_normal_seq19_cylinder__maximal_residual_box__bottom_top__instance_size__rng42.json,310.4059283733368,306.03657269477844,True,,3,0.28126449096244893,0.3007792786205773,3,0.28126449096244893,0.3007792786205773
284,Merged3_normal_seq19_cylinder,maximal_residual_box,all,121x121x121,Merged3_normal_seq19_cylinder;Merged3_normal_seq19_cylinder_999999_1,geometry_only,Merged3_normal,19,cylinder,success,/mnt/scratch/pmywe/GPU/3D_irregular_packing_stream/hpc/results/all_instances_geometry/Merged3_normal_seq19_cylinder__maximal_residual_box__all__instance_size__rng42.json,346.0872585773468,341.7969403266907,True,,4,0.21094836822183669,0.26712601742186515,4,0.21094836822183669,0.26712601742186515
285,Merged3_normal_seq19_cylinder,overlap_distance,bottom,121x121x121,Merged3_normal_seq19_cylinder;Merged3_normal_seq19_cylinder_999999_1,geometry_only,Merged3_normal,19,cylinder,success,/mnt/scratch/pmywe/GPU/3D_irregular_packing_stream/hpc/results/all_instances_geometry/Merged3_normal_seq19_cylinder__overlap_distance__bottom__instance_size__rng42.json,484.3432619571686,479.97041273117065,True,,3,0.28126449096244893,0.3102101981915177,3,0.28126449096244893,0.3102101981915177
286,Merged3_normal_seq19_cylinder,overlap_distance,bottom_top,121x121x121,Merged3_normal_seq19_cylinder;Merged3_normal_seq19_cylinder_999999_1,geometry_only,Merged3_normal,19,cylinder,success,/mnt/scratch/pmywe/GPU/3D_irregular_packing_stream/hpc/results/all_instances_geometry/Merged3_normal_seq19_cylinder__overlap_distance__bottom_top__instance_size__rng42.json,641.2904438972473,636.8898148536682,True,,3,0.28126449096244893,0.30588068596050527,3,0.28126449096244893,0.30588068596050527
287,Merged3_normal_seq19_cylinder,overlap_distance,all,121x121x121,Merged3_normal_seq19_cylinder;Merged3_normal_seq19_cylinder_999999_1,geometry_only,Merged3_normal,19,cylinder,success,/mnt/scratch/pmywe/GPU/3D_irregular_packing_stream/hpc/results/all_instances_geometry/Merged3_normal_seq19_cylinder__overlap_distance__all__instance_size__rng42.json,966.4814648628235,962.1201338768005,True,,4,0.21094836822183669,0.2671260174218652,4,0.21094836822183669,0.2671260174218652
288,Merged3_normal_seq3_cube,minimum_aabb_volume,bottom,105x105x105,Merged3_normal_seq3_cube;Merged3_normal_seq3_cube_999999_1,geometry_only,Merged3_normal,3,cube,success,/mnt/scratch/pmywe/GPU/3D_irregular_packing_stream/hpc/results/all_instances_geometry/Merged3_normal_seq3_cube__minimum_aabb_volume__bottom__instance_size__rng42.json,66.5892333984375,62.41157388687134,True,,4,0.2535445416261743,0.32525386027426845,4,0.2535445416261743,0.32525386027426845
289,Merged3_normal_seq3_cube,minimum_aabb_volume,bottom_top,105x105x105,Merged3_normal_seq3_cube;Merged3_normal_seq3_cube_999999_1,geometry_only,Merged3_normal,3,cube,success,/mnt/scratch/pmywe/GPU/3D_irregular_packing_stream/hpc/results/all_instances_geometry/Merged3_normal_seq3_cube__minimum_aabb_volume__bottom_top__instance_size__rng42.json,70.35471224784851,66.17930912971497,True,,4,0.2535445416261743,0.32525386027426845,4,0.2535445416261743,0.32525386027426845
290,Merged3_normal_seq3_cube,minimum_aabb_volume,all,105x105x105,Merged3_normal_seq3_cube;Merged3_normal_seq3_cube_999999_1,geometry_only,Merged3_normal,3,cube,success,/mnt/scratch/pmywe/GPU/3D_irregular_packing_stream/hpc/results/all_instances_geometry/Merged3_normal_seq3_cube__minimum_aabb_volume__all__instance_size__rng42.json,88.53481698036194,86.52848291397095,True,,4,0.2535445416261743,0.3106659468020012,4,0.2535445416261743,0.3106659468020012
291,Merged3_normal_seq3_cube,minimum_aabb_edges_len,bottom,105x105x105,Merged3_normal_seq3_cube;Merged3_normal_seq3_cube_999999_1,geometry_only,Merged3_normal,3,cube,success,/mnt/scratch/pmywe/GPU/3D_irregular_packing_stream/hpc/results/all_instances_geometry/Merged3_normal_seq3_cube__minimum_aabb_edges_len__bottom__instance_size__rng42.json,65.6048653125763,63.52765941619873,True,,3,0.33805938883489905,0.37902213583846234,3,0.33805938883489905,0.37902213583846234
292,Merged3_normal_seq3_cube,minimum_aabb_edges_len,bottom_top,105x105x105,Merged3_normal_seq3_cube;Merged3_normal_seq3_cube_999999_1,geometry_only,Merged3_normal,3,cube,success,/mnt/scratch/pmywe/GPU/3D_irregular_packing_stream/hpc/results/all_instances_geometry/Merged3_normal_seq3_cube__minimum_aabb_edges_len__bottom_top__instance_size__rng42.json,68.2794840335846,66.22485184669495,True,,3,0.33805938883489905,0.41356225029694416,3,0.33805938883489905,0.41356225029694416
293,Merged3_normal_seq3_cube,minimum_aabb_edges_len,all,105x105x105,Merged3_normal_seq3_cube;Merged3_normal_seq3_cube_999999_1,geometry_only,Merged3_normal,3,cube,success,/mnt/scratch/pmywe/GPU/3D_irregular_packing_stream/hpc/results/all_instances_geometry/Merged3_normal_seq3_cube__minimum_aabb_edges_len__all__instance_size__rng42.json,92.38273859024048,90.32616639137268,True,,4,0.2535445416261743,0.3195749919015225,4,0.2535445416261743,0.3195749919015225
294,Merged3_normal_seq3_cube,maximal_residual_box,bottom,105x105x105,Merged3_normal_seq3_cube;Merged3_normal_seq3_cube_999999_1,geometry_only,Merged3_normal,3,cube,success,/mnt/scratch/pmywe/GPU/3D_irregular_packing_stream/hpc/results/all_instances_geometry/Merged3_normal_seq3_cube__maximal_residual_box__bottom__instance_size__rng42.json,64.52908277511597,62.489909410476685,True,,3,0.33805938883489905,0.3733786848072562,3,0.33805938883489905,0.3733786848072562
295,Merged3_normal_seq3_cube,maximal_residual_box,bottom_top,105x105x105,Merged3_normal_seq3_cube;Merged3_normal_seq3_cube_999999_1,geometry_only,Merged3_normal,3,cube,success,/mnt/scratch/pmywe/GPU/3D_irregular_packing_stream/hpc/results/all_instances_geometry/Merged3_normal_seq3_cube__maximal_residual_box__bottom_top__instance_size__rng42.json,65.97257280349731,63.8945791721344,True,,3,0.33805938883489905,0.3733786848072562,3,0.33805938883489905,0.3733786848072562
296,Merged3_normal_seq3_cube,maximal_residual_box,all,105x105x105,Merged3_normal_seq3_cube;Merged3_normal_seq3_cube_999999_1,geometry_only,Merged3_normal,3,cube,success,/mnt/scratch/pmywe/GPU/3D_irregular_packing_stream/hpc/results/all_instances_geometry/Merged3_normal_seq3_cube__maximal_residual_box__all__instance_size__rng42.json,81.34231328964233,79.30760979652405,True,,4,0.2535445416261743,0.32525386027426845,4,0.2535445416261743,0.32525386027426845
297,Merged3_normal_seq3_cube,overlap_distance,bottom,105x105x105,Merged3_normal_seq3_cube;Merged3_normal_seq3_cube_999999_1,geometry_only,Merged3_normal,3,cube,success,/mnt/scratch/pmywe/GPU/3D_irregular_packing_stream/hpc/results/all_instances_geometry/Merged3_normal_seq3_cube__overlap_distance__bottom__instance_size__rng42.json,189.00001668930054,186.99363350868225,True,,4,0.2535445416261743,0.3195749919015225,4,0.2535445416261743,0.3195749919015225
298,Merged3_normal_seq3_cube,overlap_distance,bottom_top,105x105x105,Merged3_normal_seq3_cube;Merged3_normal_seq3_cube_999999_1,geometry_only,Merged3_normal,3,cube,success,/mnt/scratch/pmywe/GPU/3D_irregular_packing_stream/hpc/results/all_instances_geometry/Merged3_normal_seq3_cube__overlap_distance__bottom_top__instance_size__rng42.json,257.74555683135986,255.73461389541626,True,,4,0.2535445416261743,0.3195749919015225,4,0.2535445416261743,0.3195749919015225
299,Merged3_normal_seq3_cube,overlap_distance,all,105x105x105,Merged3_normal_seq3_cube;Merged3_normal_seq3_cube_999999_1,geometry_only,Merged3_normal,3,cube,success,/mnt/scratch/pmywe/GPU/3D_irregular_packing_stream/hpc/results/all_instances_geometry/Merged3_normal_seq3_cube__overlap_distance__all__instance_size__rng42.json,383.2023866176605,381.1467366218567,True,,4,0.2535445416261743,0.31298909405031855,4,0.2535445416261743,0.31298909405031855
300,Merged3_normal_seq3_cylinder,minimum_aabb_volume,bottom,121x121x121,Merged3_normal_seq3_cylinder;Merged3_normal_seq3_cylinder_999999_1,geometry_only,Merged3_normal,3,cylinder,success,/mnt/scratch/pmywe/GPU/3D_irregular_packing_stream/hpc/results/all_instances_geometry/Merged3_normal_seq3_cylinder__minimum_aabb_volume__bottom__instance_size__rng42.json,303.1824085712433,300.9291572570801,True,,3,0.28126449096244893,0.3200809686066447,3,0.28126449096244893,0.3200809686066447
301,Merged3_normal_seq3_cylinder,minimum_aabb_volume,bottom_top,121x121x121,Merged3_normal_seq3_cylinder;Merged3_normal_seq3_cylinder_999999_1,geometry_only,Merged3_normal,3,cylinder,success,/mnt/scratch/pmywe/GPU/3D_irregular_packing_stream/hpc/results/all_instances_geometry/Merged3_normal_seq3_cylinder__minimum_aabb_volume__bottom_top__instance_size__rng42.json,314.31412053108215,312.0658714771271,True,,3,0.28126449096244893,0.3200809686066447,3,0.28126449096244893,0.3200809686066447
302,Merged3_normal_seq3_cylinder,minimum_aabb_volume,all,121x121x121,Merged3_normal_seq3_cylinder;Merged3_normal_seq3_cylinder_999999_1,geometry_only,Merged3_normal,3,cylinder,success,/mnt/scratch/pmywe/GPU/3D_irregular_packing_stream/hpc/results/all_instances_geometry/Merged3_normal_seq3_cylinder__minimum_aabb_volume__all__instance_size__rng42.json,368.90585350990295,366.6820704936981,True,,4,0.21094836822183669,0.25847322178443116,4,0.21094836822183669,0.25847322178443116
303,Merged3_normal_seq3_cylinder,minimum_aabb_edges_len,bottom,121x121x121,Merged3_normal_seq3_cylinder;Merged3_normal_seq3_cylinder_999999_1,geometry_only,Merged3_normal,3,cylinder,success,/mnt/scratch/pmywe/GPU/3D_irregular_packing_stream/hpc/results/all_instances_geometry/Merged3_normal_seq3_cylinder__minimum_aabb_edges_len__bottom__instance_size__rng42.json,290.9337215423584,288.721843957901,True,,3,0.28126449096244893,0.3505708254088094,3,0.28126449096244893,0.3505708254088094
304,Merged3_normal_seq3_cylinder,minimum_aabb_edges_len,bottom_top,121x121x121,Merged3_normal_seq3_cylinder;Merged3_normal_seq3_cylinder_999999_1,geometry_only,Merged3_normal,3,cylinder,success,/mnt/scratch/pmywe/GPU/3D_irregular_packing_stream/hpc/results/all_instances_geometry/Merged3_normal_seq3_cylinder__minimum_aabb_edges_len__bottom_top__instance_size__rng42.json,305.1187832355499,302.94547963142395,True,,3,0.28126449096244893,0.34186939702553126,3,0.28126449096244893,0.34186939702553126
305,Merged3_normal_seq3_cylinder,minimum_aabb_edges_len,all,121x121x121,Merged3_normal_seq3_cylinder;Merged3_normal_seq3_cylinder_999999_1,geometry_only,Merged3_normal,3,cylinder,success,/mnt/scratch/pmywe/GPU/3D_irregular_packing_stream/hpc/results/all_instances_geometry/Merged3_normal_seq3_cylinder__minimum_aabb_edges_len__all__instance_size__rng42.json,352.02737832069397,349.7904407978058,True,,3,0.28126449096244893,0.31065004903570426,3,0.28126449096244893,0.31065004903570426
306,Merged3_normal_seq3_cylinder,maximal_residual_box,bottom,121x121x121,Merged3_normal_seq3_cylinder;Merged3_normal_seq3_cylinder_999999_1,geometry_only,Merged3_normal,3,cylinder,success,/mnt/scratch/pmywe/GPU/3D_irregular_packing_stream/hpc/results/all_instances_geometry/Merged3_normal_seq3_cylinder__maximal_residual_box__bottom__instance_size__rng42.json,308.4870271682739,306.24132204055786,True,,4,0.21094836822183669,0.27061032606993096,4,0.21094836822183669,0.27061032606993096
307,Merged3_normal_seq3_cylinder,maximal_residual_box,bottom_top,121x121x121,Merged3_normal_seq3_cylinder;Merged3_normal_seq3_cylinder_999999_1,geometry_only,Merged3_normal,3,cylinder,success,/mnt/scratch/pmywe/GPU/3D_irregular_packing_stream/hpc/results/all_instances_geometry/Merged3_normal_seq3_cylinder__maximal_residual_box__bottom_top__instance_size__rng42.json,316.302143573761,314.0539662837982,True,,4,0.21094836822183669,0.27061032606993096,4,0.21094836822183669,0.27061032606993096
308,Merged3_normal_seq3_cylinder,maximal_residual_box,all,121x121x121,Merged3_normal_seq3_cylinder;Merged3_normal_seq3_cylinder_999999_1,geometry_only,Merged3_normal,3,cylinder,success,/mnt/scratch/pmywe/GPU/3D_irregular_packing_stream/hpc/results/all_instances_geometry/Merged3_normal_seq3_cylinder__maximal_residual_box__all__instance_size__rng42.json,337.2088460922241,334.96614813804626,True,,4,0.21094836822183669,0.2706103260699309,4,0.21094836822183669,0.2706103260699309
309,Merged3_normal_seq3_cylinder,overlap_distance,bottom,121x121x121,Merged3_normal_seq3_cylinder;Merged3_normal_seq3_cylinder_999999_1,geometry_only,Merged3_normal,3,cylinder,success,/mnt/scratch/pmywe/GPU/3D_irregular_packing_stream/hpc/results/all_instances_geometry/Merged3_normal_seq3_cylinder__overlap_distance__bottom__instance_size__rng42.json,572.9439499378204,570.6998028755188,True,,4,0.21094836822183669,0.2706103260699309,4,0.21094836822183669,0.2706103260699309
310,Merged3_normal_seq3_cylinder,overlap_distance,bottom_top,121x121x121,Merged3_normal_seq3_cylinder;Merged3_normal_seq3_cylinder_999999_1,geometry_only,Merged3_normal,3,cylinder,success,/mnt/scratch/pmywe/GPU/3D_irregular_packing_stream/hpc/results/all_instances_geometry/Merged3_normal_seq3_cylinder__overlap_distance__bottom_top__instance_size__rng42.json,611.0954260826111,608.8650033473969,True,,4,0.21094836822183669,0.2706103260699309,4,0.21094836822183669,0.2706103260699309
311,Merged3_normal_seq3_cylinder,overlap_distance,all,121x121x121,Merged3_normal_seq3_cylinder;Merged3_normal_seq3_cylinder_999999_1,geometry_only,Merged3_normal,3,cylinder,success,/mnt/scratch/pmywe/GPU/3D_irregular_packing_stream/hpc/results/all_instances_geometry/Merged3_normal_seq3_cylinder__overlap_distance__all__instance_size__rng42.json,956.7075238227844,954.4903454780579,True,,4,0.21094836822183669,0.26513087699137206,4,0.21094836822183669,0.26513087699137206
312,Merged3_normal_seq53_cube,minimum_aabb_volume,bottom,105x105x105,Merged3_normal_seq53_cube;Merged3_normal_seq53_cube_999999_1,geometry_only,Merged3_normal,53,cube,success,/mnt/scratch/pmywe/GPU/3D_irregular_packing_stream/hpc/results/all_instances_geometry/Merged3_normal_seq53_cube__minimum_aabb_volume__bottom__instance_size__rng42.json,59.317535638809204,57.319159746170044,True,,3,0.33805938883489905,0.37468826260662996,3,0.33805938883489905,0.37468826260662996
313,Merged3_normal_seq53_cube,minimum_aabb_volume,bottom_top,105x105x105,Merged3_normal_seq53_cube;Merged3_normal_seq53_cube_999999_1,geometry_only,Merged3_normal,53,cube,success,/mnt/scratch/pmywe/GPU/3D_irregular_packing_stream/hpc/results/all_instances_geometry/Merged3_normal_seq53_cube__minimum_aabb_volume__bottom_top__instance_size__rng42.json,63.352126121520996,61.32642984390259,True,,3,0.33805938883489905,0.37468826260662996,3,0.33805938883489905,0.37468826260662996
314,Merged3_normal_seq53_cube,minimum_aabb_volume,all,105x105x105,Merged3_normal_seq53_cube;Merged3_normal_seq53_cube_999999_1,geometry_only,Merged3_normal,53,cube,success,/mnt/scratch/pmywe/GPU/3D_irregular_packing_stream/hpc/results/all_instances_geometry/Merged3_normal_seq53_cube__minimum_aabb_volume__all__instance_size__rng42.json,93.03018474578857,91.0127260684967,True,,4,0.2535445416261743,0.30975891732354316,4,0.2535445416261743,0.30975891732354316
315,Merged3_normal_seq53_cube,minimum_aabb_edges_len,bottom,105x105x105,Merged3_normal_seq53_cube;Merged3_normal_seq53_cube_999999_1,geometry_only,Merged3_normal,53,cube,success,/mnt/scratch/pmywe/GPU/3D_irregular_packing_stream/hpc/results/all_instances_geometry/Merged3_normal_seq53_cube__minimum_aabb_edges_len__bottom__instance_size__rng42.json,65.59927153587341,63.60258507728577,True,,4,0.2535445416261743,0.31866796242306444,4,0.2535445416261743,0.31866796242306444
316,Merged3_normal_seq53_cube,minimum_aabb_edges_len,bottom_top,105x105x105,Merged3_normal_seq53_cube;Merged3_normal_seq53_cube_999999_1,geometry_only,Merged3_normal,53,cube,success,/mnt/scratch/pmywe/GPU/3D_irregular_packing_stream/hpc/results/all_instances_geometry/Merged3_normal_seq53_cube__minimum_aabb_edges_len__bottom_top__instance_size__rng42.json,70.06968545913696,68.03621792793274,True,,4,0.2535445416261743,0.3314734909836951,4,0.2535445416261743,0.3314734909836951
317,Merged3_normal_seq53_cube,minimum_aabb_edges_len,all,105x105x105,Merged3_normal_seq53_cube;Merged3_normal_seq53_cube_999999_1,geometry_only,Merged3_normal,53,cube,success,/mnt/scratch/pmywe/GPU/3D_irregular_packing_stream/hpc/results/all_instances_geometry/Merged3_normal_seq53_cube__minimum_aabb_edges_len__all__instance_size__rng42.json,88.19613814353943,86.09125852584839,True,,4,0.2535445416261743,0.32525386027426845,4,0.2535445416261743,0.32525386027426845
318,Merged3_normal_seq53_cube,maximal_residual_box,bottom,105x105x105,Merged3_normal_seq53_cube;Merged3_normal_seq53_cube_999999_1,geometry_only,Merged3_normal,53,cube,success,/mnt/scratch/pmywe/GPU/3D_irregular_packing_stream/hpc/results/all_instances_geometry/Merged3_normal_seq53_cube__maximal_residual_box__bottom__instance_size__rng42.json,67.3931291103363,65.35969924926758,True,,3,0.33805938883489905,0.3472061332469496,3,0.33805938883489905,0.3472061332469496
319,Merged3_normal_seq53_cube,maximal_residual_box,bottom_top,105x105x105,Merged3_normal_seq53_cube;Merged3_normal_seq53_cube_999999_1,geometry_only,Merged3_normal,53,cube,success,/mnt/scratch/pmywe/GPU/3D_irregular_packing_stream/hpc/results/all_instances_geometry/Merged3_normal_seq53_cube__maximal_residual_box__bottom_top__instance_size__rng42.json,65.99252676963806,63.91788172721863,True,,3,0.33805938883489905,0.3472061332469496,3,0.33805938883489905,0.3472061332469496
320,Merged3_normal_seq53_cube,maximal_residual_box,all,105x105x105,Merged3_normal_seq53_cube;Merged3_normal_seq53_cube_999999_1,geometry_only,Merged3_normal,53,cube,success,/mnt/scratch/pmywe/GPU/3D_irregular_packing_stream/hpc/results/all_instances_geometry/Merged3_normal_seq53_cube__maximal_residual_box__all__instance_size__rng42.json,94.91184449195862,92.87505960464478,True,,4,0.2535445416261743,0.3107028038728719,4,0.2535445416261743,0.3107028038728719
321,Merged3_normal_seq53_cube,overlap_distance,bottom,105x105x105,Merged3_normal_seq53_cube;Merged3_normal_seq53_cube_999999_1,geometry_only,Merged3_normal,53,cube,success,/mnt/scratch/pmywe/GPU/3D_irregular_packing_stream/hpc/results/all_instances_geometry/Merged3_normal_seq53_cube__overlap_distance__bottom__instance_size__rng42.json,217.05269289016724,215.071617603302,True,,3,0.33805938883489905,0.36594968145988555,3,0.33805938883489905,0.36594968145988555
322,Merged3_normal_seq53_cube,overlap_distance,bottom_top,105x105x105,Merged3_normal_seq53_cube;Merged3_normal_seq53_cube_999999_1,geometry_only,Merged3_normal,53,cube,success,/mnt/scratch/pmywe/GPU/3D_irregular_packing_stream/hpc/results/all_instances_geometry/Merged3_normal_seq53_cube__overlap_distance__bottom_top__instance_size__rng42.json,196.7002296447754,194.6335792541504,True,,4,0.2535445416261743,0.31866796242306444,4,0.2535445416261743,0.31866796242306444
323,Merged3_normal_seq53_cube,overlap_distance,all,105x105x105,Merged3_normal_seq53_cube;Merged3_normal_seq53_cube_999999_1,geometry_only,Merged3_normal,53,cube,success,/mnt/scratch/pmywe/GPU/3D_irregular_packing_stream/hpc/results/all_instances_geometry/Merged3_normal_seq53_cube__overlap_distance__all__instance_size__rng42.json,396.58697867393494,394.5354127883911,True,,4,0.2535445416261743,0.29935140193643595,4,0.2535445416261743,0.29935140193643595
324,Merged3_normal_seq53_cylinder,minimum_aabb_volume,bottom,121x121x121,Merged3_normal_seq53_cylinder;Merged3_normal_seq53_cylinder_999999_1,geometry_only,Merged3_normal,53,cylinder,success,/mnt/scratch/pmywe/GPU/3D_irregular_packing_stream/hpc/results/all_instances_geometry/Merged3_normal_seq53_cylinder__minimum_aabb_volume__bottom__instance_size__rng42.json,289.35141038894653,287.1085042953491,True,,3,0.28126449096244893,0.3117396141987545,3,0.28126449096244893,0.3117396141987545
325,Merged3_normal_seq53_cylinder,minimum_aabb_volume,bottom_top,121x121x121,Merged3_normal_seq53_cylinder;Merged3_normal_seq53_cylinder_999999_1,geometry_only,Merged3_normal,53,cylinder,success,/mnt/scratch/pmywe/GPU/3D_irregular_packing_stream/hpc/results/all_instances_geometry/Merged3_normal_seq53_cylinder__minimum_aabb_volume__bottom_top__instance_size__rng42.json,302.23352813720703,300.01251339912415,True,,3,0.28126449096244893,0.3117396141987545,3,0.28126449096244893,0.3117396141987545
326,Merged3_normal_seq53_cylinder,minimum_aabb_volume,all,121x121x121,Merged3_normal_seq53_cylinder;Merged3_normal_seq53_cylinder_999999_1,geometry_only,Merged3_normal,53,cylinder,success,/mnt/scratch/pmywe/GPU/3D_irregular_packing_stream/hpc/results/all_instances_geometry/Merged3_normal_seq53_cylinder__minimum_aabb_volume__all__instance_size__rng42.json,357.19223523139954,354.9966354370117,True,,4,0.21094836822183669,0.24852626805315425,4,0.21094836822183669,0.24852626805315425
327,Merged3_normal_seq53_cylinder,minimum_aabb_edges_len,bottom,121x121x121,Merged3_normal_seq53_cylinder;Merged3_normal_seq53_cylinder_999999_1,geometry_only,Merged3_normal,53,cylinder,success,/mnt/scratch/pmywe/GPU/3D_irregular_packing_stream/hpc/results/all_instances_geometry/Merged3_normal_seq53_cylinder__minimum_aabb_edges_len__bottom__instance_size__rng42.json,301.7714669704437,299.56885600090027,True,,3,0.28126449096244893,0.2929891751889797,3,0.28126449096244893,0.2929891751889797
328,Merged3_normal_seq53_cylinder,minimum_aabb_edges_len,bottom_top,121x121x121,Merged3_normal_seq53_cylinder;Merged3_normal_seq53_cylinder_999999_1,geometry_only,Merged3_normal,53,cylinder,success,/mnt/scratch/pmywe/GPU/3D_irregular_packing_stream/hpc/results/all_instances_geometry/Merged3_normal_seq53_cylinder__minimum_aabb_edges_len__bottom_top__instance_size__rng42.json,298.8134911060333,296.55298471450806,True,,3,0.28126449096244893,0.3368718433571473,3,0.28126449096244893,0.3368718433571473
329,Merged3_normal_seq53_cylinder,minimum_aabb_edges_len,all,121x121x121,Merged3_normal_seq53_cylinder;Merged3_normal_seq53_cylinder_999999_1,geometry_only,Merged3_normal,53,cylinder,success,/mnt/scratch/pmywe/GPU/3D_irregular_packing_stream/hpc/results/all_instances_geometry/Merged3_normal_seq53_cylinder__minimum_aabb_edges_len__all__instance_size__rng42.json,367.24077224731445,365.0470278263092,True,,4,0.21094836822183669,0.27578504188389,4,0.21094836822183669,0.27578504188389
330,Merged3_normal_seq53_cylinder,maximal_residual_box,bottom,121x121x121,Merged3_normal_seq53_cylinder;Merged3_normal_seq53_cylinder_999999_1,geometry_only,Merged3_normal,53,cylinder,success,/mnt/scratch/pmywe/GPU/3D_irregular_packing_stream/hpc/results/all_instances_geometry/Merged3_normal_seq53_cylinder__maximal_residual_box__bottom__instance_size__rng42.json,298.3492479324341,296.11740922927856,True,,3,0.28126449096244893,0.301799128862245,3,0.28126449096244893,0.301799128862245
331,Merged3_normal_seq53_cylinder,maximal_residual_box,bottom_top,121x121x121,Merged3_normal_seq53_cylinder;Merged3_normal_seq53_cylinder_999999_1,geometry_only,Merged3_normal,53,cylinder,success,/mnt/scratch/pmywe/GPU/3D_irregular_packing_stream/hpc/results/all_instances_geometry/Merged3_normal_seq53_cylinder__maximal_residual_box__bottom_top__instance_size__rng42.json,309.40351128578186,307.1640429496765,True,,3,0.28126449096244893,0.2923682092913046,3,0.28126449096244893,0.2923682092913046
332,Merged3_normal_seq53_cylinder,maximal_residual_box,all,121x121x121,Merged3_normal_seq53_cylinder;Merged3_normal_seq53_cylinder_999999_1,geometry_only,Merged3_normal,53,cylinder,success,/mnt/scratch/pmywe/GPU/3D_irregular_packing_stream/hpc/results/all_instances_geometry/Merged3_normal_seq53_cylinder__maximal_residual_box__all__instance_size__rng42.json,349.7062146663666,347.421669960022,True,,4,0.21094836822183669,0.27578504188389,4,0.21094836822183669,0.27578504188389
333,Merged3_normal_seq53_cylinder,overlap_distance,bottom,121x121x121,Merged3_normal_seq53_cylinder;Merged3_normal_seq53_cylinder_999999_1,geometry_only,Merged3_normal,53,cylinder,success,/mnt/scratch/pmywe/GPU/3D_irregular_packing_stream/hpc/results/all_instances_geometry/Merged3_normal_seq53_cylinder__overlap_distance__bottom__instance_size__rng42.json,495.46532583236694,493.2821626663208,True,,4,0.21094836822183669,0.27061032606993096,4,0.21094836822183669,0.27061032606993096
334,Merged3_normal_seq53_cylinder,overlap_distance,bottom_top,121x121x121,Merged3_normal_seq53_cylinder;Merged3_normal_seq53_cylinder_999999_1,geometry_only,Merged3_normal,53,cylinder,success,/mnt/scratch/pmywe/GPU/3D_irregular_packing_stream/hpc/results/all_instances_geometry/Merged3_normal_seq53_cylinder__overlap_distance__bottom_top__instance_size__rng42.json,646.6221470832825,644.3651642799377,True,,3,0.28126449096244893,0.3117396141987545,3,0.28126449096244893,0.3117396141987545
335,Merged3_normal_seq53_cylinder,overlap_distance,all,121x121x121,Merged3_normal_seq53_cylinder;Merged3_normal_seq53_cylinder_999999_1,geometry_only,Merged3_normal,53,cylinder,success,/mnt/scratch/pmywe/GPU/3D_irregular_packing_stream/hpc/results/all_instances_geometry/Merged3_normal_seq53_cylinder__overlap_distance__all__instance_size__rng42.json,957.6754379272461,955.4748384952545,True,,4,0.21094836822183669,0.27578504188389,4,0.21094836822183669,0.27578504188389
336,Merged3_normal_seq7_cube,minimum_aabb_volume,bottom,105x105x105,Merged3_normal_seq7_cube;Merged3_normal_seq7_cube_999999_1,geometry_only,Merged3_normal,7,cube,success,/mnt/scratch/pmywe/GPU/3D_irregular_packing_stream/hpc/results/all_instances_geometry/Merged3_normal_seq7_cube__minimum_aabb_volume__bottom__instance_size__rng42.json,61.252909660339355,59.267289876937866,True,,3,0.33805938883489905,0.3630363891588382,3,0.33805938883489905,0.3630363891588382
337,Merged3_normal_seq7_cube,minimum_aabb_volume,bottom_top,105x105x105,Merged3_normal_seq7_cube;Merged3_normal_seq7_cube_999999_1,geometry_only,Merged3_normal,7,cube,success,/mnt/scratch/pmywe/GPU/3D_irregular_packing_stream/hpc/results/all_instances_geometry/Merged3_normal_seq7_cube__minimum_aabb_volume__bottom_top__instance_size__rng42.json,62.79963970184326,60.76986742019653,True,,3,0.33805938883489905,0.3630363891588382,3,0.33805938883489905,0.3630363891588382
338,Merged3_normal_seq7_cube,minimum_aabb_volume,all,105x105x105,Merged3_normal_seq7_cube;Merged3_normal_seq7_cube_999999_1,geometry_only,Merged3_normal,7,cube,success,/mnt/scratch/pmywe/GPU/3D_irregular_packing_stream/hpc/results/all_instances_geometry/Merged3_normal_seq7_cube__minimum_aabb_volume__all__instance_size__rng42.json,86.72795820236206,84.6823513507843,True,,4,0.2535445416261743,0.3006811359464421,4,0.2535445416261743,0.3006811359464421
339,Merged3_normal_seq7_cube,minimum_aabb_edges_len,bottom,105x105x105,Merged3_normal_seq7_cube;Merged3_normal_seq7_cube_999999_1,geometry_only,Merged3_normal,7,cube,success,/mnt/scratch/pmywe/GPU/3D_irregular_packing_stream/hpc/results/all_instances_geometry/Merged3_normal_seq7_cube__minimum_aabb_edges_len__bottom__instance_size__rng42.json,67.12576580047607,65.10122632980347,True,,4,0.2535445416261743,0.31172961883165967,4,0.2535445416261743,0.31172961883165967
340,Merged3_normal_seq7_cube,minimum_aabb_edges_len,bottom_top,105x105x105,Merged3_normal_seq7_cube;Merged3_normal_seq7_cube_999999_1,geometry_only,Merged3_normal,7,cube,success,/mnt/scratch/pmywe/GPU/3D_irregular_packing_stream/hpc/results/all_instances_geometry/Merged3_normal_seq7_cube__minimum_aabb_edges_len__bottom_top__instance_size__rng42.json,70.9990622997284,69.00921440124512,True,,4,0.2535445416261743,0.32765187344779184,4,0.2535445416261743,0.32765187344779184
341,Merged3_normal_seq7_cube,minimum_aabb_edges_len,all,105x105x105,Merged3_normal_seq7_cube;Merged3_normal_seq7_cube_999999_1,geometry_only,Merged3_normal,7,cube,success,/mnt/scratch/pmywe/GPU/3D_irregular_packing_stream/hpc/results/all_instances_geometry/Merged3_normal_seq7_cube__minimum_aabb_edges_len__all__instance_size__rng42.json,93.13567638397217,91.13312077522278,True,,4,0.2535445416261743,0.3006811359464421,4,0.2535445416261743,0.3006811359464421
342,Merged3_normal_seq7_cube,maximal_residual_box,bottom,105x105x105,Merged3_normal_seq7_cube;Merged3_normal_seq7_cube_999999_1,geometry_only,Merged3_normal,7,cube,success,/mnt/scratch/pmywe/GPU/3D_irregular_packing_stream/hpc/results/all_instances_geometry/Merged3_normal_seq7_cube__maximal_residual_box__bottom__instance_size__rng42.json,66.75768089294434,64.68451237678528,True,,3,0.33805938883489905,0.35554821293596806,3,0.33805938883489905,0.35554821293596806
343,Merged3_normal_seq7_cube,maximal_residual_box,bottom_top,105x105x105,Merged3_normal_seq7_cube;Merged3_normal_seq7_cube_999999_1,geometry_only,Merged3_normal,7,cube,success,/mnt/scratch/pmywe/GPU/3D_irregular_packing_stream/hpc/results/all_instances_geometry/Merged3_normal_seq7_cube__maximal_residual_box__bottom_top__instance_size__rng42.json,69.76304125785828,67.67353177070618,True,,4,0.2535445416261743,0.31968671489759926,4,0.2535445416261743,0.31968671489759926
344,Merged3_normal_seq7_cube,maximal_residual_box,all,105x105x105,Merged3_normal_seq7_cube;Merged3_normal_seq7_cube_999999_1,geometry_only,Merged3_normal,7,cube,success,/mnt/scratch/pmywe/GPU/3D_irregular_packing_stream/hpc/results/all_instances_geometry/Merged3_normal_seq7_cube__maximal_residual_box__all__instance_size__rng42.json,91.24833703041077,89.25803446769714,True,,4,0.2535445416261743,0.28850016196954975,4,0.2535445416261743,0.28850016196954975
345,Merged3_normal_seq7_cube,overlap_distance,bottom,105x105x105,Merged3_normal_seq7_cube;Merged3_normal_seq7_cube_999999_1,geometry_only,Merged3_normal,7,cube,success,/mnt/scratch/pmywe/GPU/3D_irregular_packing_stream/hpc/results/all_instances_geometry/Merged3_normal_seq7_cube__overlap_distance__bottom__instance_size__rng42.json,212.84673309326172,210.886723279953,True,,4,0.2535445416261743,0.3276518734477918,4,0.2535445416261743,0.3276518734477918
346,Merged3_normal_seq7_cube,overlap_distance,bottom_top,105x105x105,Merged3_normal_seq7_cube;Merged3_normal_seq7_cube_999999_1,geometry_only,Merged3_normal,7,cube,success,/mnt/scratch/pmywe/GPU/3D_irregular_packing_stream/hpc/results/all_instances_geometry/Merged3_normal_seq7_cube__overlap_distance__bottom_top__instance_size__rng42.json,225.3852231502533,223.38196182250977,True,,3,0.33805938883489905,0.3613860274268438,3,0.33805938883489905,0.3613860274268438
347,Merged3_normal_seq7_cube,overlap_distance,all,105x105x105,Merged3_normal_seq7_cube;Merged3_normal_seq7_cube_999999_1,geometry_only,Merged3_normal,7,cube,success,/mnt/scratch/pmywe/GPU/3D_irregular_packing_stream/hpc/results/all_instances_geometry/Merged3_normal_seq7_cube__overlap_distance__all__instance_size__rng42.json,362.1475646495819,360.13141679763794,True,,4,0.2535445416261743,0.3037644602814671,4,0.2535445416261743,0.3037644602814671
348,Merged3_normal_seq7_cylinder,minimum_aabb_volume,bottom,121x121x121,Merged3_normal_seq7_cylinder;Merged3_normal_seq7_cylinder_999999_1,geometry_only,Merged3_normal,7,cylinder,success,/mnt/scratch/pmywe/GPU/3D_irregular_packing_stream/hpc/results/all_instances_geometry/Merged3_normal_seq7_cylinder__minimum_aabb_volume__bottom__instance_size__rng42.json,293.72233724594116,291.48447012901306,True,,3,0.28126449096244893,0.2983119453720604,3,0.28126449096244893,0.2983119453720604
349,Merged3_normal_seq7_cylinder,minimum_aabb_volume,bottom_top,121x121x121,Merged3_normal_seq7_cylinder;Merged3_normal_seq7_cylinder_999999_1,geometry_only,Merged3_normal,7,cylinder,success,/mnt/scratch/pmywe/GPU/3D_irregular_packing_stream/hpc/results/all_instances_geometry/Merged3_normal_seq7_cylinder__minimum_aabb_volume__bottom_top__instance_size__rng42.json,304.43476152420044,302.22294545173645,True,,3,0.28126449096244893,0.2983119453720604,3,0.28126449096244893,0.2983119453720604
350,Merged3_normal_seq7_cylinder,minimum_aabb_volume,all,121x121x121,Merged3_normal_seq7_cylinder;Merged3_normal_seq7_cylinder_999999_1,geometry_only,Merged3_normal,7,cylinder,success,/mnt/scratch/pmywe/GPU/3D_irregular_packing_stream/hpc/results/all_instances_geometry/Merged3_normal_seq7_cylinder__minimum_aabb_volume__all__instance_size__rng42.json,351.275399684906,349.0660791397095,True,,4,0.21094836822183669,0.2593581940166888,4,0.21094836822183669,0.2593581940166888
351,Merged3_normal_seq7_cylinder,minimum_aabb_edges_len,bottom,121x121x121,Merged3_normal_seq7_cylinder;Merged3_normal_seq7_cylinder_999999_1,geometry_only,Merged3_normal,7,cylinder,success,/mnt/scratch/pmywe/GPU/3D_irregular_packing_stream/hpc/results/all_instances_geometry/Merged3_normal_seq7_cylinder__minimum_aabb_edges_len__bottom__instance_size__rng42.json,294.1503846645355,291.94434547424316,True,,3,0.28126449096244893,0.2896996370944671,3,0.28126449096244893,0.2896996370944671
352,Merged3_normal_seq7_cylinder,minimum_aabb_edges_len,bottom_top,121x121x121,Merged3_normal_seq7_cylinder;Merged3_normal_seq7_cylinder_999999_1,geometry_only,Merged3_normal,7,cylinder,success,/mnt/scratch/pmywe/GPU/3D_irregular_packing_stream/hpc/results/all_instances_geometry/Merged3_normal_seq7_cylinder__minimum_aabb_edges_len__bottom_top__instance_size__rng42.json,304.4779543876648,302.2935974597931,True,,3,0.28126449096244893,0.30874654419774994,3,0.28126449096244893,0.30874654419774994
353,Merged3_normal_seq7_cylinder,minimum_aabb_edges_len,all,121x121x121,Merged3_normal_seq7_cylinder;Merged3_normal_seq7_cylinder_999999_1,geometry_only,Merged3_normal,7,cylinder,success,/mnt/scratch/pmywe/GPU/3D_irregular_packing_stream/hpc/results/all_instances_geometry/Merged3_normal_seq7_cylinder__minimum_aabb_edges_len__all__instance_size__rng42.json,359.8325810432434,357.53166031837463,True,,4,0.21094836822183669,0.2680172184787137,4,0.21094836822183669,0.2680172184787137
354,Merged3_normal_seq7_cylinder,maximal_residual_box,bottom,121x121x121,Merged3_normal_seq7_cylinder;Merged3_normal_seq7_cylinder_999999_1,geometry_only,Merged3_normal,7,cylinder,success,/mnt/scratch/pmywe/GPU/3D_irregular_packing_stream/hpc/results/all_instances_geometry/Merged3_normal_seq7_cylinder__maximal_residual_box__bottom__instance_size__rng42.json,315.5185031890869,313.29562282562256,True,,3,0.28126449096244893,0.29384767491672614,3,0.28126449096244893,0.29384767491672614
355,Merged3_normal_seq7_cylinder,maximal_residual_box,bottom_top,121x121x121,Merged3_normal_seq7_cylinder;Merged3_normal_seq7_cylinder_999999_1,geometry_only,Merged3_normal,7,cylinder,success,/mnt/scratch/pmywe/GPU/3D_irregular_packing_stream/hpc/results/all_instances_geometry/Merged3_normal_seq7_cylinder__maximal_residual_box__bottom_top__instance_size__rng42.json,320.82310223579407,318.5586314201355,True,,3,0.28126449096244893,0.29384767491672614,3,0.28126449096244893,0.29384767491672614
356,Merged3_normal_seq7_cylinder,maximal_residual_box,all,121x121x121,Merged3_normal_seq7_cylinder;Merged3_normal_seq7_cylinder_999999_1,geometry_only,Merged3_normal,7,cylinder,success,/mnt/scratch/pmywe/GPU/3D_irregular_packing_stream/hpc/results/all_instances_geometry/Merged3_normal_seq7_cylinder__maximal_residual_box__all__instance_size__rng42.json,365.6141836643219,363.3496594429016,True,,3,0.28126449096244893,0.31082972666813335,3,0.28126449096244893,0.31082972666813335
357,Merged3_normal_seq7_cylinder,overlap_distance,bottom,121x121x121,Merged3_normal_seq7_cylinder;Merged3_normal_seq7_cylinder_999999_1,geometry_only,Merged3_normal,7,cylinder,success,/mnt/scratch/pmywe/GPU/3D_irregular_packing_stream/hpc/results/all_instances_geometry/Merged3_normal_seq7_cylinder__overlap_distance__bottom__instance_size__rng42.json,445.0830657482147,442.94031381607056,True,,3,0.28126449096244893,0.2983119453720604,3,0.28126449096244893,0.2983119453720604
358,Merged3_normal_seq7_cylinder,overlap_distance,bottom_top,121x121x121,Merged3_normal_seq7_cylinder;Merged3_normal_seq7_cylinder_999999_1,geometry_only,Merged3_normal,7,cylinder,success,/mnt/scratch/pmywe/GPU/3D_irregular_packing_stream/hpc/results/all_instances_geometry/Merged3_normal_seq7_cylinder__overlap_distance__bottom_top__instance_size__rng42.json,564.1529159545898,561.9681272506714,True,,3,0.28126449096244893,0.2913925597472144,3,0.28126449096244893,0.2913925597472144
359,Merged3_normal_seq7_cylinder,overlap_distance,all,121x121x121,Merged3_normal_seq7_cylinder;Merged3_normal_seq7_cylinder_999999_1,geometry_only,Merged3_normal,7,cylinder,success,/mnt/scratch/pmywe/GPU/3D_irregular_packing_stream/hpc/results/all_instances_geometry/Merged3_normal_seq7_cylinder__overlap_distance__all__instance_size__rng42.json,940.1784837245941,937.9360041618347,True,,4,0.21094836822183669,0.2546333909943323,4,0.21094836822183669,0.2546333909943323
360,Merged4_normal_seq13_cube,minimum_aabb_volume,bottom,105x105x105,Merged4_normal_seq13_cube;Merged4_normal_seq13_cube_2000_0.2;Merged4_normal_seq13_cube_2000_0.3;Merged4_normal_seq13_cube_2000_0.4;Merged4_normal_seq13_cube_3000_0.2;Merged4_normal_seq13_cube_3000_0.3;Merged4_normal_seq13_cube_3000_0.4;Merged4_normal_seq13_cube_4000_0.2;Merged4_normal_seq13_cube_4000_0.3;Merged4_normal_seq13_cube_4000_0.4;Merged4_normal_seq13_cube_999999_1,geometry_only,Merged4_normal,13,cube,success,/mnt/scratch/pmywe/GPU/3D_irregular_packing_stream/hpc/results/all_instances_geometry/Merged4_normal_seq13_cube__minimum_aabb_volume__bottom__instance_size__rng42.json,89.39379167556763,87.03767991065979,True,,5,0.27044751106791926,0.33025375229456866,5,0.27044751106791926,0.33025375229456866
361,Merged4_normal_seq13_cube,minimum_aabb_volume,bottom_top,105x105x105,Merged4_normal_seq13_cube;Merged4_normal_seq13_cube_2000_0.2;Merged4_normal_seq13_cube_2000_0.3;Merged4_normal_seq13_cube_2000_0.4;Merged4_normal_seq13_cube_3000_0.2;Merged4_normal_seq13_cube_3000_0.3;Merged4_normal_seq13_cube_3000_0.4;Merged4_normal_seq13_cube_4000_0.2;Merged4_normal_seq13_cube_4000_0.3;Merged4_normal_seq13_cube_4000_0.4;Merged4_normal_seq13_cube_999999_1,geometry_only,Merged4_normal,13,cube,success,/mnt/scratch/pmywe/GPU/3D_irregular_packing_stream/hpc/results/all_instances_geometry/Merged4_normal_seq13_cube__minimum_aabb_volume__bottom_top__instance_size__rng42.json,97.73893404006958,95.36550259590149,True,,5,0.27044751106791926,0.33025375229456866,5,0.27044751106791926,0.33025375229456866
362,Merged4_normal_seq13_cube,minimum_aabb_volume,all,105x105x105,Merged4_normal_seq13_cube;Merged4_normal_seq13_cube_2000_0.2;Merged4_normal_seq13_cube_2000_0.3;Merged4_normal_seq13_cube_2000_0.4;Merged4_normal_seq13_cube_3000_0.2;Merged4_normal_seq13_cube_3000_0.3;Merged4_normal_seq13_cube_3000_0.4;Merged4_normal_seq13_cube_4000_0.2;Merged4_normal_seq13_cube_4000_0.3;Merged4_normal_seq13_cube_4000_0.4;Merged4_normal_seq13_cube_999999_1,geometry_only,Merged4_normal,13,cube,success,/mnt/scratch/pmywe/GPU/3D_irregular_packing_stream/hpc/results/all_instances_geometry/Merged4_normal_seq13_cube__minimum_aabb_volume__all__instance_size__rng42.json,131.19633722305298,128.82068967819214,True,,5,0.27044751106791926,0.31571018248569266,5,0.27044751106791926,0.31571018248569266
363,Merged4_normal_seq13_cube,minimum_aabb_edges_len,bottom,105x105x105,Merged4_normal_seq13_cube;Merged4_normal_seq13_cube_2000_0.2;Merged4_normal_seq13_cube_2000_0.3;Merged4_normal_seq13_cube_2000_0.4;Merged4_normal_seq13_cube_3000_0.2;Merged4_normal_seq13_cube_3000_0.3;Merged4_normal_seq13_cube_3000_0.4;Merged4_normal_seq13_cube_4000_0.2;Merged4_normal_seq13_cube_4000_0.3;Merged4_normal_seq13_cube_4000_0.4;Merged4_normal_seq13_cube_999999_1,geometry_only,Merged4_normal,13,cube,success,/mnt/scratch/pmywe/GPU/3D_irregular_packing_stream/hpc/results/all_instances_geometry/Merged4_normal_seq13_cube__minimum_aabb_edges_len__bottom__instance_size__rng42.json,91.10818028450012,88.75153875350952,True,,5,0.27044751106791926,0.333119965446496,5,0.27044751106791926,0.333119965446496
364,Merged4_normal_seq13_cube,minimum_aabb_edges_len,bottom_top,105x105x105,Merged4_normal_seq13_cube;Merged4_normal_seq13_cube_2000_0.2;Merged4_normal_seq13_cube_2000_0.3;Merged4_normal_seq13_cube_2000_0.4;Merged4_normal_seq13_cube_3000_0.2;Merged4_normal_seq13_cube_3000_0.3;Merged4_normal_seq13_cube_3000_0.4;Merged4_normal_seq13_cube_4000_0.2;Merged4_normal_seq13_cube_4000_0.3;Merged4_normal_seq13_cube_4000_0.4;Merged4_normal_seq13_cube_999999_1,geometry_only,Merged4_normal,13,cube,success,/mnt/scratch/pmywe/GPU/3D_irregular_packing_stream/hpc/results/all_instances_geometry/Merged4_normal_seq13_cube__minimum_aabb_edges_len__bottom_top__instance_size__rng42.json,100.48852896690369,98.12623190879822,True,,5,0.27044751106791926,0.32531432890616563,5,0.27044751106791926,0.32531432890616563
365,Merged4_normal_seq13_cube,minimum_aabb_edges_len,all,105x105x105,Merged4_normal_seq13_cube;Merged4_normal_seq13_cube_2000_0.2;Merged4_normal_seq13_cube_2000_0.3;Merged4_normal_seq13_cube_2000_0.4;Merged4_normal_seq13_cube_3000_0.2;Merged4_normal_seq13_cube_3000_0.3;Merged4_normal_seq13_cube_3000_0.4;Merged4_normal_seq13_cube_4000_0.2;Merged4_normal_seq13_cube_4000_0.3;Merged4_normal_seq13_cube_4000_0.4;Merged4_normal_seq13_cube_999999_1,geometry_only,Merged4_normal,13,cube,success,/mnt/scratch/pmywe/GPU/3D_irregular_packing_stream/hpc/results/all_instances_geometry/Merged4_normal_seq13_cube__minimum_aabb_edges_len__all__instance_size__rng42.json,118.1491756439209,115.79235219955444,True,,5,0.27044751106791926,0.33025375229456866,5,0.27044751106791926,0.33025375229456866
366,Merged4_normal_seq13_cube,maximal_residual_box,bottom,105x105x105,Merged4_normal_seq13_cube;Merged4_normal_seq13_cube_2000_0.2;Merged4_normal_seq13_cube_2000_0.3;Merged4_normal_seq13_cube_2000_0.4;Merged4_normal_seq13_cube_3000_0.2;Merged4_normal_seq13_cube_3000_0.3;Merged4_normal_seq13_cube_3000_0.4;Merged4_normal_seq13_cube_4000_0.2;Merged4_normal_seq13_cube_4000_0.3;Merged4_normal_seq13_cube_4000_0.4;Merged4_normal_seq13_cube_999999_1,geometry_only,Merged4_normal,13,cube,success,/mnt/scratch/pmywe/GPU/3D_irregular_packing_stream/hpc/results/all_instances_geometry/Merged4_normal_seq13_cube__maximal_residual_box__bottom__instance_size__rng42.json,94.30185174942017,91.9336998462677,True,,5,0.27044751106791926,0.3302537522945686,5,0.27044751106791926,0.3302537522945686
367,Merged4_normal_seq13_cube,maximal_residual_box,bottom_top,105x105x105,Merged4_normal_seq13_cube;Merged4_normal_seq13_cube_2000_0.2;Merged4_normal_seq13_cube_2000_0.3;Merged4_normal_seq13_cube_2000_0.4;Merged4_normal_seq13_cube_3000_0.2;Merged4_normal_seq13_cube_3000_0.3;Merged4_normal_seq13_cube_3000_0.4;Merged4_normal_seq13_cube_4000_0.2;Merged4_normal_seq13_cube_4000_0.3;Merged4_normal_seq13_cube_4000_0.4;Merged4_normal_seq13_cube_999999_1,geometry_only,Merged4_normal,13,cube,success,/mnt/scratch/pmywe/GPU/3D_irregular_packing_stream/hpc/results/all_instances_geometry/Merged4_normal_seq13_cube__maximal_residual_box__bottom_top__instance_size__rng42.json,97.74000692367554,95.36144185066223,True,,5,0.27044751106791926,0.3302537522945686,5,0.27044751106791926,0.3302537522945686
368,Merged4_normal_seq13_cube,maximal_residual_box,all,105x105x105,Merged4_normal_seq13_cube;Merged4_normal_seq13_cube_2000_0.2;Merged4_normal_seq13_cube_2000_0.3;Merged4_normal_seq13_cube_2000_0.4;Merged4_normal_seq13_cube_3000_0.2;Merged4_normal_seq13_cube_3000_0.3;Merged4_normal_seq13_cube_3000_0.4;Merged4_normal_seq13_cube_4000_0.2;Merged4_normal_seq13_cube_4000_0.3;Merged4_normal_seq13_cube_4000_0.4;Merged4_normal_seq13_cube_999999_1,geometry_only,Merged4_normal,13,cube,success,/mnt/scratch/pmywe/GPU/3D_irregular_packing_stream/hpc/results/all_instances_geometry/Merged4_normal_seq13_cube__maximal_residual_box__all__instance_size__rng42.json,120.36913800239563,118.05769515037537,True,,5,0.27044751106791926,0.3157101824856927,5,0.27044751106791926,0.3157101824856927
369,Merged4_normal_seq13_cube,overlap_distance,bottom,105x105x105,Merged4_normal_seq13_cube;Merged4_normal_seq13_cube_2000_0.2;Merged4_normal_seq13_cube_2000_0.3;Merged4_normal_seq13_cube_2000_0.4;Merged4_normal_seq13_cube_3000_0.2;Merged4_normal_seq13_cube_3000_0.3;Merged4_normal_seq13_cube_3000_0.4;Merged4_normal_seq13_cube_4000_0.2;Merged4_normal_seq13_cube_4000_0.3;Merged4_normal_seq13_cube_4000_0.4;Merged4_normal_seq13_cube_999999_1,geometry_only,Merged4_normal,13,cube,success,/mnt/scratch/pmywe/GPU/3D_irregular_packing_stream/hpc/results/all_instances_geometry/Merged4_normal_seq13_cube__overlap_distance__bottom__instance_size__rng42.json,268.6974723339081,266.30461025238037,True,,5,0.27044751106791926,0.32531432890616563,5,0.27044751106791926,0.32531432890616563
370,Merged4_normal_seq13_cube,overlap_distance,bottom_top,105x105x105,Merged4_normal_seq13_cube;Merged4_normal_seq13_cube_2000_0.2;Merged4_normal_seq13_cube_2000_0.3;Merged4_normal_seq13_cube_2000_0.4;Merged4_normal_seq13_cube_3000_0.2;Merged4_normal_seq13_cube_3000_0.3;Merged4_normal_seq13_cube_3000_0.4;Merged4_normal_seq13_cube_4000_0.2;Merged4_normal_seq13_cube_4000_0.3;Merged4_normal_seq13_cube_4000_0.4;Merged4_normal_seq13_cube_999999_1,geometry_only,Merged4_normal,13,cube,success,/mnt/scratch/pmywe/GPU/3D_irregular_packing_stream/hpc/results/all_instances_geometry/Merged4_normal_seq13_cube__overlap_distance__bottom_top__instance_size__rng42.json,335.3305311203003,332.96603322029114,True,,4,0.33805938883489905,0.36544131303314975,4,0.33805938883489905,0.36544131303314975
371,Merged4_normal_seq13_cube,overlap_distance,all,105x105x105,Merged4_normal_seq13_cube;Merged4_normal_seq13_cube_2000_0.2;Merged4_normal_seq13_cube_2000_0.3;Merged4_normal_seq13_cube_2000_0.4;Merged4_normal_seq13_cube_3000_0.2;Merged4_normal_seq13_cube_3000_0.3;Merged4_normal_seq13_cube_3000_0.4;Merged4_normal_seq13_cube_4000_0.2;Merged4_normal_seq13_cube_4000_0.3;Merged4_normal_seq13_cube_4000_0.4;Merged4_normal_seq13_cube_999999_1,geometry_only,Merged4_normal,13,cube,success,/mnt/scratch/pmywe/GPU/3D_irregular_packing_stream/hpc/results/all_instances_geometry/Merged4_normal_seq13_cube__overlap_distance__all__instance_size__rng42.json,542.4898722171783,540.1811583042145,True,,5,0.27044751106791926,0.30790454594536226,5,0.27044751106791926,0.30790454594536226
372,Merged4_normal_seq13_cylinder,minimum_aabb_volume,bottom,121x121x121,Merged4_normal_seq13_cylinder;Merged4_normal_seq13_cylinder_2000_0.2;Merged4_normal_seq13_cylinder_2000_0.3;Merged4_normal_seq13_cylinder_2000_0.4;Merged4_normal_seq13_cylinder_3000_0.2;Merged4_normal_seq13_cylinder_3000_0.3;Merged4_normal_seq13_cylinder_3000_0.4;Merged4_normal_seq13_cylinder_4000_0.2;Merged4_normal_seq13_cylinder_4000_0.3;Merged4_normal_seq13_cylinder_4000_0.4;Merged4_normal_seq13_cylinder_999999_1,geometry_only,Merged4_normal,13,cylinder,success,/mnt/scratch/pmywe/GPU/3D_irregular_packing_stream/hpc/results/all_instances_geometry/Merged4_normal_seq13_cylinder__minimum_aabb_volume__bottom__instance_size__rng42.json,416.52639389038086,413.89747309684753,True,,5,0.22501159276995913,0.2771549041535297,5,0.22501159276995913,0.2771549041535297
373,Merged4_normal_seq13_cylinder,minimum_aabb_volume,bottom_top,121x121x121,Merged4_normal_seq13_cylinder;Merged4_normal_seq13_cylinder_2000_0.2;Merged4_normal_seq13_cylinder_2000_0.3;Merged4_normal_seq13_cylinder_2000_0.4;Merged4_normal_seq13_cylinder_3000_0.2;Merged4_normal_seq13_cylinder_3000_0.3;Merged4_normal_seq13_cylinder_3000_0.4;Merged4_normal_seq13_cylinder_4000_0.2;Merged4_normal_seq13_cylinder_4000_0.3;Merged4_normal_seq13_cylinder_4000_0.4;Merged4_normal_seq13_cylinder_999999_1,geometry_only,Merged4_normal,13,cylinder,success,/mnt/scratch/pmywe/GPU/3D_irregular_packing_stream/hpc/results/all_instances_geometry/Merged4_normal_seq13_cylinder__minimum_aabb_volume__bottom_top__instance_size__rng42.json,430.5725016593933,428.0398533344269,True,,4,0.28126449096244893,0.3082846528973188,4,0.28126449096244893,0.3082846528973188
374,Merged4_normal_seq13_cylinder,minimum_aabb_volume,all,121x121x121,Merged4_normal_seq13_cylinder;Merged4_normal_seq13_cylinder_2000_0.2;Merged4_normal_seq13_cylinder_2000_0.3;Merged4_normal_seq13_cylinder_2000_0.4;Merged4_normal_seq13_cylinder_3000_0.2;Merged4_normal_seq13_cylinder_3000_0.3;Merged4_normal_seq13_cylinder_3000_0.4;Merged4_normal_seq13_cylinder_4000_0.2;Merged4_normal_seq13_cylinder_4000_0.3;Merged4_normal_seq13_cylinder_4000_0.4;Merged4_normal_seq13_cylinder_999999_1,geometry_only,Merged4_normal,13,cylinder,success,/mnt/scratch/pmywe/GPU/3D_irregular_packing_stream/hpc/results/all_instances_geometry/Merged4_normal_seq13_cylinder__minimum_aabb_volume__all__instance_size__rng42.json,508.2300868034363,505.60885429382324,True,,5,0.22501159276995913,0.2626700121376226,5,0.22501159276995913,0.2626700121376226
375,Merged4_normal_seq13_cylinder,minimum_aabb_edges_len,bottom,121x121x121,Merged4_normal_seq13_cylinder;Merged4_normal_seq13_cylinder_2000_0.2;Merged4_normal_seq13_cylinder_2000_0.3;Merged4_normal_seq13_cylinder_2000_0.4;Merged4_normal_seq13_cylinder_3000_0.2;Merged4_normal_seq13_cylinder_3000_0.3;Merged4_normal_seq13_cylinder_3000_0.4;Merged4_normal_seq13_cylinder_4000_0.2;Merged4_normal_seq13_cylinder_4000_0.3;Merged4_normal_seq13_cylinder_4000_0.4;Merged4_normal_seq13_cylinder_999999_1,geometry_only,Merged4_normal,13,cylinder,success,/mnt/scratch/pmywe/GPU/3D_irregular_packing_stream/hpc/results/all_instances_geometry/Merged4_normal_seq13_cylinder__minimum_aabb_edges_len__bottom__instance_size__rng42.json,437.21948313713074,434.67594623565674,True,,4,0.28126449096244893,0.3019973731833585,4,0.28126449096244893,0.3019973731833585
376,Merged4_normal_seq13_cylinder,minimum_aabb_edges_len,bottom_top,121x121x121,Merged4_normal_seq13_cylinder;Merged4_normal_seq13_cylinder_2000_0.2;Merged4_normal_seq13_cylinder_2000_0.3;Merged4_normal_seq13_cylinder_2000_0.4;Merged4_normal_seq13_cylinder_3000_0.2;Merged4_normal_seq13_cylinder_3000_0.3;Merged4_normal_seq13_cylinder_3000_0.4;Merged4_normal_seq13_cylinder_4000_0.2;Merged4_normal_seq13_cylinder_4000_0.3;Merged4_normal_seq13_cylinder_4000_0.4;Merged4_normal_seq13_cylinder_999999_1,geometry_only,Merged4_normal,13,cylinder,success,/mnt/scratch/pmywe/GPU/3D_irregular_packing_stream/hpc/results/all_instances_geometry/Merged4_normal_seq13_cylinder__minimum_aabb_edges_len__bottom_top__instance_size__rng42.json,462.16979932785034,459.59190011024475,True,,4,0.28126449096244893,0.3200355700581842,4,0.28126449096244893,0.3200355700581842
377,Merged4_normal_seq13_cylinder,minimum_aabb_edges_len,all,121x121x121,Merged4_normal_seq13_cylinder;Merged4_normal_seq13_cylinder_2000_0.2;Merged4_normal_seq13_cylinder_2000_0.3;Merged4_normal_seq13_cylinder_2000_0.4;Merged4_normal_seq13_cylinder_3000_0.2;Merged4_normal_seq13_cylinder_3000_0.3;Merged4_normal_seq13_cylinder_3000_0.4;Merged4_normal_seq13_cylinder_4000_0.2;Merged4_normal_seq13_cylinder_4000_0.3;Merged4_normal_seq13_cylinder_4000_0.4;Merged4_normal_seq13_cylinder_999999_1,geometry_only,Merged4_normal,13,cylinder,success,/mnt/scratch/pmywe/GPU/3D_irregular_packing_stream/hpc/results/all_instances_geometry/Merged4_normal_seq13_cylinder__minimum_aabb_edges_len__all__instance_size__rng42.json,507.50522017478943,504.93024706840515,True,,5,0.22501159276995913,0.27477022261593026,5,0.22501159276995913,0.27477022261593026
378,Merged4_normal_seq13_cylinder,maximal_residual_box,bottom,121x121x121,Merged4_normal_seq13_cylinder;Merged4_normal_seq13_cylinder_2000_0.2;Merged4_normal_seq13_cylinder_2000_0.3;Merged4_normal_seq13_cylinder_2000_0.4;Merged4_normal_seq13_cylinder_3000_0.2;Merged4_normal_seq13_cylinder_3000_0.3;Merged4_normal_seq13_cylinder_3000_0.4;Merged4_normal_seq13_cylinder_4000_0.2;Merged4_normal_seq13_cylinder_4000_0.3;Merged4_normal_seq13_cylinder_4000_0.4;Merged4_normal_seq13_cylinder_999999_1,geometry_only,Merged4_normal,13,cylinder,success,/mnt/scratch/pmywe/GPU/3D_irregular_packing_stream/hpc/results/all_instances_geometry/Merged4_normal_seq13_cylinder__maximal_residual_box__bottom__instance_size__rng42.json,427.1513686180115,424.5967233181,True,,4,0.28126449096244893,0.3089573659531335,4,0.28126449096244893,0.3089573659531335
379,Merged4_normal_seq13_cylinder,maximal_residual_box,bottom_top,121x121x121,Merged4_normal_seq13_cylinder;Merged4_normal_seq13_cylinder_2000_0.2;Merged4_normal_seq13_cylinder_2000_0.3;Merged4_normal_seq13_cylinder_2000_0.4;Merged4_normal_seq13_cylinder_3000_0.2;Merged4_normal_seq13_cylinder_3000_0.3;Merged4_normal_seq13_cylinder_3000_0.4;Merged4_normal_seq13_cylinder_4000_0.2;Merged4_normal_seq13_cylinder_4000_0.3;Merged4_normal_seq13_cylinder_4000_0.4;Merged4_normal_seq13_cylinder_999999_1,geometry_only,Merged4_normal,13,cylinder,success,/mnt/scratch/pmywe/GPU/3D_irregular_packing_stream/hpc/results/all_instances_geometry/Merged4_normal_seq13_cylinder__maximal_residual_box__bottom_top__instance_size__rng42.json,433.8896436691284,431.34247946739197,True,,4,0.28126449096244893,0.3239511050240799,4,0.28126449096244893,0.3239511050240799
380,Merged4_normal_seq13_cylinder,maximal_residual_box,all,121x121x121,Merged4_normal_seq13_cylinder;Merged4_normal_seq13_cylinder_2000_0.2;Merged4_normal_seq13_cylinder_2000_0.3;Merged4_normal_seq13_cylinder_2000_0.4;Merged4_normal_seq13_cylinder_3000_0.2;Merged4_normal_seq13_cylinder_3000_0.3;Merged4_normal_seq13_cylinder_3000_0.4;Merged4_normal_seq13_cylinder_4000_0.2;Merged4_normal_seq13_cylinder_4000_0.3;Merged4_normal_seq13_cylinder_4000_0.4;Merged4_normal_seq13_cylinder_999999_1,geometry_only,Merged4_normal,13,cylinder,success,/mnt/scratch/pmywe/GPU/3D_irregular_packing_stream/hpc/results/all_instances_geometry/Merged4_normal_seq13_cylinder__maximal_residual_box__all__instance_size__rng42.json,519.5973415374756,516.9969170093536,True,,5,0.22501159276995913,0.2626700121376226,5,0.22501159276995913,0.2626700121376226
381,Merged4_normal_seq13_cylinder,overlap_distance,bottom,121x121x121,Merged4_normal_seq13_cylinder;Merged4_normal_seq13_cylinder_2000_0.2;Merged4_normal_seq13_cylinder_2000_0.3;Merged4_normal_seq13_cylinder_2000_0.4;Merged4_normal_seq13_cylinder_3000_0.2;Merged4_normal_seq13_cylinder_3000_0.3;Merged4_normal_seq13_cylinder_3000_0.4;Merged4_normal_seq13_cylinder_4000_0.2;Merged4_normal_seq13_cylinder_4000_0.3;Merged4_normal_seq13_cylinder_4000_0.4;Merged4_normal_seq13_cylinder_999999_1,geometry_only,Merged4_normal,13,cylinder,success,/mnt/scratch/pmywe/GPU/3D_irregular_packing_stream/hpc/results/all_instances_geometry/Merged4_normal_seq13_cylinder__overlap_distance__bottom__instance_size__rng42.json,670.9753794670105,668.3892979621887,True,,5,0.22501159276995913,0.27477022261593026,5,0.22501159276995913,0.27477022261593026
382,Merged4_normal_seq13_cylinder,overlap_distance,bottom_top,121x121x121,Merged4_normal_seq13_cylinder;Merged4_normal_seq13_cylinder_2000_0.2;Merged4_normal_seq13_cylinder_2000_0.3;Merged4_normal_seq13_cylinder_2000_0.4;Merged4_normal_seq13_cylinder_3000_0.2;Merged4_normal_seq13_cylinder_3000_0.3;Merged4_normal_seq13_cylinder_3000_0.4;Merged4_normal_seq13_cylinder_4000_0.2;Merged4_normal_seq13_cylinder_4000_0.3;Merged4_normal_seq13_cylinder_4000_0.4;Merged4_normal_seq13_cylinder_999999_1,geometry_only,Merged4_normal,13,cylinder,success,/mnt/scratch/pmywe/GPU/3D_irregular_packing_stream/hpc/results/all_instances_geometry/Merged4_normal_seq13_cylinder__overlap_distance__bottom_top__instance_size__rng42.json,806.4278843402863,803.8424303531647,True,,5,0.22501159276995913,0.27477022261593026,5,0.22501159276995913,0.27477022261593026
383,Merged4_normal_seq13_cylinder,overlap_distance,all,121x121x121,Merged4_normal_seq13_cylinder;Merged4_normal_seq13_cylinder_2000_0.2;Merged4_normal_seq13_cylinder_2000_0.3;Merged4_normal_seq13_cylinder_2000_0.4;Merged4_normal_seq13_cylinder_3000_0.2;Merged4_normal_seq13_cylinder_3000_0.3;Merged4_normal_seq13_cylinder_3000_0.4;Merged4_normal_seq13_cylinder_4000_0.2;Merged4_normal_seq13_cylinder_4000_0.3;Merged4_normal_seq13_cylinder_4000_0.4;Merged4_normal_seq13_cylinder_999999_1,geometry_only,Merged4_normal,13,cylinder,success,/mnt/scratch/pmywe/GPU/3D_irregular_packing_stream/hpc/results/all_instances_geometry/Merged4_normal_seq13_cylinder__overlap_distance__all__instance_size__rng42.json,1234.5369312763214,1231.9519395828247,True,,5,0.22501159276995913,0.25617574379110397,5,0.22501159276995913,0.25617574379110397
384,Merged4_normal_seq19_cube,minimum_aabb_volume,bottom,105x105x105,Merged4_normal_seq19_cube;Merged4_normal_seq19_cube_2000_0.2;Merged4_normal_seq19_cube_2000_0.3;Merged4_normal_seq19_cube_2000_0.4;Merged4_normal_seq19_cube_3000_0.2;Merged4_normal_seq19_cube_3000_0.3;Merged4_normal_seq19_cube_3000_0.4;Merged4_normal_seq19_cube_4000_0.2;Merged4_normal_seq19_cube_4000_0.3;Merged4_normal_seq19_cube_4000_0.4;Merged4_normal_seq19_cube_999999_1,geometry_only,Merged4_normal,19,cube,success,/mnt/scratch/pmywe/GPU/3D_irregular_packing_stream/hpc/results/all_instances_geometry/Merged4_normal_seq19_cube__minimum_aabb_volume__bottom__instance_size__rng42.json,86.35894060134888,84.04226613044739,True,,5,0.27044751106791926,0.3284552424144261,5,0.27044751106791926,0.3284552424144261
385,Merged4_normal_seq19_cube,minimum_aabb_volume,bottom_top,105x105x105,Merged4_normal_seq19_cube;Merged4_normal_seq19_cube_2000_0.2;Merged4_normal_seq19_cube_2000_0.3;Merged4_normal_seq19_cube_2000_0.4;Merged4_normal_seq19_cube_3000_0.2;Merged4_normal_seq19_cube_3000_0.3;Merged4_normal_seq19_cube_3000_0.4;Merged4_normal_seq19_cube_4000_0.2;Merged4_normal_seq19_cube_4000_0.3;Merged4_normal_seq19_cube_4000_0.4;Merged4_normal_seq19_cube_999999_1,geometry_only,Merged4_normal,19,cube,success,/mnt/scratch/pmywe/GPU/3D_irregular_packing_stream/hpc/results/all_instances_geometry/Merged4_normal_seq19_cube__minimum_aabb_volume__bottom_top__instance_size__rng42.json,90.69425344467163,88.32129383087158,True,,4,0.33805938883489905,0.3837794334665083,4,0.33805938883489905,0.3837794334665083
386,Merged4_normal_seq19_cube,minimum_aabb_volume,all,105x105x105,Merged4_normal_seq19_cube;Merged4_normal_seq19_cube_2000_0.2;Merged4_normal_seq19_cube_2000_0.3;Merged4_normal_seq19_cube_2000_0.4;Merged4_normal_seq19_cube_3000_0.2;Merged4_normal_seq19_cube_3000_0.3;Merged4_normal_seq19_cube_3000_0.4;Merged4_normal_seq19_cube_4000_0.2;Merged4_normal_seq19_cube_4000_0.3;Merged4_normal_seq19_cube_4000_0.4;Merged4_normal_seq19_cube_999999_1,geometry_only,Merged4_normal,19,cube,success,/mnt/scratch/pmywe/GPU/3D_irregular_packing_stream/hpc/results/all_instances_geometry/Merged4_normal_seq19_cube__minimum_aabb_volume__all__instance_size__rng42.json,126.0407600402832,123.7148277759552,True,,5,0.27044751106791926,0.31438008854335386,5,0.27044751106791926,0.31438008854335386
387,Merged4_normal_seq19_cube,minimum_aabb_edges_len,bottom,105x105x105,Merged4_normal_seq19_cube;Merged4_normal_seq19_cube_2000_0.2;Merged4_normal_seq19_cube_2000_0.3;Merged4_normal_seq19_cube_2000_0.4;Merged4_normal_seq19_cube_3000_0.2;Merged4_normal_seq19_cube_3000_0.3;Merged4_normal_seq19_cube_3000_0.4;Merged4_normal_seq19_cube_4000_0.2;Merged4_normal_seq19_cube_4000_0.3;Merged4_normal_seq19_cube_4000_0.4;Merged4_normal_seq19_cube_999999_1,geometry_only,Merged4_normal,19,cube,success,/mnt/scratch/pmywe/GPU/3D_irregular_packing_stream/hpc/results/all_instances_geometry/Merged4_normal_seq19_cube__minimum_aabb_edges_len__bottom__instance_size__rng42.json,89.03730463981628,86.75306797027588,True,,4,0.33805938883489905,0.37273095058129074,4,0.33805938883489905,0.37273095058129074
388,Merged4_normal_seq19_cube,minimum_aabb_edges_len,bottom_top,105x105x105,Merged4_normal_seq19_cube;Merged4_normal_seq19_cube_2000_0.2;Merged4_normal_seq19_cube_2000_0.3;Merged4_normal_seq19_cube_2000_0.4;Merged4_normal_seq19_cube_3000_0.2;Merged4_normal_seq19_cube_3000_0.3;Merged4_normal_seq19_cube_3000_0.4;Merged4_normal_seq19_cube_4000_0.2;Merged4_normal_seq19_cube_4000_0.3;Merged4_normal_seq19_cube_4000_0.4;Merged4_normal_seq19_cube_999999_1,geometry_only,Merged4_normal,19,cube,success,/mnt/scratch/pmywe/GPU/3D_irregular_packing_stream/hpc/results/all_instances_geometry/Merged4_normal_seq19_cube__minimum_aabb_edges_len__bottom_top__instance_size__rng42.json,102.32895708084106,100.02652645111084,True,,5,0.27044751106791926,0.333119965446496,5,0.27044751106791926,0.333119965446496
389,Merged4_normal_seq19_cube,minimum_aabb_edges_len,all,105x105x105,Merged4_normal_seq19_cube;Merged4_normal_seq19_cube_2000_0.2;Merged4_normal_seq19_cube_2000_0.3;Merged4_normal_seq19_cube_2000_0.4;Merged4_normal_seq19_cube_3000_0.2;Merged4_normal_seq19_cube_3000_0.3;Merged4_normal_seq19_cube_3000_0.4;Merged4_normal_seq19_cube_4000_0.2;Merged4_normal_seq19_cube_4000_0.3;Merged4_normal_seq19_cube_4000_0.4;Merged4_normal_seq19_cube_999999_1,geometry_only,Merged4_normal,19,cube,success,/mnt/scratch/pmywe/GPU/3D_irregular_packing_stream/hpc/results/all_instances_geometry/Merged4_normal_seq19_cube__minimum_aabb_edges_len__all__instance_size__rng42.json,122.62557744979858,120.36825156211853,True,,5,0.27044751106791926,0.333119965446496,5,0.27044751106791926,0.333119965446496
390,Merged4_normal_seq19_cube,maximal_residual_box,bottom,105x105x105,Merged4_normal_seq19_cube;Merged4_normal_seq19_cube_2000_0.2;Merged4_normal_seq19_cube_2000_0.3;Merged4_normal_seq19_cube_2000_0.4;Merged4_normal_seq19_cube_3000_0.2;Merged4_normal_seq19_cube_3000_0.3;Merged4_normal_seq19_cube_3000_0.4;Merged4_normal_seq19_cube_4000_0.2;Merged4_normal_seq19_cube_4000_0.3;Merged4_normal_seq19_cube_4000_0.4;Merged4_normal_seq19_cube_999999_1,geometry_only,Merged4_normal,19,cube,success,/mnt/scratch/pmywe/GPU/3D_irregular_packing_stream/hpc/results/all_instances_geometry/Merged4_normal_seq19_cube__maximal_residual_box__bottom__instance_size__rng42.json,85.93821048736572,83.62845468521118,True,,4,0.33805938883489905,0.37757132059172877,4,0.33805938883489905,0.37757132059172877
391,Merged4_normal_seq19_cube,maximal_residual_box,bottom_top,105x105x105,Merged4_normal_seq19_cube;Merged4_normal_seq19_cube_2000_0.2;Merged4_normal_seq19_cube_2000_0.3;Merged4_normal_seq19_cube_2000_0.4;Merged4_normal_seq19_cube_3000_0.2;Merged4_normal_seq19_cube_3000_0.3;Merged4_normal_seq19_cube_3000_0.4;Merged4_normal_seq19_cube_4000_0.2;Merged4_normal_seq19_cube_4000_0.3;Merged4_normal_seq19_cube_4000_0.4;Merged4_normal_seq19_cube_999999_1,geometry_only,Merged4_normal,19,cube,success,/mnt/scratch/pmywe/GPU/3D_irregular_packing_stream/hpc/results/all_instances_geometry/Merged4_normal_seq19_cube__maximal_residual_box__bottom_top__instance_size__rng42.json,94.19962167739868,91.8771059513092,True,,4,0.33805938883489905,0.37757132059172877,4,0.33805938883489905,0.37757132059172877
392,Merged4_normal_seq19_cube,maximal_residual_box,all,105x105x105,Merged4_normal_seq19_cube;Merged4_normal_seq19_cube_2000_0.2;Merged4_normal_seq19_cube_2000_0.3;Merged4_normal_seq19_cube_2000_0.4;Merged4_normal_seq19_cube_3000_0.2;Merged4_normal_seq19_cube_3000_0.3;Merged4_normal_seq19_cube_3000_0.4;Merged4_normal_seq19_cube_4000_0.2;Merged4_normal_seq19_cube_4000_0.3;Merged4_normal_seq19_cube_4000_0.4;Merged4_normal_seq19_cube_999999_1,geometry_only,Merged4_normal,19,cube,success,/mnt/scratch/pmywe/GPU/3D_irregular_packing_stream/hpc/results/all_instances_geometry/Merged4_normal_seq19_cube__maximal_residual_box__all__instance_size__rng42.json,134.87827515602112,132.574697971344,True,,5,0.27044751106791926,0.3235158190260231,5,0.27044751106791926,0.3235158190260231
393,Merged4_normal_seq19_cube,overlap_distance,bottom,105x105x105,Merged4_normal_seq19_cube;Merged4_normal_seq19_cube_2000_0.2;Merged4_normal_seq19_cube_2000_0.3;Merged4_normal_seq19_cube_2000_0.4;Merged4_normal_seq19_cube_3000_0.2;Merged4_normal_seq19_cube_3000_0.3;Merged4_normal_seq19_cube_3000_0.4;Merged4_normal_seq19_cube_4000_0.2;Merged4_normal_seq19_cube_4000_0.3;Merged4_normal_seq19_cube_4000_0.4;Merged4_normal_seq19_cube_999999_1,geometry_only,Merged4_normal,19,cube,success,/mnt/scratch/pmywe/GPU/3D_irregular_packing_stream/hpc/results/all_instances_geometry/Merged4_normal_seq19_cube__overlap_distance__bottom__instance_size__rng42.json,278.77097034454346,276.4871017932892,True,,5,0.27044751106791926,0.333119965446496,5,0.27044751106791926,0.333119965446496
394,Merged4_normal_seq19_cube,overlap_distance,bottom_top,105x105x105,Merged4_normal_seq19_cube;Merged4_normal_seq19_cube_2000_0.2;Merged4_normal_seq19_cube_2000_0.3;Merged4_normal_seq19_cube_2000_0.4;Merged4_normal_seq19_cube_3000_0.2;Merged4_normal_seq19_cube_3000_0.3;Merged4_normal_seq19_cube_3000_0.4;Merged4_normal_seq19_cube_4000_0.2;Merged4_normal_seq19_cube_4000_0.3;Merged4_normal_seq19_cube_4000_0.4;Merged4_normal_seq19_cube_999999_1,geometry_only,Merged4_normal,19,cube,success,/mnt/scratch/pmywe/GPU/3D_irregular_packing_stream/hpc/results/all_instances_geometry/Merged4_normal_seq19_cube__overlap_distance__bottom_top__instance_size__rng42.json,302.67983770370483,300.3714303970337,True,,5,0.27044751106791926,0.31438008854335386,5,0.27044751106791926,0.31438008854335386
395,Merged4_normal_seq19_cube,overlap_distance,all,105x105x105,Merged4_normal_seq19_cube;Merged4_normal_seq19_cube_2000_0.2;Merged4_normal_seq19_cube_2000_0.3;Merged4_normal_seq19_cube_2000_0.4;Merged4_normal_seq19_cube_3000_0.2;Merged4_normal_seq19_cube_3000_0.3;Merged4_normal_seq19_cube_3000_0.4;Merged4_normal_seq19_cube_4000_0.2;Merged4_normal_seq19_cube_4000_0.3;Merged4_normal_seq19_cube_4000_0.4;Merged4_normal_seq19_cube_999999_1,geometry_only,Merged4_normal,19,cube,success,/mnt/scratch/pmywe/GPU/3D_irregular_packing_stream/hpc/results/all_instances_geometry/Merged4_normal_seq19_cube__overlap_distance__all__instance_size__rng42.json,571.9330854415894,569.6264963150024,True,,5,0.27044751106791926,0.3161785984234964,5,0.27044751106791926,0.3161785984234964
396,Merged4_normal_seq19_cylinder,minimum_aabb_volume,bottom,121x121x121,Merged4_normal_seq19_cylinder;Merged4_normal_seq19_cylinder_2000_0.2;Merged4_normal_seq19_cylinder_2000_0.3;Merged4_normal_seq19_cylinder_2000_0.4;Merged4_normal_seq19_cylinder_3000_0.2;Merged4_normal_seq19_cylinder_3000_0.3;Merged4_normal_seq19_cylinder_3000_0.4;Merged4_normal_seq19_cylinder_4000_0.2;Merged4_normal_seq19_cylinder_4000_0.3;Merged4_normal_seq19_cylinder_4000_0.4;Merged4_normal_seq19_cylinder_999999_1,geometry_only,Merged4_normal,19,cylinder,success,/mnt/scratch/pmywe/GPU/3D_irregular_packing_stream/hpc/results/all_instances_geometry/Merged4_normal_seq19_cylinder__minimum_aabb_volume__bottom__instance_size__rng42.json,441.4269800186157,438.80060625076294,True,,5,0.22501159276995913,0.2732738672930604,5,0.22501159276995913,0.2732738672930604
397,Merged4_normal_seq19_cylinder,minimum_aabb_volume,bottom_top,121x121x121,Merged4_normal_seq19_cylinder;Merged4_normal_seq19_cylinder_2000_0.2;Merged4_normal_seq19_cylinder_2000_0.3;Merged4_normal_seq19_cylinder_2000_0.4;Merged4_normal_seq19_cylinder_3000_0.2;Merged4_normal_seq19_cylinder_3000_0.3;Merged4_normal_seq19_cylinder_3000_0.4;Merged4_normal_seq19_cylinder_4000_0.2;Merged4_normal_seq19_cylinder_4000_0.3;Merged4_normal_seq19_cylinder_4000_0.4;Merged4_normal_seq19_cylinder_999999_1,geometry_only,Merged4_normal,19,cylinder,success,/mnt/scratch/pmywe/GPU/3D_irregular_packing_stream/hpc/results/all_instances_geometry/Merged4_normal_seq19_cylinder__minimum_aabb_volume__bottom_top__instance_size__rng42.json,459.23774337768555,456.63881826400757,True,,5,0.22501159276995913,0.27327386729306047,5,0.22501159276995913,0.27327386729306047
398,Merged4_normal_seq19_cylinder,minimum_aabb_volume,all,121x121x121,Merged4_normal_seq19_cylinder;Merged4_normal_seq19_cylinder_2000_0.2;Merged4_normal_seq19_cylinder_2000_0.3;Merged4_normal_seq19_cylinder_2000_0.4;Merged4_normal_seq19_cylinder_3000_0.2;Merged4_normal_seq19_cylinder_3000_0.3;Merged4_normal_seq19_cylinder_3000_0.4;Merged4_normal_seq19_cylinder_4000_0.2;Merged4_normal_seq19_cylinder_4000_0.3;Merged4_normal_seq19_cylinder_4000_0.4;Merged4_normal_seq19_cylinder_999999_1,geometry_only,Merged4_normal,19,cylinder,success,/mnt/scratch/pmywe/GPU/3D_irregular_packing_stream/hpc/results/all_instances_geometry/Merged4_normal_seq19_cylinder__minimum_aabb_volume__all__instance_size__rng42.json,466.3845145702362,463.72396516799927,True,,4,0.28126449096244893,0.3101111359235051,4,0.28126449096244893,0.3101111359235051
399,Merged4_normal_seq19_cylinder,minimum_aabb_edges_len,bottom,121x121x121,Merged4_normal_seq19_cylinder;Merged4_normal_seq19_cylinder_2000_0.2;Merged4_normal_seq19_cylinder_2000_0.3;Merged4_normal_seq19_cylinder_2000_0.4;Merged4_normal_seq19_cylinder_3000_0.2;Merged4_normal_seq19_cylinder_3000_0.3;Merged4_normal_seq19_cylinder_3000_0.4;Merged4_normal_seq19_cylinder_4000_0.2;Merged4_normal_seq19_cylinder_4000_0.3;Merged4_normal_seq19_cylinder_4000_0.4;Merged4_normal_seq19_cylinder_999999_1,geometry_only,Merged4_normal,19,cylinder,success,/mnt/scratch/pmywe/GPU/3D_irregular_packing_stream/hpc/results/all_instances_geometry/Merged4_normal_seq19_cylinder__minimum_aabb_edges_len__bottom__instance_size__rng42.json,422.07435059547424,419.5377194881439,True,,4,0.28126449096244893,0.3207653008160231,4,0.28126449096244893,0.3207653008160231
400,Merged4_normal_seq19_cylinder,minimum_aabb_edges_len,bottom_top,121x121x121,Merged4_normal_seq19_cylinder;Merged4_normal_seq19_cylinder_2000_0.2;Merged4_normal_seq19_cylinder_2000_0.3;Merged4_normal_seq19_cylinder_2000_0.4;Merged4_normal_seq19_cylinder_3000_0.2;Merged4_normal_seq19_cylinder_3000_0.3;Merged4_normal_seq19_cylinder_3000_0.4;Merged4_normal_seq19_cylinder_4000_0.2;Merged4_normal_seq19_cylinder_4000_0.3;Merged4_normal_seq19_cylinder_4000_0.4;Merged4_normal_seq19_cylinder_999999_1,geometry_only,Merged4_normal,19,cylinder,success,/mnt/scratch/pmywe/GPU/3D_irregular_packing_stream/hpc/results/all_instances_geometry/Merged4_normal_seq19_cylinder__minimum_aabb_edges_len__bottom_top__instance_size__rng42.json,440.0066022872925,437.41336131095886,True,,4,0.28126449096244893,0.3207653008160231,4,0.28126449096244893,0.3207653008160231
401,Merged4_normal_seq19_cylinder,minimum_aabb_edges_len,all,121x121x121,Merged4_normal_seq19_cylinder;Merged4_normal_seq19_cylinder_2000_0.2;Merged4_normal_seq19_cylinder_2000_0.3;Merged4_normal_seq19_cylinder_2000_0.4;Merged4_normal_seq19_cylinder_3000_0.2;Merged4_normal_seq19_cylinder_3000_0.3;Merged4_normal_seq19_cylinder_3000_0.4;Merged4_normal_seq19_cylinder_4000_0.2;Merged4_normal_seq19_cylinder_4000_0.3;Merged4_normal_seq19_cylinder_4000_0.4;Merged4_normal_seq19_cylinder_999999_1,geometry_only,Merged4_normal,19,cylinder,success,/mnt/scratch/pmywe/GPU/3D_irregular_packing_stream/hpc/results/all_instances_geometry/Merged4_normal_seq19_cylinder__minimum_aabb_edges_len__all__instance_size__rng42.json,487.6697382926941,485.06826877593994,True,,4,0.28126449096244893,0.3207653008160231,4,0.28126449096244893,0.3207653008160231
402,Merged4_normal_seq19_cylinder,maximal_residual_box,bottom,121x121x121,Merged4_normal_seq19_cylinder;Merged4_normal_seq19_cylinder_2000_0.2;Merged4_normal_seq19_cylinder_2000_0.3;Merged4_normal_seq19_cylinder_2000_0.4;Merged4_normal_seq19_cylinder_3000_0.2;Merged4_normal_seq19_cylinder_3000_0.3;Merged4_normal_seq19_cylinder_3000_0.4;Merged4_normal_seq19_cylinder_4000_0.2;Merged4_normal_seq19_cylinder_4000_0.3;Merged4_normal_seq19_cylinder_4000_0.4;Merged4_normal_seq19_cylinder_999999_1,geometry_only,Merged4_normal,19,cylinder,success,/mnt/scratch/pmywe/GPU/3D_irregular_packing_stream/hpc/results/all_instances_geometry/Merged4_normal_seq19_cylinder__maximal_residual_box__bottom__instance_size__rng42.json,447.1376304626465,444.4853365421295,True,,4,0.28126449096244893,0.3034841456991655,4,0.28126449096244893,0.3034841456991655
403,Merged4_normal_seq19_cylinder,maximal_residual_box,bottom_top,121x121x121,Merged4_normal_seq19_cylinder;Merged4_normal_seq19_cylinder_2000_0.2;Merged4_normal_seq19_cylinder_2000_0.3;Merged4_normal_seq19_cylinder_2000_0.4;Merged4_normal_seq19_cylinder_3000_0.2;Merged4_normal_seq19_cylinder_3000_0.3;Merged4_normal_seq19_cylinder_3000_0.4;Merged4_normal_seq19_cylinder_4000_0.2;Merged4_normal_seq19_cylinder_4000_0.3;Merged4_normal_seq19_cylinder_4000_0.4;Merged4_normal_seq19_cylinder_999999_1,geometry_only,Merged4_normal,19,cylinder,success,/mnt/scratch/pmywe/GPU/3D_irregular_packing_stream/hpc/results/all_instances_geometry/Merged4_normal_seq19_cylinder__maximal_residual_box__bottom_top__instance_size__rng42.json,447.5183358192444,444.9119818210602,True,,4,0.28126449096244893,0.31413831059168346,4,0.28126449096244893,0.31413831059168346
404,Merged4_normal_seq19_cylinder,maximal_residual_box,all,121x121x121,Merged4_normal_seq19_cylinder;Merged4_normal_seq19_cylinder_2000_0.2;Merged4_normal_seq19_cylinder_2000_0.3;Merged4_normal_seq19_cylinder_2000_0.4;Merged4_normal_seq19_cylinder_3000_0.2;Merged4_normal_seq19_cylinder_3000_0.3;Merged4_normal_seq19_cylinder_3000_0.4;Merged4_normal_seq19_cylinder_4000_0.2;Merged4_normal_seq19_cylinder_4000_0.3;Merged4_normal_seq19_cylinder_4000_0.4;Merged4_normal_seq19_cylinder_999999_1,geometry_only,Merged4_normal,19,cylinder,success,/mnt/scratch/pmywe/GPU/3D_irregular_packing_stream/hpc/results/all_instances_geometry/Merged4_normal_seq19_cylinder__maximal_residual_box__all__instance_size__rng42.json,505.12163758277893,502.45021533966064,True,,5,0.22501159276995913,0.27327386729306047,5,0.22501159276995913,0.27327386729306047
405,Merged4_normal_seq19_cylinder,overlap_distance,bottom,121x121x121,Merged4_normal_seq19_cylinder;Merged4_normal_seq19_cylinder_2000_0.2;Merged4_normal_seq19_cylinder_2000_0.3;Merged4_normal_seq19_cylinder_2000_0.4;Merged4_normal_seq19_cylinder_3000_0.2;Merged4_normal_seq19_cylinder_3000_0.3;Merged4_normal_seq19_cylinder_3000_0.4;Merged4_normal_seq19_cylinder_4000_0.2;Merged4_normal_seq19_cylinder_4000_0.3;Merged4_normal_seq19_cylinder_4000_0.4;Merged4_normal_seq19_cylinder_999999_1,geometry_only,Merged4_normal,19,cylinder,success,/mnt/scratch/pmywe/GPU/3D_irregular_packing_stream/hpc/results/all_instances_geometry/Merged4_normal_seq19_cylinder__overlap_distance__bottom__instance_size__rng42.json,739.9083878993988,737.3254182338715,True,,4,0.28126449096244893,0.32333061826675796,4,0.28126449096244893,0.32333061826675796
406,Merged4_normal_seq19_cylinder,overlap_distance,bottom_top,121x121x121,Merged4_normal_seq19_cylinder;Merged4_normal_seq19_cylinder_2000_0.2;Merged4_normal_seq19_cylinder_2000_0.3;Merged4_normal_seq19_cylinder_2000_0.4;Merged4_normal_seq19_cylinder_3000_0.2;Merged4_normal_seq19_cylinder_3000_0.3;Merged4_normal_seq19_cylinder_3000_0.4;Merged4_normal_seq19_cylinder_4000_0.2;Merged4_normal_seq19_cylinder_4000_0.3;Merged4_normal_seq19_cylinder_4000_0.4;Merged4_normal_seq19_cylinder_999999_1,geometry_only,Merged4_normal,19,cylinder,success,/mnt/scratch/pmywe/GPU/3D_irregular_packing_stream/hpc/results/all_instances_geometry/Merged4_normal_seq19_cylinder__overlap_distance__bottom_top__instance_size__rng42.json,832.6666929721832,830.1217238903046,True,,5,0.22501159276995913,0.27327386729306047,5,0.22501159276995913,0.27327386729306047
407,Merged4_normal_seq19_cylinder,overlap_distance,all,121x121x121,Merged4_normal_seq19_cylinder;Merged4_normal_seq19_cylinder_2000_0.2;Merged4_normal_seq19_cylinder_2000_0.3;Merged4_normal_seq19_cylinder_2000_0.4;Merged4_normal_seq19_cylinder_3000_0.2;Merged4_normal_seq19_cylinder_3000_0.3;Merged4_normal_seq19_cylinder_3000_0.4;Merged4_normal_seq19_cylinder_4000_0.2;Merged4_normal_seq19_cylinder_4000_0.3;Merged4_normal_seq19_cylinder_4000_0.4;Merged4_normal_seq19_cylinder_999999_1,geometry_only,Merged4_normal,19,cylinder,success,/mnt/scratch/pmywe/GPU/3D_irregular_packing_stream/hpc/results/all_instances_geometry/Merged4_normal_seq19_cylinder__overlap_distance__all__instance_size__rng42.json,1379.8459916114807,1377.3083157539368,True,,5,0.22501159276995913,0.26156337759949155,5,0.22501159276995913,0.26156337759949155
408,Merged4_normal_seq3_cube,minimum_aabb_volume,bottom,105x105x105,Merged4_normal_seq3_cube;Merged4_normal_seq3_cube_2000_0.2;Merged4_normal_seq3_cube_2000_0.3;Merged4_normal_seq3_cube_2000_0.4;Merged4_normal_seq3_cube_3000_0.2;Merged4_normal_seq3_cube_3000_0.3;Merged4_normal_seq3_cube_3000_0.4;Merged4_normal_seq3_cube_4000_0.2;Merged4_normal_seq3_cube_4000_0.3;Merged4_normal_seq3_cube_4000_0.4;Merged4_normal_seq3_cube_999999_1,geometry_only,Merged4_normal,3,cube,success,/mnt/scratch/pmywe/GPU/3D_irregular_packing_stream/hpc/results/all_instances_geometry/Merged4_normal_seq3_cube__minimum_aabb_volume__bottom__instance_size__rng42.json,94.89650106430054,92.49384307861328,True,,5,0.27044751106791926,0.3331199654464961,5,0.27044751106791926,0.3331199654464961
409,Merged4_normal_seq3_cube,minimum_aabb_volume,bottom_top,105x105x105,Merged4_normal_seq3_cube;Merged4_normal_seq3_cube_2000_0.2;Merged4_normal_seq3_cube_2000_0.3;Merged4_normal_seq3_cube_2000_0.4;Merged4_normal_seq3_cube_3000_0.2;Merged4_normal_seq3_cube_3000_0.3;Merged4_normal_seq3_cube_3000_0.4;Merged4_normal_seq3_cube_4000_0.2;Merged4_normal_seq3_cube_4000_0.3;Merged4_normal_seq3_cube_4000_0.4;Merged4_normal_seq3_cube_999999_1,geometry_only,Merged4_normal,3,cube,success,/mnt/scratch/pmywe/GPU/3D_irregular_packing_stream/hpc/results/all_instances_geometry/Merged4_normal_seq3_cube__minimum_aabb_volume__bottom_top__instance_size__rng42.json,99.04664325714111,96.70857810974121,True,,5,0.27044751106791926,0.333119965446496,5,0.27044751106791926,0.333119965446496
410,Merged4_normal_seq3_cube,minimum_aabb_volume,all,105x105x105,Merged4_normal_seq3_cube;Merged4_normal_seq3_cube_2000_0.2;Merged4_normal_seq3_cube_2000_0.3;Merged4_normal_seq3_cube_2000_0.4;Merged4_normal_seq3_cube_3000_0.2;Merged4_normal_seq3_cube_3000_0.3;Merged4_normal_seq3_cube_3000_0.4;Merged4_normal_seq3_cube_4000_0.2;Merged4_normal_seq3_cube_4000_0.3;Merged4_normal_seq3_cube_4000_0.4;Merged4_normal_seq3_cube_999999_1,geometry_only,Merged4_normal,3,cube,success,/mnt/scratch/pmywe/GPU/3D_irregular_packing_stream/hpc/results/all_instances_geometry/Merged4_normal_seq3_cube__minimum_aabb_volume__all__instance_size__rng42.json,118.47355628013611,116.1020359992981,True,,5,0.27044751106791926,0.333119965446496,5,0.27044751106791926,0.333119965446496
411,Merged4_normal_seq3_cube,minimum_aabb_edges_len,bottom,105x105x105,Merged4_normal_seq3_cube;Merged4_normal_seq3_cube_2000_0.2;Merged4_normal_seq3_cube_2000_0.3;Merged4_normal_seq3_cube_2000_0.4;Merged4_normal_seq3_cube_3000_0.2;Merged4_normal_seq3_cube_3000_0.3;Merged4_normal_seq3_cube_3000_0.4;Merged4_normal_seq3_cube_4000_0.2;Merged4_normal_seq3_cube_4000_0.3;Merged4_normal_seq3_cube_4000_0.4;Merged4_normal_seq3_cube_999999_1,geometry_only,Merged4_normal,3,cube,success,/mnt/scratch/pmywe/GPU/3D_irregular_packing_stream/hpc/results/all_instances_geometry/Merged4_normal_seq3_cube__minimum_aabb_edges_len__bottom__instance_size__rng42.json,102.85408592224121,100.54946541786194,True,,4,0.33805938883489905,0.3562155274808336,4,0.33805938883489905,0.3562155274808336
412,Merged4_normal_seq3_cube,minimum_aabb_edges_len,bottom_top,105x105x105,Merged4_normal_seq3_cube;Merged4_normal_seq3_cube_2000_0.2;Merged4_normal_seq3_cube_2000_0.3;Merged4_normal_seq3_cube_2000_0.4;Merged4_normal_seq3_cube_3000_0.2;Merged4_normal_seq3_cube_3000_0.3;Merged4_normal_seq3_cube_3000_0.4;Merged4_normal_seq3_cube_4000_0.2;Merged4_normal_seq3_cube_4000_0.3;Merged4_normal_seq3_cube_4000_0.4;Merged4_normal_seq3_cube_999999_1,geometry_only,Merged4_normal,3,cube,success,/mnt/scratch/pmywe/GPU/3D_irregular_packing_stream/hpc/results/all_instances_geometry/Merged4_normal_seq3_cube__minimum_aabb_edges_len__bottom_top__instance_size__rng42.json,98.93781065940857,96.59176278114319,True,,5,0.27044751106791926,0.3331199654464961,5,0.27044751106791926,0.3331199654464961
413,Merged4_normal_seq3_cube,minimum_aabb_edges_len,all,105x105x105,Merged4_normal_seq3_cube;Merged4_normal_seq3_cube_2000_0.2;Merged4_normal_seq3_cube_2000_0.3;Merged4_normal_seq3_cube_2000_0.4;Merged4_normal_seq3_cube_3000_0.2;Merged4_normal_seq3_cube_3000_0.3;Merged4_normal_seq3_cube_3000_0.4;Merged4_normal_seq3_cube_4000_0.2;Merged4_normal_seq3_cube_4000_0.3;Merged4_normal_seq3_cube_4000_0.4;Merged4_normal_seq3_cube_999999_1,geometry_only,Merged4_normal,3,cube,success,/mnt/scratch/pmywe/GPU/3D_irregular_packing_stream/hpc/results/all_instances_geometry/Merged4_normal_seq3_cube__minimum_aabb_edges_len__all__instance_size__rng42.json,124.0419979095459,121.74695038795471,True,,5,0.27044751106791926,0.3331199654464961,5,0.27044751106791926,0.3331199654464961
414,Merged4_normal_seq3_cube,maximal_residual_box,bottom,105x105x105,Merged4_normal_seq3_cube;Merged4_normal_seq3_cube_2000_0.2;Merged4_normal_seq3_cube_2000_0.3;Merged4_normal_seq3_cube_2000_0.4;Merged4_normal_seq3_cube_3000_0.2;Merged4_normal_seq3_cube_3000_0.3;Merged4_normal_seq3_cube_3000_0.4;Merged4_normal_seq3_cube_4000_0.2;Merged4_normal_seq3_cube_4000_0.3;Merged4_normal_seq3_cube_4000_0.4;Merged4_normal_seq3_cube_999999_1,geometry_only,Merged4_normal,3,cube,success,/mnt/scratch/pmywe/GPU/3D_irregular_packing_stream/hpc/results/all_instances_geometry/Merged4_normal_seq3_cube__maximal_residual_box__bottom__instance_size__rng42.json,83.98983812332153,81.65869307518005,True,,4,0.33805938883489905,0.3995312241298636,4,0.33805938883489905,0.3995312241298636
415,Merged4_normal_seq3_cube,maximal_residual_box,bottom_top,105x105x105,Merged4_normal_seq3_cube;Merged4_normal_seq3_cube_2000_0.2;Merged4_normal_seq3_cube_2000_0.3;Merged4_normal_seq3_cube_2000_0.4;Merged4_normal_seq3_cube_3000_0.2;Merged4_normal_seq3_cube_3000_0.3;Merged4_normal_seq3_cube_3000_0.4;Merged4_normal_seq3_cube_4000_0.2;Merged4_normal_seq3_cube_4000_0.3;Merged4_normal_seq3_cube_4000_0.4;Merged4_normal_seq3_cube_999999_1,geometry_only,Merged4_normal,3,cube,success,/mnt/scratch/pmywe/GPU/3D_irregular_packing_stream/hpc/results/all_instances_geometry/Merged4_normal_seq3_cube__maximal_residual_box__bottom_top__instance_size__rng42.json,87.33903384208679,85.02639532089233,True,,4,0.33805938883489905,0.3995312241298636,4,0.33805938883489905,0.3995312241298636
416,Merged4_normal_seq3_cube,maximal_residual_box,all,105x105x105,Merged4_normal_seq3_cube;Merged4_normal_seq3_cube_2000_0.2;Merged4_normal_seq3_cube_2000_0.3;Merged4_normal_seq3_cube_2000_0.4;Merged4_normal_seq3_cube_3000_0.2;Merged4_normal_seq3_cube_3000_0.3;Merged4_normal_seq3_cube_3000_0.4;Merged4_normal_seq3_cube_4000_0.2;Merged4_normal_seq3_cube_4000_0.3;Merged4_normal_seq3_cube_4000_0.4;Merged4_normal_seq3_cube_999999_1,geometry_only,Merged4_normal,3,cube,success,/mnt/scratch/pmywe/GPU/3D_irregular_packing_stream/hpc/results/all_instances_geometry/Merged4_normal_seq3_cube__maximal_residual_box__all__instance_size__rng42.json,126.86994338035583,124.5538079738617,True,,5,0.27044751106791926,0.32460166288737713,5,0.27044751106791926,0.32460166288737713
417,Merged4_normal_seq3_cube,overlap_distance,bottom,105x105x105,Merged4_normal_seq3_cube;Merged4_normal_seq3_cube_2000_0.2;Merged4_normal_seq3_cube_2000_0.3;Merged4_normal_seq3_cube_2000_0.4;Merged4_normal_seq3_cube_3000_0.2;Merged4_normal_seq3_cube_3000_0.3;Merged4_normal_seq3_cube_3000_0.4;Merged4_normal_seq3_cube_4000_0.2;Merged4_normal_seq3_cube_4000_0.3;Merged4_normal_seq3_cube_4000_0.4;Merged4_normal_seq3_cube_999999_1,geometry_only,Merged4_normal,3,cube,success,/mnt/scratch/pmywe/GPU/3D_irregular_packing_stream/hpc/results/all_instances_geometry/Merged4_normal_seq3_cube__overlap_distance__bottom__instance_size__rng42.json,334.9375145435333,332.5394961833954,True,,5,0.27044751106791926,0.3331199654464961,5,0.27044751106791926,0.3331199654464961
418,Merged4_normal_seq3_cube,overlap_distance,bottom_top,105x105x105,Merged4_normal_seq3_cube;Merged4_normal_seq3_cube_2000_0.2;Merged4_normal_seq3_cube_2000_0.3;Merged4_normal_seq3_cube_2000_0.4;Merged4_normal_seq3_cube_3000_0.2;Merged4_normal_seq3_cube_3000_0.3;Merged4_normal_seq3_cube_3000_0.4;Merged4_normal_seq3_cube_4000_0.2;Merged4_normal_seq3_cube_4000_0.3;Merged4_normal_seq3_cube_4000_0.4;Merged4_normal_seq3_cube_999999_1,geometry_only,Merged4_normal,3,cube,success,/mnt/scratch/pmywe/GPU/3D_irregular_packing_stream/hpc/results/all_instances_geometry/Merged4_normal_seq3_cube__overlap_distance__bottom_top__instance_size__rng42.json,367.4365780353546,365.06369805336,True,,5,0.27044751106791926,0.3331199654464961,5,0.27044751106791926,0.3331199654464961
419,Merged4_normal_seq3_cube,overlap_distance,all,105x105x105,Merged4_normal_seq3_cube;Merged4_normal_seq3_cube_2000_0.2;Merged4_normal_seq3_cube_2000_0.3;Merged4_normal_seq3_cube_2000_0.4;Merged4_normal_seq3_cube_3000_0.2;Merged4_normal_seq3_cube_3000_0.3;Merged4_normal_seq3_cube_3000_0.4;Merged4_normal_seq3_cube_4000_0.2;Merged4_normal_seq3_cube_4000_0.3;Merged4_normal_seq3_cube_4000_0.4;Merged4_normal_seq3_cube_999999_1,geometry_only,Merged4_normal,3,cube,success,/mnt/scratch/pmywe/GPU/3D_irregular_packing_stream/hpc/results/all_instances_geometry/Merged4_normal_seq3_cube__overlap_distance__all__instance_size__rng42.json,604.1693334579468,601.8515784740448,True,,5,0.27044751106791926,0.32217903034229567,5,0.27044751106791926,0.32217903034229567
420,Merged4_normal_seq3_cylinder,minimum_aabb_volume,bottom,121x121x121,Merged4_normal_seq3_cylinder;Merged4_normal_seq3_cylinder_2000_0.2;Merged4_normal_seq3_cylinder_2000_0.3;Merged4_normal_seq3_cylinder_2000_0.4;Merged4_normal_seq3_cylinder_3000_0.2;Merged4_normal_seq3_cylinder_3000_0.3;Merged4_normal_seq3_cylinder_3000_0.4;Merged4_normal_seq3_cylinder_4000_0.2;Merged4_normal_seq3_cylinder_4000_0.3;Merged4_normal_seq3_cylinder_4000_0.4;Merged4_normal_seq3_cylinder_999999_1,geometry_only,Merged4_normal,3,cylinder,success,/mnt/scratch/pmywe/GPU/3D_irregular_packing_stream/hpc/results/all_instances_geometry/Merged4_normal_seq3_cylinder__minimum_aabb_volume__bottom__instance_size__rng42.json,425.54394268989563,423.0096707344055,True,,4,0.28126449096244893,0.3077154341577833,4,0.28126449096244893,0.3077154341577833
421,Merged4_normal_seq3_cylinder,minimum_aabb_volume,bottom_top,121x121x121,Merged4_normal_seq3_cylinder;Merged4_normal_seq3_cylinder_2000_0.2;Merged4_normal_seq3_cylinder_2000_0.3;Merged4_normal_seq3_cylinder_2000_0.4;Merged4_normal_seq3_cylinder_3000_0.2;Merged4_normal_seq3_cylinder_3000_0.3;Merged4_normal_seq3_cylinder_3000_0.4;Merged4_normal_seq3_cylinder_4000_0.2;Merged4_normal_seq3_cylinder_4000_0.3;Merged4_normal_seq3_cylinder_4000_0.4;Merged4_normal_seq3_cylinder_999999_1,geometry_only,Merged4_normal,3,cylinder,success,/mnt/scratch/pmywe/GPU/3D_irregular_packing_stream/hpc/results/all_instances_geometry/Merged4_normal_seq3_cylinder__minimum_aabb_volume__bottom_top__instance_size__rng42.json,431.87537026405334,429.2489960193634,True,,4,0.28126449096244893,0.3217547256452662,4,0.28126449096244893,0.3217547256452662
422,Merged4_normal_seq3_cylinder,minimum_aabb_volume,all,121x121x121,Merged4_normal_seq3_cylinder;Merged4_normal_seq3_cylinder_2000_0.2;Merged4_normal_seq3_cylinder_2000_0.3;Merged4_normal_seq3_cylinder_2000_0.4;Merged4_normal_seq3_cylinder_3000_0.2;Merged4_normal_seq3_cylinder_3000_0.3;Merged4_normal_seq3_cylinder_3000_0.4;Merged4_normal_seq3_cylinder_4000_0.2;Merged4_normal_seq3_cylinder_4000_0.3;Merged4_normal_seq3_cylinder_4000_0.4;Merged4_normal_seq3_cylinder_999999_1,geometry_only,Merged4_normal,3,cylinder,success,/mnt/scratch/pmywe/GPU/3D_irregular_packing_stream/hpc/results/all_instances_geometry/Merged4_normal_seq3_cylinder__minimum_aabb_volume__all__instance_size__rng42.json,502.090455532074,499.4972333908081,True,,5,0.22501159276995913,0.2771549041535297,5,0.22501159276995913,0.2771549041535297
423,Merged4_normal_seq3_cylinder,minimum_aabb_edges_len,bottom,121x121x121,Merged4_normal_seq3_cylinder;Merged4_normal_seq3_cylinder_2000_0.2;Merged4_normal_seq3_cylinder_2000_0.3;Merged4_normal_seq3_cylinder_2000_0.4;Merged4_normal_seq3_cylinder_3000_0.2;Merged4_normal_seq3_cylinder_3000_0.3;Merged4_normal_seq3_cylinder_3000_0.4;Merged4_normal_seq3_cylinder_4000_0.2;Merged4_normal_seq3_cylinder_4000_0.3;Merged4_normal_seq3_cylinder_4000_0.4;Merged4_normal_seq3_cylinder_999999_1,geometry_only,Merged4_normal,3,cylinder,success,/mnt/scratch/pmywe/GPU/3D_irregular_packing_stream/hpc/results/all_instances_geometry/Merged4_normal_seq3_cylinder__minimum_aabb_edges_len__bottom__instance_size__rng42.json,439.66710782051086,437.09577679634094,True,,4,0.28126449096244893,0.31040293239857003,4,0.28126449096244893,0.31040293239857003
424,Merged4_normal_seq3_cylinder,minimum_aabb_edges_len,bottom_top,121x121x121,Merged4_normal_seq3_cylinder;Merged4_normal_seq3_cylinder_2000_0.2;Merged4_normal_seq3_cylinder_2000_0.3;Merged4_normal_seq3_cylinder_2000_0.4;Merged4_normal_seq3_cylinder_3000_0.2;Merged4_normal_seq3_cylinder_3000_0.3;Merged4_normal_seq3_cylinder_3000_0.4;Merged4_normal_seq3_cylinder_4000_0.2;Merged4_normal_seq3_cylinder_4000_0.3;Merged4_normal_seq3_cylinder_4000_0.4;Merged4_normal_seq3_cylinder_999999_1,geometry_only,Merged4_normal,3,cylinder,success,/mnt/scratch/pmywe/GPU/3D_irregular_packing_stream/hpc/results/all_instances_geometry/Merged4_normal_seq3_cylinder__minimum_aabb_edges_len__bottom_top__instance_size__rng42.json,448.7469654083252,446.11566948890686,True,,4,0.28126449096244893,0.31784997133731624,4,0.28126449096244893,0.31784997133731624
425,Merged4_normal_seq3_cylinder,minimum_aabb_edges_len,all,121x121x121,Merged4_normal_seq3_cylinder;Merged4_normal_seq3_cylinder_2000_0.2;Merged4_normal_seq3_cylinder_2000_0.3;Merged4_normal_seq3_cylinder_2000_0.4;Merged4_normal_seq3_cylinder_3000_0.2;Merged4_normal_seq3_cylinder_3000_0.3;Merged4_normal_seq3_cylinder_3000_0.4;Merged4_normal_seq3_cylinder_4000_0.2;Merged4_normal_seq3_cylinder_4000_0.3;Merged4_normal_seq3_cylinder_4000_0.4;Merged4_normal_seq3_cylinder_999999_1,geometry_only,Merged4_normal,3,cylinder,success,/mnt/scratch/pmywe/GPU/3D_irregular_packing_stream/hpc/results/all_instances_geometry/Merged4_normal_seq3_cylinder__minimum_aabb_edges_len__all__instance_size__rng42.json,498.0345890522003,495.43378233909607,True,,5,0.22501159276995913,0.2771549041535298,5,0.22501159276995913,0.2771549041535298
426,Merged4_normal_seq3_cylinder,maximal_residual_box,bottom,121x121x121,Merged4_normal_seq3_cylinder;Merged4_normal_seq3_cylinder_2000_0.2;Merged4_normal_seq3_cylinder_2000_0.3;Merged4_normal_seq3_cylinder_2000_0.4;Merged4_normal_seq3_cylinder_3000_0.2;Merged4_normal_seq3_cylinder_3000_0.3;Merged4_normal_seq3_cylinder_3000_0.4;Merged4_normal_seq3_cylinder_4000_0.2;Merged4_normal_seq3_cylinder_4000_0.3;Merged4_normal_seq3_cylinder_4000_0.4;Merged4_normal_seq3_cylinder_999999_1,geometry_only,Merged4_normal,3,cylinder,success,/mnt/scratch/pmywe/GPU/3D_irregular_packing_stream/hpc/results/all_instances_geometry/Merged4_normal_seq3_cylinder__maximal_residual_box__bottom__instance_size__rng42.json,424.7750492095947,422.1779396533966,True,,4,0.28126449096244893,0.31512773542092654,4,0.28126449096244893,0.31512773542092654
427,Merged4_normal_seq3_cylinder,maximal_residual_box,bottom_top,121x121x121,Merged4_normal_seq3_cylinder;Merged4_normal_seq3_cylinder_2000_0.2;Merged4_normal_seq3_cylinder_2000_0.3;Merged4_normal_seq3_cylinder_2000_0.4;Merged4_normal_seq3_cylinder_3000_0.2;Merged4_normal_seq3_cylinder_3000_0.3;Merged4_normal_seq3_cylinder_3000_0.4;Merged4_normal_seq3_cylinder_4000_0.2;Merged4_normal_seq3_cylinder_4000_0.3;Merged4_normal_seq3_cylinder_4000_0.4;Merged4_normal_seq3_cylinder_999999_1,geometry_only,Merged4_normal,3,cylinder,success,/mnt/scratch/pmywe/GPU/3D_irregular_packing_stream/hpc/results/all_instances_geometry/Merged4_normal_seq3_cylinder__maximal_residual_box__bottom_top__instance_size__rng42.json,430.8789761066437,428.2700719833374,True,,4,0.28126449096244893,0.32916702690840943,4,0.28126449096244893,0.32916702690840943
428,Merged4_normal_seq3_cylinder,maximal_residual_box,all,121x121x121,Merged4_normal_seq3_cylinder;Merged4_normal_seq3_cylinder_2000_0.2;Merged4_normal_seq3_cylinder_2000_0.3;Merged4_normal_seq3_cylinder_2000_0.4;Merged4_normal_seq3_cylinder_3000_0.2;Merged4_normal_seq3_cylinder_3000_0.3;Merged4_normal_seq3_cylinder_3000_0.4;Merged4_normal_seq3_cylinder_4000_0.2;Merged4_normal_seq3_cylinder_4000_0.3;Merged4_normal_seq3_cylinder_4000_0.4;Merged4_normal_seq3_cylinder_999999_1,geometry_only,Merged4_normal,3,cylinder,success,/mnt/scratch/pmywe/GPU/3D_irregular_packing_stream/hpc/results/all_instances_geometry/Merged4_normal_seq3_cylinder__maximal_residual_box__all__instance_size__rng42.json,542.1756319999695,539.539879322052,True,,5,0.22501159276995913,0.26399477532152266,5,0.22501159276995913,0.26399477532152266
429,Merged4_normal_seq3_cylinder,overlap_distance,bottom,121x121x121,Merged4_normal_seq3_cylinder;Merged4_normal_seq3_cylinder_2000_0.2;Merged4_normal_seq3_cylinder_2000_0.3;Merged4_normal_seq3_cylinder_2000_0.4;Merged4_normal_seq3_cylinder_3000_0.2;Merged4_normal_seq3_cylinder_3000_0.3;Merged4_normal_seq3_cylinder_3000_0.4;Merged4_normal_seq3_cylinder_4000_0.2;Merged4_normal_seq3_cylinder_4000_0.3;Merged4_normal_seq3_cylinder_4000_0.4;Merged4_normal_seq3_cylinder_999999_1,geometry_only,Merged4_normal,3,cylinder,success,/mnt/scratch/pmywe/GPU/3D_irregular_packing_stream/hpc/results/all_instances_geometry/Merged4_normal_seq3_cylinder__overlap_distance__bottom__instance_size__rng42.json,716.6562390327454,714.0411698818207,True,,4,0.28126449096244893,0.34336347643172366,4,0.28126449096244893,0.34336347643172366
430,Merged4_normal_seq3_cylinder,overlap_distance,bottom_top,121x121x121,Merged4_normal_seq3_cylinder;Merged4_normal_seq3_cylinder_2000_0.2;Merged4_normal_seq3_cylinder_2000_0.3;Merged4_normal_seq3_cylinder_2000_0.4;Merged4_normal_seq3_cylinder_3000_0.2;Merged4_normal_seq3_cylinder_3000_0.3;Merged4_normal_seq3_cylinder_3000_0.4;Merged4_normal_seq3_cylinder_4000_0.2;Merged4_normal_seq3_cylinder_4000_0.3;Merged4_normal_seq3_cylinder_4000_0.4;Merged4_normal_seq3_cylinder_999999_1,geometry_only,Merged4_normal,3,cylinder,success,/mnt/scratch/pmywe/GPU/3D_irregular_packing_stream/hpc/results/all_instances_geometry/Merged4_normal_seq3_cylinder__overlap_distance__bottom_top__instance_size__rng42.json,869.9604671001434,867.3935742378235,True,,4,0.28126449096244893,0.3460509746725104,4,0.28126449096244893,0.3460509746725104
431,Merged4_normal_seq3_cylinder,overlap_distance,all,121x121x121,Merged4_normal_seq3_cylinder;Merged4_normal_seq3_cylinder_2000_0.2;Merged4_normal_seq3_cylinder_2000_0.3;Merged4_normal_seq3_cylinder_2000_0.4;Merged4_normal_seq3_cylinder_3000_0.2;Merged4_normal_seq3_cylinder_3000_0.3;Merged4_normal_seq3_cylinder_3000_0.4;Merged4_normal_seq3_cylinder_4000_0.2;Merged4_normal_seq3_cylinder_4000_0.3;Merged4_normal_seq3_cylinder_4000_0.4;Merged4_normal_seq3_cylinder_999999_1,geometry_only,Merged4_normal,3,cylinder,success,/mnt/scratch/pmywe/GPU/3D_irregular_packing_stream/hpc/results/all_instances_geometry/Merged4_normal_seq3_cylinder__overlap_distance__all__instance_size__rng42.json,1194.2379252910614,1191.6893701553345,True,,5,0.22501159276995913,0.2771549041535298,5,0.22501159276995913,0.2771549041535298
432,Merged4_normal_seq53_cube,minimum_aabb_volume,bottom,105x105x105,Merged4_normal_seq53_cube;Merged4_normal_seq53_cube_2000_0.2;Merged4_normal_seq53_cube_2000_0.3;Merged4_normal_seq53_cube_2000_0.4;Merged4_normal_seq53_cube_3000_0.2;Merged4_normal_seq53_cube_3000_0.3;Merged4_normal_seq53_cube_3000_0.4;Merged4_normal_seq53_cube_4000_0.2;Merged4_normal_seq53_cube_4000_0.3;Merged4_normal_seq53_cube_4000_0.4;Merged4_normal_seq53_cube_999999_1,geometry_only,Merged4_normal,53,cube,success,/mnt/scratch/pmywe/GPU/3D_irregular_packing_stream/hpc/results/all_instances_geometry/Merged4_normal_seq53_cube__minimum_aabb_volume__bottom__instance_size__rng42.json,87.68092250823975,85.32000732421875,True,,4,0.33805938883489905,0.3669248101356945,4,0.33805938883489905,0.3669248101356945
433,Merged4_normal_seq53_cube,minimum_aabb_volume,bottom_top,105x105x105,Merged4_normal_seq53_cube;Merged4_normal_seq53_cube_2000_0.2;Merged4_normal_seq53_cube_2000_0.3;Merged4_normal_seq53_cube_2000_0.4;Merged4_normal_seq53_cube_3000_0.2;Merged4_normal_seq53_cube_3000_0.3;Merged4_normal_seq53_cube_3000_0.4;Merged4_normal_seq53_cube_4000_0.2;Merged4_normal_seq53_cube_4000_0.3;Merged4_normal_seq53_cube_4000_0.4;Merged4_normal_seq53_cube_999999_1,geometry_only,Merged4_normal,53,cube,success,/mnt/scratch/pmywe/GPU/3D_irregular_packing_stream/hpc/results/all_instances_geometry/Merged4_normal_seq53_cube__minimum_aabb_volume__bottom_top__instance_size__rng42.json,93.81738448143005,91.52159476280212,True,,4,0.33805938883489905,0.3669248101356945,4,0.33805938883489905,0.3669248101356945
434,Merged4_normal_seq53_cube,minimum_aabb_volume,all,105x105x105,Merged4_normal_seq53_cube;Merged4_normal_seq53_cube_2000_0.2;Merged4_normal_seq53_cube_2000_0.3;Merged4_normal_seq53_cube_2000_0.4;Merged4_normal_seq53_cube_3000_0.2;Merged4_normal_seq53_cube_3000_0.3;Merged4_normal_seq53_cube_3000_0.4;Merged4_normal_seq53_cube_4000_0.2;Merged4_normal_seq53_cube_4000_0.3;Merged4_normal_seq53_cube_4000_0.4;Merged4_normal_seq53_cube_999999_1,geometry_only,Merged4_normal,53,cube,success,/mnt/scratch/pmywe/GPU/3D_irregular_packing_stream/hpc/results/all_instances_geometry/Merged4_normal_seq53_cube__minimum_aabb_volume__all__instance_size__rng42.json,129.16237998008728,126.80603837966919,True,,5,0.27044751106791926,0.30423690746139725,5,0.27044751106791926,0.30423690746139725
435,Merged4_normal_seq53_cube,minimum_aabb_edges_len,bottom,105x105x105,Merged4_normal_seq53_cube;Merged4_normal_seq53_cube_2000_0.2;Merged4_normal_seq53_cube_2000_0.3;Merged4_normal_seq53_cube_2000_0.4;Merged4_normal_seq53_cube_3000_0.2;Merged4_normal_seq53_cube_3000_0.3;Merged4_normal_seq53_cube_3000_0.4;Merged4_normal_seq53_cube_4000_0.2;Merged4_normal_seq53_cube_4000_0.3;Merged4_normal_seq53_cube_4000_0.4;Merged4_normal_seq53_cube_999999_1,geometry_only,Merged4_normal,53,cube,success,/mnt/scratch/pmywe/GPU/3D_irregular_packing_stream/hpc/results/all_instances_geometry/Merged4_normal_seq53_cube__minimum_aabb_edges_len__bottom__instance_size__rng42.json,97.35043907165527,95.04575538635254,True,,4,0.33805938883489905,0.37351070798689845,4,0.33805938883489905,0.37351070798689845
436,Merged4_normal_seq53_cube,minimum_aabb_edges_len,bottom_top,105x105x105,Merged4_normal_seq53_cube;Merged4_normal_seq53_cube_2000_0.2;Merged4_normal_seq53_cube_2000_0.3;Merged4_normal_seq53_cube_2000_0.4;Merged4_normal_seq53_cube_3000_0.2;Merged4_normal_seq53_cube_3000_0.3;Merged4_normal_seq53_cube_3000_0.4;Merged4_normal_seq53_cube_4000_0.2;Merged4_normal_seq53_cube_4000_0.3;Merged4_normal_seq53_cube_4000_0.4;Merged4_normal_seq53_cube_999999_1,geometry_only,Merged4_normal,53,cube,success,/mnt/scratch/pmywe/GPU/3D_irregular_packing_stream/hpc/results/all_instances_geometry/Merged4_normal_seq53_cube__minimum_aabb_edges_len__bottom_top__instance_size__rng42.json,105.14165830612183,102.87173986434937,True,,5,0.27044751106791926,0.3264381816218551,5,0.27044751106791926,0.3264381816218551
437,Merged4_normal_seq53_cube,minimum_aabb_edges_len,all,105x105x105,Merged4_normal_seq53_cube;Merged4_normal_seq53_cube_2000_0.2;Merged4_normal_seq53_cube_2000_0.3;Merged4_normal_seq53_cube_2000_0.4;Merged4_normal_seq53_cube_3000_0.2;Merged4_normal_seq53_cube_3000_0.3;Merged4_normal_seq53_cube_3000_0.4;Merged4_normal_seq53_cube_4000_0.2;Merged4_normal_seq53_cube_4000_0.3;Merged4_normal_seq53_cube_4000_0.4;Merged4_normal_seq53_cube_999999_1,geometry_only,Merged4_normal,53,cube,success,/mnt/scratch/pmywe/GPU/3D_irregular_packing_stream/hpc/results/all_instances_geometry/Merged4_normal_seq53_cube__minimum_aabb_edges_len__all__instance_size__rng42.json,132.64763355255127,128.6972417831421,True,,5,0.27044751106791926,0.31863254508152467,5,0.27044751106791926,0.31863254508152467
438,Merged4_normal_seq53_cube,maximal_residual_box,bottom,105x105x105,Merged4_normal_seq53_cube;Merged4_normal_seq53_cube_2000_0.2;Merged4_normal_seq53_cube_2000_0.3;Merged4_normal_seq53_cube_2000_0.4;Merged4_normal_seq53_cube_3000_0.2;Merged4_normal_seq53_cube_3000_0.3;Merged4_normal_seq53_cube_3000_0.4;Merged4_normal_seq53_cube_4000_0.2;Merged4_normal_seq53_cube_4000_0.3;Merged4_normal_seq53_cube_4000_0.4;Merged4_normal_seq53_cube_999999_1,geometry_only,Merged4_normal,53,cube,success,/mnt/scratch/pmywe/GPU/3D_irregular_packing_stream/hpc/results/all_instances_geometry/Merged4_normal_seq53_cube__maximal_residual_box__bottom__instance_size__rng42.json,97.7751395702362,95.39143323898315,True,,4,0.33805938883489905,0.3498743836158802,4,0.33805938883489905,0.3498743836158802
439,Merged4_normal_seq53_cube,maximal_residual_box,bottom_top,105x105x105,Merged4_normal_seq53_cube;Merged4_normal_seq53_cube_2000_0.2;Merged4_normal_seq53_cube_2000_0.3;Merged4_normal_seq53_cube_2000_0.4;Merged4_normal_seq53_cube_3000_0.2;Merged4_normal_seq53_cube_3000_0.3;Merged4_normal_seq53_cube_3000_0.4;Merged4_normal_seq53_cube_4000_0.2;Merged4_normal_seq53_cube_4000_0.3;Merged4_normal_seq53_cube_4000_0.4;Merged4_normal_seq53_cube_999999_1,geometry_only,Merged4_normal,53,cube,success,/mnt/scratch/pmywe/GPU/3D_irregular_packing_stream/hpc/results/all_instances_geometry/Merged4_normal_seq53_cube__maximal_residual_box__bottom_top__instance_size__rng42.json,99.62838983535767,97.33273243904114,True,,4,0.33805938883489905,0.3498743836158802,4,0.33805938883489905,0.3498743836158802
440,Merged4_normal_seq53_cube,maximal_residual_box,all,105x105x105,Merged4_normal_seq53_cube;Merged4_normal_seq53_cube_2000_0.2;Merged4_normal_seq53_cube_2000_0.3;Merged4_normal_seq53_cube_2000_0.4;Merged4_normal_seq53_cube_3000_0.2;Merged4_normal_seq53_cube_3000_0.3;Merged4_normal_seq53_cube_3000_0.4;Merged4_normal_seq53_cube_4000_0.2;Merged4_normal_seq53_cube_4000_0.3;Merged4_normal_seq53_cube_4000_0.4;Merged4_normal_seq53_cube_999999_1,geometry_only,Merged4_normal,53,cube,success,/mnt/scratch/pmywe/GPU/3D_irregular_packing_stream/hpc/results/all_instances_geometry/Merged4_normal_seq53_cube__maximal_residual_box__all__instance_size__rng42.json,122.2391893863678,119.90933775901794,True,,5,0.27044751106791926,0.31863254508152467,5,0.27044751106791926,0.31863254508152467
441,Merged4_normal_seq53_cube,overlap_distance,bottom,105x105x105,Merged4_normal_seq53_cube;Merged4_normal_seq53_cube_2000_0.2;Merged4_normal_seq53_cube_2000_0.3;Merged4_normal_seq53_cube_2000_0.4;Merged4_normal_seq53_cube_3000_0.2;Merged4_normal_seq53_cube_3000_0.3;Merged4_normal_seq53_cube_3000_0.4;Merged4_normal_seq53_cube_4000_0.2;Merged4_normal_seq53_cube_4000_0.3;Merged4_normal_seq53_cube_4000_0.4;Merged4_normal_seq53_cube_999999_1,geometry_only,Merged4_normal,53,cube,success,/mnt/scratch/pmywe/GPU/3D_irregular_packing_stream/hpc/results/all_instances_geometry/Merged4_normal_seq53_cube__overlap_distance__bottom__instance_size__rng42.json,281.99565148353577,279.6647539138794,True,,4,0.33805938883489905,0.3624512831587661,4,0.33805938883489905,0.3624512831587661
442,Merged4_normal_seq53_cube,overlap_distance,bottom_top,105x105x105,Merged4_normal_seq53_cube;Merged4_normal_seq53_cube_2000_0.2;Merged4_normal_seq53_cube_2000_0.3;Merged4_normal_seq53_cube_2000_0.4;Merged4_normal_seq53_cube_3000_0.2;Merged4_normal_seq53_cube_3000_0.3;Merged4_normal_seq53_cube_3000_0.4;Merged4_normal_seq53_cube_4000_0.2;Merged4_normal_seq53_cube_4000_0.3;Merged4_normal_seq53_cube_4000_0.4;Merged4_normal_seq53_cube_999999_1,geometry_only,Merged4_normal,53,cube,success,/mnt/scratch/pmywe/GPU/3D_irregular_packing_stream/hpc/results/all_instances_geometry/Merged4_normal_seq53_cube__overlap_distance__bottom_top__instance_size__rng42.json,340.52681159973145,338.22974824905396,True,,4,0.33805938883489905,0.37154893280063345,4,0.33805938883489905,0.37154893280063345
443,Merged4_normal_seq53_cube,overlap_distance,all,105x105x105,Merged4_normal_seq53_cube;Merged4_normal_seq53_cube_2000_0.2;Merged4_normal_seq53_cube_2000_0.3;Merged4_normal_seq53_cube_2000_0.4;Merged4_normal_seq53_cube_3000_0.2;Merged4_normal_seq53_cube_3000_0.3;Merged4_normal_seq53_cube_3000_0.4;Merged4_normal_seq53_cube_4000_0.2;Merged4_normal_seq53_cube_4000_0.3;Merged4_normal_seq53_cube_4000_0.4;Merged4_normal_seq53_cube_999999_1,geometry_only,Merged4_normal,53,cube,success,/mnt/scratch/pmywe/GPU/3D_irregular_packing_stream/hpc/results/all_instances_geometry/Merged4_normal_seq53_cube__overlap_distance__all__instance_size__rng42.json,526.2316257953644,523.8970513343811,True,,5,0.27044751106791926,0.29409027102904656,5,0.27044751106791926,0.29409027102904656
444,Merged4_normal_seq53_cylinder,minimum_aabb_volume,bottom,121x121x121,Merged4_normal_seq53_cylinder;Merged4_normal_seq53_cylinder_2000_0.2;Merged4_normal_seq53_cylinder_2000_0.3;Merged4_normal_seq53_cylinder_2000_0.4;Merged4_normal_seq53_cylinder_3000_0.2;Merged4_normal_seq53_cylinder_3000_0.3;Merged4_normal_seq53_cylinder_3000_0.4;Merged4_normal_seq53_cylinder_4000_0.2;Merged4_normal_seq53_cylinder_4000_0.3;Merged4_normal_seq53_cylinder_4000_0.4;Merged4_normal_seq53_cylinder_999999_1,geometry_only,Merged4_normal,53,cylinder,success,/mnt/scratch/pmywe/GPU/3D_irregular_packing_stream/hpc/results/all_instances_geometry/Merged4_normal_seq53_cylinder__minimum_aabb_volume__bottom__instance_size__rng42.json,421.60562467575073,419.0661609172821,True,,4,0.28126449096244893,0.3144727505581782,4,0.28126449096244893,0.3144727505581782
445,Merged4_normal_seq53_cylinder,minimum_aabb_volume,bottom_top,121x121x121,Merged4_normal_seq53_cylinder;Merged4_normal_seq53_cylinder_2000_0.2;Merged4_normal_seq53_cylinder_2000_0.3;Merged4_normal_seq53_cylinder_2000_0.4;Merged4_normal_seq53_cylinder_3000_0.2;Merged4_normal_seq53_cylinder_3000_0.3;Merged4_normal_seq53_cylinder_3000_0.4;Merged4_normal_seq53_cylinder_4000_0.2;Merged4_normal_seq53_cylinder_4000_0.3;Merged4_normal_seq53_cylinder_4000_0.4;Merged4_normal_seq53_cylinder_999999_1,geometry_only,Merged4_normal,53,cylinder,success,/mnt/scratch/pmywe/GPU/3D_irregular_packing_stream/hpc/results/all_instances_geometry/Merged4_normal_seq53_cylinder__minimum_aabb_volume__bottom_top__instance_size__rng42.json,449.7309367656708,447.18628549575806,True,,4,0.28126449096244893,0.30657412183659344,4,0.28126449096244893,0.30657412183659344
446,Merged4_normal_seq53_cylinder,minimum_aabb_volume,all,121x121x121,Merged4_normal_seq53_cylinder;Merged4_normal_seq53_cylinder_2000_0.2;Merged4_normal_seq53_cylinder_2000_0.3;Merged4_normal_seq53_cylinder_2000_0.4;Merged4_normal_seq53_cylinder_3000_0.2;Merged4_normal_seq53_cylinder_3000_0.3;Merged4_normal_seq53_cylinder_3000_0.4;Merged4_normal_seq53_cylinder_4000_0.2;Merged4_normal_seq53_cylinder_4000_0.3;Merged4_normal_seq53_cylinder_4000_0.4;Merged4_normal_seq53_cylinder_999999_1,geometry_only,Merged4_normal,53,cylinder,success,/mnt/scratch/pmywe/GPU/3D_irregular_packing_stream/hpc/results/all_instances_geometry/Merged4_normal_seq53_cylinder__minimum_aabb_volume__all__instance_size__rng42.json,497.4499440193176,494.901828289032,True,,5,0.22501159276995913,0.27477022261593026,5,0.22501159276995913,0.27477022261593026
447,Merged4_normal_seq53_cylinder,minimum_aabb_edges_len,bottom,121x121x121,Merged4_normal_seq53_cylinder;Merged4_normal_seq53_cylinder_2000_0.2;Merged4_normal_seq53_cylinder_2000_0.3;Merged4_normal_seq53_cylinder_2000_0.4;Merged4_normal_seq53_cylinder_3000_0.2;Merged4_normal_seq53_cylinder_3000_0.3;Merged4_normal_seq53_cylinder_3000_0.4;Merged4_normal_seq53_cylinder_4000_0.2;Merged4_normal_seq53_cylinder_4000_0.3;Merged4_normal_seq53_cylinder_4000_0.4;Merged4_normal_seq53_cylinder_999999_1,geometry_only,Merged4_normal,53,cylinder,success,/mnt/scratch/pmywe/GPU/3D_irregular_packing_stream/hpc/results/all_instances_geometry/Merged4_normal_seq53_cylinder__minimum_aabb_edges_len__bottom__instance_size__rng42.json,440.03650522232056,437.4382424354553,True,,4,0.28126449096244893,0.30122907162709156,4,0.28126449096244893,0.30122907162709156
448,Merged4_normal_seq53_cylinder,minimum_aabb_edges_len,bottom_top,121x121x121,Merged4_normal_seq53_cylinder;Merged4_normal_seq53_cylinder_2000_0.2;Merged4_normal_seq53_cylinder_2000_0.3;Merged4_normal_seq53_cylinder_2000_0.4;Merged4_normal_seq53_cylinder_3000_0.2;Merged4_normal_seq53_cylinder_3000_0.3;Merged4_normal_seq53_cylinder_3000_0.4;Merged4_normal_seq53_cylinder_4000_0.2;Merged4_normal_seq53_cylinder_4000_0.3;Merged4_normal_seq53_cylinder_4000_0.4;Merged4_normal_seq53_cylinder_999999_1,geometry_only,Merged4_normal,53,cylinder,success,/mnt/scratch/pmywe/GPU/3D_irregular_packing_stream/hpc/results/all_instances_geometry/Merged4_normal_seq53_cylinder__minimum_aabb_edges_len__bottom_top__instance_size__rng42.json,459.90893745422363,457.2942707538605,True,,4,0.28126449096244893,0.30250071012433666,4,0.28126449096244893,0.30250071012433666
449,Merged4_normal_seq53_cylinder,minimum_aabb_edges_len,all,121x121x121,Merged4_normal_seq53_cylinder;Merged4_normal_seq53_cylinder_2000_0.2;Merged4_normal_seq53_cylinder_2000_0.3;Merged4_normal_seq53_cylinder_2000_0.4;Merged4_normal_seq53_cylinder_3000_0.2;Merged4_normal_seq53_cylinder_3000_0.3;Merged4_normal_seq53_cylinder_3000_0.4;Merged4_normal_seq53_cylinder_4000_0.2;Merged4_normal_seq53_cylinder_4000_0.3;Merged4_normal_seq53_cylinder_4000_0.4;Merged4_normal_seq53_cylinder_999999_1,geometry_only,Merged4_normal,53,cylinder,success,/mnt/scratch/pmywe/GPU/3D_irregular_packing_stream/hpc/results/all_instances_geometry/Merged4_normal_seq53_cylinder__minimum_aabb_edges_len__all__instance_size__rng42.json,513.2103846073151,510.6126868724823,True,,4,0.28126449096244893,0.3075163513410518,4,0.28126449096244893,0.3075163513410518
450,Merged4_normal_seq53_cylinder,maximal_residual_box,bottom,121x121x121,Merged4_normal_seq53_cylinder;Merged4_normal_seq53_cylinder_2000_0.2;Merged4_normal_seq53_cylinder_2000_0.3;Merged4_normal_seq53_cylinder_2000_0.4;Merged4_normal_seq53_cylinder_3000_0.2;Merged4_normal_seq53_cylinder_3000_0.3;Merged4_normal_seq53_cylinder_3000_0.4;Merged4_normal_seq53_cylinder_4000_0.2;Merged4_normal_seq53_cylinder_4000_0.3;Merged4_normal_seq53_cylinder_4000_0.4;Merged4_normal_seq53_cylinder_999999_1,geometry_only,Merged4_normal,53,cylinder,success,/mnt/scratch/pmywe/GPU/3D_irregular_packing_stream/hpc/results/all_instances_geometry/Merged4_normal_seq53_cylinder__maximal_residual_box__bottom__instance_size__rng42.json,434.0034966468811,431.4347927570343,True,,4,0.28126449096244893,0.31541498006263663,4,0.28126449096244893,0.31541498006263663
451,Merged4_normal_seq53_cylinder,maximal_residual_box,bottom_top,121x121x121,Merged4_normal_seq53_cylinder;Merged4_normal_seq53_cylinder_2000_0.2;Merged4_normal_seq53_cylinder_2000_0.3;Merged4_normal_seq53_cylinder_2000_0.4;Merged4_normal_seq53_cylinder_3000_0.2;Merged4_normal_seq53_cylinder_3000_0.3;Merged4_normal_seq53_cylinder_3000_0.4;Merged4_normal_seq53_cylinder_4000_0.2;Merged4_normal_seq53_cylinder_4000_0.3;Merged4_normal_seq53_cylinder_4000_0.4;Merged4_normal_seq53_cylinder_999999_1,geometry_only,Merged4_normal,53,cylinder,success,/mnt/scratch/pmywe/GPU/3D_irregular_packing_stream/hpc/results/all_instances_geometry/Merged4_normal_seq53_cylinder__maximal_residual_box__bottom_top__instance_size__rng42.json,447.64471411705017,445.0656645298004,True,,4,0.28126449096244893,0.31541498006263663,4,0.28126449096244893,0.31541498006263663
452,Merged4_normal_seq53_cylinder,maximal_residual_box,all,121x121x121,Merged4_normal_seq53_cylinder;Merged4_normal_seq53_cylinder_2000_0.2;Merged4_normal_seq53_cylinder_2000_0.3;Merged4_normal_seq53_cylinder_2000_0.4;Merged4_normal_seq53_cylinder_3000_0.2;Merged4_normal_seq53_cylinder_3000_0.3;Merged4_normal_seq53_cylinder_3000_0.4;Merged4_normal_seq53_cylinder_4000_0.2;Merged4_normal_seq53_cylinder_4000_0.3;Merged4_normal_seq53_cylinder_4000_0.4;Merged4_normal_seq53_cylinder_999999_1,geometry_only,Merged4_normal,53,cylinder,success,/mnt/scratch/pmywe/GPU/3D_irregular_packing_stream/hpc/results/all_instances_geometry/Merged4_normal_seq53_cylinder__maximal_residual_box__all__instance_size__rng42.json,538.6664974689484,536.1509206295013,True,,5,0.22501159276995913,0.2630597329223614,5,0.22501159276995913,0.2630597329223614
453,Merged4_normal_seq53_cylinder,overlap_distance,bottom,121x121x121,Merged4_normal_seq53_cylinder;Merged4_normal_seq53_cylinder_2000_0.2;Merged4_normal_seq53_cylinder_2000_0.3;Merged4_normal_seq53_cylinder_2000_0.4;Merged4_normal_seq53_cylinder_3000_0.2;Merged4_normal_seq53_cylinder_3000_0.3;Merged4_normal_seq53_cylinder_3000_0.4;Merged4_normal_seq53_cylinder_4000_0.2;Merged4_normal_seq53_cylinder_4000_0.3;Merged4_normal_seq53_cylinder_4000_0.4;Merged4_normal_seq53_cylinder_999999_1,geometry_only,Merged4_normal,53,cylinder,success,/mnt/scratch/pmywe/GPU/3D_irregular_packing_stream/hpc/results/all_instances_geometry/Merged4_normal_seq53_cylinder__overlap_distance__bottom__instance_size__rng42.json,790.0343554019928,787.4603245258331,True,,4,0.28126449096244893,0.2962342730157382,4,0.28126449096244893,0.2962342730157382
454,Merged4_normal_seq53_cylinder,overlap_distance,bottom_top,121x121x121,Merged4_normal_seq53_cylinder;Merged4_normal_seq53_cylinder_2000_0.2;Merged4_normal_seq53_cylinder_2000_0.3;Merged4_normal_seq53_cylinder_2000_0.4;Merged4_normal_seq53_cylinder_3000_0.2;Merged4_normal_seq53_cylinder_3000_0.3;Merged4_normal_seq53_cylinder_3000_0.4;Merged4_normal_seq53_cylinder_4000_0.2;Merged4_normal_seq53_cylinder_4000_0.3;Merged4_normal_seq53_cylinder_4000_0.4;Merged4_normal_seq53_cylinder_999999_1,geometry_only,Merged4_normal,53,cylinder,success,/mnt/scratch/pmywe/GPU/3D_irregular_packing_stream/hpc/results/all_instances_geometry/Merged4_normal_seq53_cylinder__overlap_distance__bottom_top__instance_size__rng42.json,840.4156103134155,837.9086127281189,True,,4,0.28126449096244893,0.3452668614845897,4,0.28126449096244893,0.3452668614845897
455,Merged4_normal_seq53_cylinder,overlap_distance,all,121x121x121,Merged4_normal_seq53_cylinder;Merged4_normal_seq53_cylinder_2000_0.2;Merged4_normal_seq53_cylinder_2000_0.3;Merged4_normal_seq53_cylinder_2000_0.4;Merged4_normal_seq53_cylinder_3000_0.2;Merged4_normal_seq53_cylinder_3000_0.3;Merged4_normal_seq53_cylinder_3000_0.4;Merged4_normal_seq53_cylinder_4000_0.2;Merged4_normal_seq53_cylinder_4000_0.3;Merged4_normal_seq53_cylinder_4000_0.4;Merged4_normal_seq53_cylinder_999999_1,geometry_only,Merged4_normal,53,cylinder,success,/mnt/scratch/pmywe/GPU/3D_irregular_packing_stream/hpc/results/all_instances_geometry/Merged4_normal_seq53_cylinder__overlap_distance__all__instance_size__rng42.json,1258.3094670772552,1255.768959760666,True,,5,0.22501159276995913,0.257500506975004,5,0.22501159276995913,0.257500506975004
456,Merged4_normal_seq7_cube,minimum_aabb_volume,bottom,105x105x105,Merged4_normal_seq7_cube;Merged4_normal_seq7_cube_2000_0.2;Merged4_normal_seq7_cube_2000_0.3;Merged4_normal_seq7_cube_2000_0.4;Merged4_normal_seq7_cube_3000_0.2;Merged4_normal_seq7_cube_3000_0.3;Merged4_normal_seq7_cube_3000_0.4;Merged4_normal_seq7_cube_4000_0.2;Merged4_normal_seq7_cube_4000_0.3;Merged4_normal_seq7_cube_4000_0.4;Merged4_normal_seq7_cube_999999_1,geometry_only,Merged4_normal,7,cube,success,/mnt/scratch/pmywe/GPU/3D_irregular_packing_stream/hpc/results/all_instances_geometry/Merged4_normal_seq7_cube__minimum_aabb_volume__bottom__instance_size__rng42.json,96.82436895370483,92.81165742874146,True,,4,0.33805938883489905,0.35330756217831044,4,0.33805938883489905,0.35330756217831044
457,Merged4_normal_seq7_cube,minimum_aabb_volume,bottom_top,105x105x105,Merged4_normal_seq7_cube;Merged4_normal_seq7_cube_2000_0.2;Merged4_normal_seq7_cube_2000_0.3;Merged4_normal_seq7_cube_2000_0.4;Merged4_normal_seq7_cube_3000_0.2;Merged4_normal_seq7_cube_3000_0.3;Merged4_normal_seq7_cube_3000_0.4;Merged4_normal_seq7_cube_4000_0.2;Merged4_normal_seq7_cube_4000_0.3;Merged4_normal_seq7_cube_4000_0.4;Merged4_normal_seq7_cube_999999_1,geometry_only,Merged4_normal,7,cube,success,/mnt/scratch/pmywe/GPU/3D_irregular_packing_stream/hpc/results/all_instances_geometry/Merged4_normal_seq7_cube__minimum_aabb_volume__bottom_top__instance_size__rng42.json,95.97328448295593,93.59143877029419,True,,4,0.33805938883489905,0.35330756217831044,4,0.33805938883489905,0.35330756217831044
458,Merged4_normal_seq7_cube,minimum_aabb_volume,all,105x105x105,Merged4_normal_seq7_cube;Merged4_normal_seq7_cube_2000_0.2;Merged4_normal_seq7_cube_2000_0.3;Merged4_normal_seq7_cube_2000_0.4;Merged4_normal_seq7_cube_3000_0.2;Merged4_normal_seq7_cube_3000_0.3;Merged4_normal_seq7_cube_3000_0.4;Merged4_normal_seq7_cube_4000_0.2;Merged4_normal_seq7_cube_4000_0.3;Merged4_normal_seq7_cube_4000_0.4;Merged4_normal_seq7_cube_999999_1,geometry_only,Merged4_normal,7,cube,success,/mnt/scratch/pmywe/GPU/3D_irregular_packing_stream/hpc/results/all_instances_geometry/Merged4_normal_seq7_cube__minimum_aabb_volume__all__instance_size__rng42.json,112.17006063461304,109.76202344894409,True,,5,0.27044751106791926,0.32111802181189936,5,0.27044751106791926,0.32111802181189936
459,Merged4_normal_seq7_cube,minimum_aabb_edges_len,bottom,105x105x105,Merged4_normal_seq7_cube;Merged4_normal_seq7_cube_2000_0.2;Merged4_normal_seq7_cube_2000_0.3;Merged4_normal_seq7_cube_2000_0.4;Merged4_normal_seq7_cube_3000_0.2;Merged4_normal_seq7_cube_3000_0.3;Merged4_normal_seq7_cube_3000_0.4;Merged4_normal_seq7_cube_4000_0.2;Merged4_normal_seq7_cube_4000_0.3;Merged4_normal_seq7_cube_4000_0.4;Merged4_normal_seq7_cube_999999_1,geometry_only,Merged4_normal,7,cube,success,/mnt/scratch/pmywe/GPU/3D_irregular_packing_stream/hpc/results/all_instances_geometry/Merged4_normal_seq7_cube__minimum_aabb_edges_len__bottom__instance_size__rng42.json,89.33847284317017,86.97352385520935,True,,4,0.33805938883489905,0.3628011373861714,4,0.33805938883489905,0.3628011373861714
460,Merged4_normal_seq7_cube,minimum_aabb_edges_len,bottom_top,105x105x105,Merged4_normal_seq7_cube;Merged4_normal_seq7_cube_2000_0.2;Merged4_normal_seq7_cube_2000_0.3;Merged4_normal_seq7_cube_2000_0.4;Merged4_normal_seq7_cube_3000_0.2;Merged4_normal_seq7_cube_3000_0.3;Merged4_normal_seq7_cube_3000_0.4;Merged4_normal_seq7_cube_4000_0.2;Merged4_normal_seq7_cube_4000_0.3;Merged4_normal_seq7_cube_4000_0.4;Merged4_normal_seq7_cube_999999_1,geometry_only,Merged4_normal,7,cube,success,/mnt/scratch/pmywe/GPU/3D_irregular_packing_stream/hpc/results/all_instances_geometry/Merged4_normal_seq7_cube__minimum_aabb_edges_len__bottom_top__instance_size__rng42.json,97.69880390167236,95.30333423614502,True,,4,0.33805938883489905,0.3833431954792499,4,0.33805938883489905,0.3833431954792499
461,Merged4_normal_seq7_cube,minimum_aabb_edges_len,all,105x105x105,Merged4_normal_seq7_cube;Merged4_normal_seq7_cube_2000_0.2;Merged4_normal_seq7_cube_2000_0.3;Merged4_normal_seq7_cube_2000_0.4;Merged4_normal_seq7_cube_3000_0.2;Merged4_normal_seq7_cube_3000_0.3;Merged4_normal_seq7_cube_3000_0.4;Merged4_normal_seq7_cube_4000_0.2;Merged4_normal_seq7_cube_4000_0.3;Merged4_normal_seq7_cube_4000_0.4;Merged4_normal_seq7_cube_999999_1,geometry_only,Merged4_normal,7,cube,success,/mnt/scratch/pmywe/GPU/3D_irregular_packing_stream/hpc/results/all_instances_geometry/Merged4_normal_seq7_cube__minimum_aabb_edges_len__all__instance_size__rng42.json,125.75154519081116,123.42619013786316,True,,5,0.27044751106791926,0.3224481157542382,5,0.27044751106791926,0.3224481157542382
462,Merged4_normal_seq7_cube,maximal_residual_box,bottom,105x105x105,Merged4_normal_seq7_cube;Merged4_normal_seq7_cube_2000_0.2;Merged4_normal_seq7_cube_2000_0.3;Merged4_normal_seq7_cube_2000_0.4;Merged4_normal_seq7_cube_3000_0.2;Merged4_normal_seq7_cube_3000_0.3;Merged4_normal_seq7_cube_3000_0.4;Merged4_normal_seq7_cube_4000_0.2;Merged4_normal_seq7_cube_4000_0.3;Merged4_normal_seq7_cube_4000_0.4;Merged4_normal_seq7_cube_999999_1,geometry_only,Merged4_normal,7,cube,success,/mnt/scratch/pmywe/GPU/3D_irregular_packing_stream/hpc/results/all_instances_geometry/Merged4_normal_seq7_cube__maximal_residual_box__bottom__instance_size__rng42.json,92.39800024032593,89.99446630477905,True,,4,0.33805938883489905,0.35869848468487925,4,0.33805938883489905,0.35869848468487925
463,Merged4_normal_seq7_cube,maximal_residual_box,bottom_top,105x105x105,Merged4_normal_seq7_cube;Merged4_normal_seq7_cube_2000_0.2;Merged4_normal_seq7_cube_2000_0.3;Merged4_normal_seq7_cube_2000_0.4;Merged4_normal_seq7_cube_3000_0.2;Merged4_normal_seq7_cube_3000_0.3;Merged4_normal_seq7_cube_3000_0.4;Merged4_normal_seq7_cube_4000_0.2;Merged4_normal_seq7_cube_4000_0.3;Merged4_normal_seq7_cube_4000_0.4;Merged4_normal_seq7_cube_999999_1,geometry_only,Merged4_normal,7,cube,success,/mnt/scratch/pmywe/GPU/3D_irregular_packing_stream/hpc/results/all_instances_geometry/Merged4_normal_seq7_cube__maximal_residual_box__bottom_top__instance_size__rng42.json,94.81795716285706,92.44969391822815,True,,4,0.33805938883489905,0.35869848468487925,4,0.33805938883489905,0.35869848468487925
464,Merged4_normal_seq7_cube,maximal_residual_box,all,105x105x105,Merged4_normal_seq7_cube;Merged4_normal_seq7_cube_2000_0.2;Merged4_normal_seq7_cube_2000_0.3;Merged4_normal_seq7_cube_2000_0.4;Merged4_normal_seq7_cube_3000_0.2;Merged4_normal_seq7_cube_3000_0.3;Merged4_normal_seq7_cube_3000_0.4;Merged4_normal_seq7_cube_4000_0.2;Merged4_normal_seq7_cube_4000_0.3;Merged4_normal_seq7_cube_4000_0.4;Merged4_normal_seq7_cube_999999_1,geometry_only,Merged4_normal,7,cube,success,/mnt/scratch/pmywe/GPU/3D_irregular_packing_stream/hpc/results/all_instances_geometry/Merged4_normal_seq7_cube__maximal_residual_box__all__instance_size__rng42.json,118.49768400192261,116.16133689880371,True,,5,0.27044751106791926,0.3035086923658352,5,0.27044751106791926,0.3035086923658352
465,Merged4_normal_seq7_cube,overlap_distance,bottom,105x105x105,Merged4_normal_seq7_cube;Merged4_normal_seq7_cube_2000_0.2;Merged4_normal_seq7_cube_2000_0.3;Merged4_normal_seq7_cube_2000_0.4;Merged4_normal_seq7_cube_3000_0.2;Merged4_normal_seq7_cube_3000_0.3;Merged4_normal_seq7_cube_3000_0.4;Merged4_normal_seq7_cube_4000_0.2;Merged4_normal_seq7_cube_4000_0.3;Merged4_normal_seq7_cube_4000_0.4;Merged4_normal_seq7_cube_999999_1,geometry_only,Merged4_normal,7,cube,success,/mnt/scratch/pmywe/GPU/3D_irregular_packing_stream/hpc/results/all_instances_geometry/Merged4_normal_seq7_cube__overlap_distance__bottom__instance_size__rng42.json,282.696905374527,280.2815194129944,True,,5,0.27044751106791926,0.32111802181189936,5,0.27044751106791926,0.32111802181189936
466,Merged4_normal_seq7_cube,overlap_distance,bottom_top,105x105x105,Merged4_normal_seq7_cube;Merged4_normal_seq7_cube_2000_0.2;Merged4_normal_seq7_cube_2000_0.3;Merged4_normal_seq7_cube_2000_0.4;Merged4_normal_seq7_cube_3000_0.2;Merged4_normal_seq7_cube_3000_0.3;Merged4_normal_seq7_cube_3000_0.4;Merged4_normal_seq7_cube_4000_0.2;Merged4_normal_seq7_cube_4000_0.3;Merged4_normal_seq7_cube_4000_0.4;Merged4_normal_seq7_cube_999999_1,geometry_only,Merged4_normal,7,cube,success,/mnt/scratch/pmywe/GPU/3D_irregular_packing_stream/hpc/results/all_instances_geometry/Merged4_normal_seq7_cube__overlap_distance__bottom_top__instance_size__rng42.json,298.7889528274536,296.4542999267578,True,,5,0.27044751106791926,0.33025375229456866,5,0.27044751106791926,0.33025375229456866
467,Merged4_normal_seq7_cube,overlap_distance,all,105x105x105,Merged4_normal_seq7_cube;Merged4_normal_seq7_cube_2000_0.2;Merged4_normal_seq7_cube_2000_0.3;Merged4_normal_seq7_cube_2000_0.4;Merged4_normal_seq7_cube_3000_0.2;Merged4_normal_seq7_cube_3000_0.3;Merged4_normal_seq7_cube_3000_0.4;Merged4_normal_seq7_cube_4000_0.2;Merged4_normal_seq7_cube_4000_0.3;Merged4_normal_seq7_cube_4000_0.4;Merged4_normal_seq7_cube_999999_1,geometry_only,Merged4_normal,7,cube,success,/mnt/scratch/pmywe/GPU/3D_irregular_packing_stream/hpc/results/all_instances_geometry/Merged4_normal_seq7_cube__overlap_distance__all__instance_size__rng42.json,551.9278507232666,548.3897051811218,True,,5,0.27044751106791926,0.2942505129035741,5,0.27044751106791926,0.2942505129035741
468,Merged4_normal_seq7_cylinder,minimum_aabb_volume,bottom,121x121x121,Merged4_normal_seq7_cylinder;Merged4_normal_seq7_cylinder_2000_0.2;Merged4_normal_seq7_cylinder_2000_0.3;Merged4_normal_seq7_cylinder_2000_0.4;Merged4_normal_seq7_cylinder_3000_0.2;Merged4_normal_seq7_cylinder_3000_0.3;Merged4_normal_seq7_cylinder_3000_0.4;Merged4_normal_seq7_cylinder_4000_0.2;Merged4_normal_seq7_cylinder_4000_0.3;Merged4_normal_seq7_cylinder_4000_0.4;Merged4_normal_seq7_cylinder_999999_1,geometry_only,Merged4_normal,7,cylinder,success,/mnt/scratch/pmywe/GPU/3D_irregular_packing_stream/hpc/results/all_instances_geometry/Merged4_normal_seq7_cylinder__minimum_aabb_volume__bottom__instance_size__rng42.json,434.57409501075745,431.94564414024353,True,,4,0.28126449096244893,0.2875165538604531,4,0.28126449096244893,0.2875165538604531
469,Merged4_normal_seq7_cylinder,minimum_aabb_volume,bottom_top,121x121x121,Merged4_normal_seq7_cylinder;Merged4_normal_seq7_cylinder_2000_0.2;Merged4_normal_seq7_cylinder_2000_0.3;Merged4_normal_seq7_cylinder_2000_0.4;Merged4_normal_seq7_cylinder_3000_0.2;Merged4_normal_seq7_cylinder_3000_0.3;Merged4_normal_seq7_cylinder_3000_0.4;Merged4_normal_seq7_cylinder_4000_0.2;Merged4_normal_seq7_cylinder_4000_0.3;Merged4_normal_seq7_cylinder_4000_0.4;Merged4_normal_seq7_cylinder_999999_1,geometry_only,Merged4_normal,7,cylinder,success,/mnt/scratch/pmywe/GPU/3D_irregular_packing_stream/hpc/results/all_instances_geometry/Merged4_normal_seq7_cylinder__minimum_aabb_volume__bottom_top__instance_size__rng42.json,450.47983479499817,447.8670766353607,True,,4,0.28126449096244893,0.2875165538604531,4,0.28126449096244893,0.2875165538604531
470,Merged4_normal_seq7_cylinder,minimum_aabb_volume,all,121x121x121,Merged4_normal_seq7_cylinder;Merged4_normal_seq7_cylinder_2000_0.2;Merged4_normal_seq7_cylinder_2000_0.3;Merged4_normal_seq7_cylinder_2000_0.4;Merged4_normal_seq7_cylinder_3000_0.2;Merged4_normal_seq7_cylinder_3000_0.3;Merged4_normal_seq7_cylinder_3000_0.4;Merged4_normal_seq7_cylinder_4000_0.2;Merged4_normal_seq7_cylinder_4000_0.3;Merged4_normal_seq7_cylinder_4000_0.4;Merged4_normal_seq7_cylinder_999999_1,geometry_only,Merged4_normal,7,cylinder,success,/mnt/scratch/pmywe/GPU/3D_irregular_packing_stream/hpc/results/all_instances_geometry/Merged4_normal_seq7_cylinder__minimum_aabb_volume__all__instance_size__rng42.json,492.371132850647,490.03625869750977,True,,5,0.22501159276995913,0.27477022261593026,5,0.22501159276995913,0.27477022261593026
471,Merged4_normal_seq7_cylinder,minimum_aabb_edges_len,bottom,121x121x121,Merged4_normal_seq7_cylinder;Merged4_normal_seq7_cylinder_2000_0.2;Merged4_normal_seq7_cylinder_2000_0.3;Merged4_normal_seq7_cylinder_2000_0.4;Merged4_normal_seq7_cylinder_3000_0.2;Merged4_normal_seq7_cylinder_3000_0.3;Merged4_normal_seq7_cylinder_3000_0.4;Merged4_normal_seq7_cylinder_4000_0.2;Merged4_normal_seq7_cylinder_4000_0.3;Merged4_normal_seq7_cylinder_4000_0.4;Merged4_normal_seq7_cylinder_999999_1,geometry_only,Merged4_normal,7,cylinder,success,/mnt/scratch/pmywe/GPU/3D_irregular_packing_stream/hpc/results/all_instances_geometry/Merged4_normal_seq7_cylinder__minimum_aabb_edges_len__bottom__instance_size__rng42.json,446.5953631401062,444.02397322654724,True,,4,0.28126449096244893,0.2866287067860766,4,0.28126449096244893,0.2866287067860766
472,Merged4_normal_seq7_cylinder,minimum_aabb_edges_len,bottom_top,121x121x121,Merged4_normal_seq7_cylinder;Merged4_normal_seq7_cylinder_2000_0.2;Merged4_normal_seq7_cylinder_2000_0.3;Merged4_normal_seq7_cylinder_2000_0.4;Merged4_normal_seq7_cylinder_3000_0.2;Merged4_normal_seq7_cylinder_3000_0.3;Merged4_normal_seq7_cylinder_3000_0.4;Merged4_normal_seq7_cylinder_4000_0.2;Merged4_normal_seq7_cylinder_4000_0.3;Merged4_normal_seq7_cylinder_4000_0.4;Merged4_normal_seq7_cylinder_999999_1,geometry_only,Merged4_normal,7,cylinder,success,/mnt/scratch/pmywe/GPU/3D_irregular_packing_stream/hpc/results/all_instances_geometry/Merged4_normal_seq7_cylinder__minimum_aabb_edges_len__bottom_top__instance_size__rng42.json,446.67249846458435,444.13474678993225,True,,4,0.28126449096244893,0.3197008905215129,4,0.28126449096244893,0.3197008905215129
473,Merged4_normal_seq7_cylinder,minimum_aabb_edges_len,all,121x121x121,Merged4_normal_seq7_cylinder;Merged4_normal_seq7_cylinder_2000_0.2;Merged4_normal_seq7_cylinder_2000_0.3;Merged4_normal_seq7_cylinder_2000_0.4;Merged4_normal_seq7_cylinder_3000_0.2;Merged4_normal_seq7_cylinder_3000_0.3;Merged4_normal_seq7_cylinder_3000_0.4;Merged4_normal_seq7_cylinder_4000_0.2;Merged4_normal_seq7_cylinder_4000_0.3;Merged4_normal_seq7_cylinder_4000_0.4;Merged4_normal_seq7_cylinder_999999_1,geometry_only,Merged4_normal,7,cylinder,success,/mnt/scratch/pmywe/GPU/3D_irregular_packing_stream/hpc/results/all_instances_geometry/Merged4_normal_seq7_cylinder__minimum_aabb_edges_len__all__instance_size__rng42.json,518.6599881649017,516.0561232566833,True,,5,0.22501159276995913,0.27477022261593026,5,0.22501159276995913,0.27477022261593026
474,Merged4_normal_seq7_cylinder,maximal_residual_box,bottom,121x121x121,Merged4_normal_seq7_cylinder;Merged4_normal_seq7_cylinder_2000_0.2;Merged4_normal_seq7_cylinder_2000_0.3;Merged4_normal_seq7_cylinder_2000_0.4;Merged4_normal_seq7_cylinder_3000_0.2;Merged4_normal_seq7_cylinder_3000_0.3;Merged4_normal_seq7_cylinder_3000_0.4;Merged4_normal_seq7_cylinder_4000_0.2;Merged4_normal_seq7_cylinder_4000_0.3;Merged4_normal_seq7_cylinder_4000_0.4;Merged4_normal_seq7_cylinder_999999_1,geometry_only,Merged4_normal,7,cylinder,success,/mnt/scratch/pmywe/GPU/3D_irregular_packing_stream/hpc/results/all_instances_geometry/Merged4_normal_seq7_cylinder__maximal_residual_box__bottom__instance_size__rng42.json,421.7911515235901,419.2061038017273,True,,4,0.28126449096244893,0.2977945935757528,4,0.28126449096244893,0.2977945935757528
475,Merged4_normal_seq7_cylinder,maximal_residual_box,bottom_top,121x121x121,Merged4_normal_seq7_cylinder;Merged4_normal_seq7_cylinder_2000_0.2;Merged4_normal_seq7_cylinder_2000_0.3;Merged4_normal_seq7_cylinder_2000_0.4;Merged4_normal_seq7_cylinder_3000_0.2;Merged4_normal_seq7_cylinder_3000_0.3;Merged4_normal_seq7_cylinder_3000_0.4;Merged4_normal_seq7_cylinder_4000_0.2;Merged4_normal_seq7_cylinder_4000_0.3;Merged4_normal_seq7_cylinder_4000_0.4;Merged4_normal_seq7_cylinder_999999_1,geometry_only,Merged4_normal,7,cylinder,success,/mnt/scratch/pmywe/GPU/3D_irregular_packing_stream/hpc/results/all_instances_geometry/Merged4_normal_seq7_cylinder__maximal_residual_box__bottom_top__instance_size__rng42.json,430.4862823486328,427.80569529533386,True,,4,0.28126449096244893,0.2980753698226954,4,0.28126449096244893,0.2980753698226954
476,Merged4_normal_seq7_cylinder,maximal_residual_box,all,121x121x121,Merged4_normal_seq7_cylinder;Merged4_normal_seq7_cylinder_2000_0.2;Merged4_normal_seq7_cylinder_2000_0.3;Merged4_normal_seq7_cylinder_2000_0.4;Merged4_normal_seq7_cylinder_3000_0.2;Merged4_normal_seq7_cylinder_3000_0.3;Merged4_normal_seq7_cylinder_3000_0.4;Merged4_normal_seq7_cylinder_4000_0.2;Merged4_normal_seq7_cylinder_4000_0.3;Merged4_normal_seq7_cylinder_4000_0.4;Merged4_normal_seq7_cylinder_999999_1,geometry_only,Merged4_normal,7,cylinder,success,/mnt/scratch/pmywe/GPU/3D_irregular_packing_stream/hpc/results/all_instances_geometry/Merged4_normal_seq7_cylinder__maximal_residual_box__all__instance_size__rng42.json,538.0554854869843,535.769368648529,True,,5,0.22501159276995913,0.261245348190092,5,0.22501159276995913,0.261245348190092
477,Merged4_normal_seq7_cylinder,overlap_distance,bottom,121x121x121,Merged4_normal_seq7_cylinder;Merged4_normal_seq7_cylinder_2000_0.2;Merged4_normal_seq7_cylinder_2000_0.3;Merged4_normal_seq7_cylinder_2000_0.4;Merged4_normal_seq7_cylinder_3000_0.2;Merged4_normal_seq7_cylinder_3000_0.3;Merged4_normal_seq7_cylinder_3000_0.4;Merged4_normal_seq7_cylinder_4000_0.2;Merged4_normal_seq7_cylinder_4000_0.3;Merged4_normal_seq7_cylinder_4000_0.4;Merged4_normal_seq7_cylinder_999999_1,geometry_only,Merged4_normal,7,cylinder,success,/mnt/scratch/pmywe/GPU/3D_irregular_packing_stream/hpc/results/all_instances_geometry/Merged4_normal_seq7_cylinder__overlap_distance__bottom__instance_size__rng42.json,656.7559585571289,654.1810076236725,True,,4,0.28126449096244893,0.2977945935757528,4,0.28126449096244893,0.2977945935757528
478,Merged4_normal_seq7_cylinder,overlap_distance,bottom_top,121x121x121,Merged4_normal_seq7_cylinder;Merged4_normal_seq7_cylinder_2000_0.2;Merged4_normal_seq7_cylinder_2000_0.3;Merged4_normal_seq7_cylinder_2000_0.4;Merged4_normal_seq7_cylinder_3000_0.2;Merged4_normal_seq7_cylinder_3000_0.3;Merged4_normal_seq7_cylinder_3000_0.4;Merged4_normal_seq7_cylinder_4000_0.2;Merged4_normal_seq7_cylinder_4000_0.3;Merged4_normal_seq7_cylinder_4000_0.4;Merged4_normal_seq7_cylinder_999999_1,geometry_only,Merged4_normal,7,cylinder,success,/mnt/scratch/pmywe/GPU/3D_irregular_packing_stream/hpc/results/all_instances_geometry/Merged4_normal_seq7_cylinder__overlap_distance__bottom_top__instance_size__rng42.json,775.3630082607269,772.8416366577148,True,,4,0.28126449096244893,0.2858127307646718,4,0.28126449096244893,0.2858127307646718
479,Merged4_normal_seq7_cylinder,overlap_distance,all,121x121x121,Merged4_normal_seq7_cylinder;Merged4_normal_seq7_cylinder_2000_0.2;Merged4_normal_seq7_cylinder_2000_0.3;Merged4_normal_seq7_cylinder_2000_0.4;Merged4_normal_seq7_cylinder_3000_0.2;Merged4_normal_seq7_cylinder_3000_0.3;Merged4_normal_seq7_cylinder_3000_0.4;Merged4_normal_seq7_cylinder_4000_0.2;Merged4_normal_seq7_cylinder_4000_0.3;Merged4_normal_seq7_cylinder_4000_0.4;Merged4_normal_seq7_cylinder_999999_1,geometry_only,Merged4_normal,7,cylinder,success,/mnt/scratch/pmywe/GPU/3D_irregular_packing_stream/hpc/results/all_instances_geometry/Merged4_normal_seq7_cylinder__overlap_distance__all__instance_size__rng42.json,1218.385764837265,1215.780074596405,True,,5,0.22501159276995913,0.2513098938272906,5,0.22501159276995913,0.2513098938272906
480,Merged5_normal_seq13_cube,minimum_aabb_volume,bottom,105x105x105,Merged5_normal_seq13_cube;Merged5_normal_seq13_cube_999999_1,geometry_only,Merged5_normal,13,cube,success,/mnt/scratch/pmywe/GPU/3D_irregular_packing_stream/hpc/results/all_instances_geometry/Merged5_normal_seq13_cube__minimum_aabb_volume__bottom__instance_size__rng42.json,124.43407106399536,121.77954244613647,True,,5,0.33805938883489905,0.3650439477378253,5,0.33805938883489905,0.3650439477378253
481,Merged5_normal_seq13_cube,minimum_aabb_volume,bottom_top,105x105x105,Merged5_normal_seq13_cube;Merged5_normal_seq13_cube_999999_1,geometry_only,Merged5_normal,13,cube,success,/mnt/scratch/pmywe/GPU/3D_irregular_packing_stream/hpc/results/all_instances_geometry/Merged5_normal_seq13_cube__minimum_aabb_volume__bottom_top__instance_size__rng42.json,135.1768856048584,132.75492358207703,True,,5,0.33805938883489905,0.35481092754562144,5,0.33805938883489905,0.35481092754562144
482,Merged5_normal_seq13_cube,minimum_aabb_volume,all,105x105x105,Merged5_normal_seq13_cube;Merged5_normal_seq13_cube_999999_1,geometry_only,Merged5_normal,13,cube,success,/mnt/scratch/pmywe/GPU/3D_irregular_packing_stream/hpc/results/all_instances_geometry/Merged5_normal_seq13_cube__minimum_aabb_volume__all__instance_size__rng42.json,173.72575759887695,171.04513359069824,True,,6,0.28171615736241584,0.31001248245329877,6,0.28171615736241584,0.31001248245329877
483,Merged5_normal_seq13_cube,minimum_aabb_edges_len,bottom,105x105x105,Merged5_normal_seq13_cube;Merged5_normal_seq13_cube_999999_1,geometry_only,Merged5_normal,13,cube,success,/mnt/scratch/pmywe/GPU/3D_irregular_packing_stream/hpc/results/all_instances_geometry/Merged5_normal_seq13_cube__minimum_aabb_edges_len__bottom__instance_size__rng42.json,123.7250165939331,121.31644105911255,True,,5,0.33805938883489905,0.37166288737717307,5,0.33805938883489905,0.37166288737717307
484,Merged5_normal_seq13_cube,minimum_aabb_edges_len,bottom_top,105x105x105,Merged5_normal_seq13_cube;Merged5_normal_seq13_cube_999999_1,geometry_only,Merged5_normal,13,cube,success,/mnt/scratch/pmywe/GPU/3D_irregular_packing_stream/hpc/results/all_instances_geometry/Merged5_normal_seq13_cube__minimum_aabb_edges_len__bottom_top__instance_size__rng42.json,131.79532480239868,129.14481163024902,True,,5,0.33805938883489905,0.3896963610841162,5,0.33805938883489905,0.3896963610841162
485,Merged5_normal_seq13_cube,minimum_aabb_edges_len,all,105x105x105,Merged5_normal_seq13_cube;Merged5_normal_seq13_cube_999999_1,geometry_only,Merged5_normal,13,cube,success,/mnt/scratch/pmywe/GPU/3D_irregular_packing_stream/hpc/results/all_instances_geometry/Merged5_normal_seq13_cube__minimum_aabb_edges_len__all__instance_size__rng42.json,165.35266399383545,162.74255537986755,True,,5,0.33805938883489905,0.3625271568945038,5,0.33805938883489905,0.3625271568945038
486,Merged5_normal_seq13_cube,maximal_residual_box,bottom,105x105x105,Merged5_normal_seq13_cube;Merged5_normal_seq13_cube_999999_1,geometry_only,Merged5_normal,13,cube,success,/mnt/scratch/pmywe/GPU/3D_irregular_packing_stream/hpc/results/all_instances_geometry/Merged5_normal_seq13_cube__maximal_residual_box__bottom__instance_size__rng42.json,130.115394115448,127.7426769733429,True,,6,0.28171615736241584,0.3346520678112515,6,0.28171615736241584,0.3346520678112515
487,Merged5_normal_seq13_cube,maximal_residual_box,bottom_top,105x105x105,Merged5_normal_seq13_cube;Merged5_normal_seq13_cube_999999_1,geometry_only,Merged5_normal,13,cube,success,/mnt/scratch/pmywe/GPU/3D_irregular_packing_stream/hpc/results/all_instances_geometry/Merged5_normal_seq13_cube__maximal_residual_box__bottom_top__instance_size__rng42.json,134.49210119247437,131.84271454811096,True,,6,0.28171615736241584,0.3346520678112515,6,0.28171615736241584,0.3346520678112515
488,Merged5_normal_seq13_cube,maximal_residual_box,all,105x105x105,Merged5_normal_seq13_cube;Merged5_normal_seq13_cube_999999_1,geometry_only,Merged5_normal,13,cube,success,/mnt/scratch/pmywe/GPU/3D_irregular_packing_stream/hpc/results/all_instances_geometry/Merged5_normal_seq13_cube__maximal_residual_box__all__instance_size__rng42.json,175.80589747428894,173.18130946159363,True,,6,0.28171615736241584,0.3129167044595616,6,0.28171615736241584,0.3129167044595616
489,Merged5_normal_seq13_cube,overlap_distance,bottom,105x105x105,Merged5_normal_seq13_cube;Merged5_normal_seq13_cube_999999_1,geometry_only,Merged5_normal,13,cube,success,/mnt/scratch/pmywe/GPU/3D_irregular_packing_stream/hpc/results/all_instances_geometry/Merged5_normal_seq13_cube__overlap_distance__bottom__instance_size__rng42.json,439.14455819129944,436.73873591423035,True,,5,0.33805938883489905,0.37589439585357953,5,0.33805938883489905,0.37589439585357953
490,Merged5_normal_seq13_cube,overlap_distance,bottom_top,105x105x105,Merged5_normal_seq13_cube;Merged5_normal_seq13_cube_999999_1,geometry_only,Merged5_normal,13,cube,success,/mnt/scratch/pmywe/GPU/3D_irregular_packing_stream/hpc/results/all_instances_geometry/Merged5_normal_seq13_cube__overlap_distance__bottom_top__instance_size__rng42.json,403.5825226306915,400.9834599494934,True,,5,0.33805938883489905,0.37062844185293164,5,0.33805938883489905,0.37062844185293164
491,Merged5_normal_seq13_cube,overlap_distance,all,105x105x105,Merged5_normal_seq13_cube;Merged5_normal_seq13_cube_999999_1,geometry_only,Merged5_normal,13,cube,success,/mnt/scratch/pmywe/GPU/3D_irregular_packing_stream/hpc/results/all_instances_geometry/Merged5_normal_seq13_cube__overlap_distance__all__instance_size__rng42.json,721.367290019989,718.7960484027863,True,,6,0.28171615736241584,0.3233919447143937,6,0.28171615736241584,0.3233919447143937
492,Merged5_normal_seq13_cylinder,minimum_aabb_volume,bottom,121x121x121,Merged5_normal_seq13_cylinder;Merged5_normal_seq13_cylinder_999999_1,geometry_only,Merged5_normal,13,cylinder,success,/mnt/scratch/pmywe/GPU/3D_irregular_packing_stream/hpc/results/all_instances_geometry/Merged5_normal_seq13_cylinder__minimum_aabb_volume__bottom__instance_size__rng42.json,584.3925032615662,581.4273397922516,True,,5,0.28126449096244893,0.32422631126441726,5,0.28126449096244893,0.32422631126441726
493,Merged5_normal_seq13_cylinder,minimum_aabb_volume,bottom_top,121x121x121,Merged5_normal_seq13_cylinder;Merged5_normal_seq13_cylinder_999999_1,geometry_only,Merged5_normal,13,cylinder,success,/mnt/scratch/pmywe/GPU/3D_irregular_packing_stream/hpc/results/all_instances_geometry/Merged5_normal_seq13_cylinder__minimum_aabb_volume__bottom_top__instance_size__rng42.json,600.7769048213959,597.8764796257019,True,,5,0.28126449096244893,0.31424503910534635,5,0.28126449096244893,0.31424503910534635
494,Merged5_normal_seq13_cylinder,minimum_aabb_volume,all,121x121x121,Merged5_normal_seq13_cylinder;Merged5_normal_seq13_cylinder_999999_1,geometry_only,Merged5_normal,13,cylinder,success,/mnt/scratch/pmywe/GPU/3D_irregular_packing_stream/hpc/results/all_instances_geometry/Merged5_normal_seq13_cylinder__minimum_aabb_volume__all__instance_size__rng42.json,708.924578666687,705.9692277908325,True,,6,0.2343870758020408,0.27189609920759383,6,0.2343870758020408,0.27189609920759383
495,Merged5_normal_seq13_cylinder,minimum_aabb_edges_len,bottom,121x121x121,Merged5_normal_seq13_cylinder;Merged5_normal_seq13_cylinder_999999_1,geometry_only,Merged5_normal,13,cylinder,success,/mnt/scratch/pmywe/GPU/3D_irregular_packing_stream/hpc/results/all_instances_geometry/Merged5_normal_seq13_cylinder__minimum_aabb_edges_len__bottom__instance_size__rng42.json,573.4588425159454,570.7231891155243,True,,5,0.28126449096244893,0.3289236236090121,5,0.28126449096244893,0.3289236236090121
496,Merged5_normal_seq13_cylinder,minimum_aabb_edges_len,bottom_top,121x121x121,Merged5_normal_seq13_cylinder;Merged5_normal_seq13_cylinder_999999_1,geometry_only,Merged5_normal,13,cylinder,success,/mnt/scratch/pmywe/GPU/3D_irregular_packing_stream/hpc/results/all_instances_geometry/Merged5_normal_seq13_cylinder__minimum_aabb_edges_len__bottom_top__instance_size__rng42.json,538.9540257453918,536.0571045875549,True,,5,0.28126449096244893,0.3339461524683037,5,0.28126449096244893,0.3339461524683037
497,Merged5_normal_seq13_cylinder,minimum_aabb_edges_len,all,121x121x121,Merged5_normal_seq13_cylinder;Merged5_normal_seq13_cylinder_999999_1,geometry_only,Merged5_normal,13,cylinder,success,/mnt/scratch/pmywe/GPU/3D_irregular_packing_stream/hpc/results/all_instances_geometry/Merged5_normal_seq13_cylinder__minimum_aabb_edges_len__all__instance_size__rng42.json,685.4817390441895,682.5380351543427,True,,5,0.28126449096244893,0.31635247805610767,5,0.28126449096244893,0.31635247805610767
498,Merged5_normal_seq13_cylinder,maximal_residual_box,bottom,121x121x121,Merged5_normal_seq13_cylinder;Merged5_normal_seq13_cylinder_999999_1,geometry_only,Merged5_normal,13,cylinder,success,/mnt/scratch/pmywe/GPU/3D_irregular_packing_stream/hpc/results/all_instances_geometry/Merged5_normal_seq13_cylinder__maximal_residual_box__bottom__instance_size__rng42.json,584.857118844986,581.8674745559692,True,,5,0.28126449096244893,0.3213227207243624,5,0.28126449096244893,0.3213227207243624
499,Merged5_normal_seq13_cylinder,maximal_residual_box,bottom_top,121x121x121,Merged5_normal_seq13_cylinder;Merged5_normal_seq13_cylinder_999999_1,geometry_only,Merged5_normal,13,cylinder,success,/mnt/scratch/pmywe/GPU/3D_irregular_packing_stream/hpc/results/all_instances_geometry/Merged5_normal_seq13_cylinder__maximal_residual_box__bottom_top__instance_size__rng42.json,596.923862695694,593.9622204303741,True,,5,0.28126449096244893,0.3213227207243624,5,0.28126449096244893,0.3213227207243624
500,Merged5_normal_seq13_cylinder,maximal_residual_box,all,121x121x121,Merged5_normal_seq13_cylinder;Merged5_normal_seq13_cylinder_999999_1,geometry_only,Merged5_normal,13,cylinder,success,/mnt/scratch/pmywe/GPU/3D_irregular_packing_stream/hpc/results/all_instances_geometry/Merged5_normal_seq13_cylinder__maximal_residual_box__all__instance_size__rng42.json,729.2153706550598,726.5439932346344,True,,6,0.2343870758020408,0.2655036002720831,6,0.2343870758020408,0.2655036002720831
501,Merged5_normal_seq13_cylinder,overlap_distance,bottom,121x121x121,Merged5_normal_seq13_cylinder;Merged5_normal_seq13_cylinder_999999_1,geometry_only,Merged5_normal,13,cylinder,success,/mnt/scratch/pmywe/GPU/3D_irregular_packing_stream/hpc/results/all_instances_geometry/Merged5_normal_seq13_cylinder__overlap_distance__bottom__instance_size__rng42.json,1108.2263441085815,1105.3062229156494,True,,6,0.2343870758020408,0.27652531372949807,6,0.2343870758020408,0.27652531372949807
502,Merged5_normal_seq13_cylinder,overlap_distance,bottom_top,121x121x121,Merged5_normal_seq13_cylinder;Merged5_normal_seq13_cylinder_999999_1,geometry_only,Merged5_normal,13,cylinder,success,/mnt/scratch/pmywe/GPU/3D_irregular_packing_stream/hpc/results/all_instances_geometry/Merged5_normal_seq13_cylinder__overlap_distance__bottom_top__instance_size__rng42.json,1156.808036327362,1153.8396546840668,True,,5,0.28126449096244893,0.3051422108912215,5,0.28126449096244893,0.3051422108912215
503,Merged5_normal_seq13_cylinder,overlap_distance,all,121x121x121,Merged5_normal_seq13_cylinder;Merged5_normal_seq13_cylinder_999999_1,geometry_only,Merged5_normal,13,cylinder,success,/mnt/scratch/pmywe/GPU/3D_irregular_packing_stream/hpc/results/all_instances_geometry/Merged5_normal_seq13_cylinder__overlap_distance__all__instance_size__rng42.json,1904.054610967636,1901.1098239421844,True,,6,0.2343870758020408,0.26103437071409374,6,0.2343870758020408,0.26103437071409374
504,Merged5_normal_seq19_cube,minimum_aabb_volume,bottom,105x105x105,Merged5_normal_seq19_cube;Merged5_normal_seq19_cube_999999_1,geometry_only,Merged5_normal,19,cube,success,/mnt/scratch/pmywe/GPU/3D_irregular_packing_stream/hpc/results/all_instances_geometry/Merged5_normal_seq19_cube__minimum_aabb_volume__bottom__instance_size__rng42.json,119.25567984580994,116.5788791179657,True,,5,0.33805938883489905,0.36746830795810387,5,0.33805938883489905,0.36746830795810387
505,Merged5_normal_seq19_cube,minimum_aabb_volume,bottom_top,105x105x105,Merged5_normal_seq19_cube;Merged5_normal_seq19_cube_999999_1,geometry_only,Merged5_normal,19,cube,success,/mnt/scratch/pmywe/GPU/3D_irregular_packing_stream/hpc/results/all_instances_geometry/Merged5_normal_seq19_cube__minimum_aabb_volume__bottom_top__instance_size__rng42.json,123.22144269943237,120.65417337417603,True,,5,0.33805938883489905,0.36686448547673034,5,0.33805938883489905,0.36686448547673034
506,Merged5_normal_seq19_cube,minimum_aabb_volume,all,105x105x105,Merged5_normal_seq19_cube;Merged5_normal_seq19_cube_999999_1,geometry_only,Merged5_normal,19,cube,success,/mnt/scratch/pmywe/GPU/3D_irregular_packing_stream/hpc/results/all_instances_geometry/Merged5_normal_seq19_cube__minimum_aabb_volume__all__instance_size__rng42.json,165.45703673362732,162.76479172706604,True,,6,0.28171615736241584,0.31601701760069106,6,0.28171615736241584,0.31601701760069106
507,Merged5_normal_seq19_cube,minimum_aabb_edges_len,bottom,105x105x105,Merged5_normal_seq19_cube;Merged5_normal_seq19_cube_999999_1,geometry_only,Merged5_normal,19,cube,success,/mnt/scratch/pmywe/GPU/3D_irregular_packing_stream/hpc/results/all_instances_geometry/Merged5_normal_seq19_cube__minimum_aabb_edges_len__bottom__instance_size__rng42.json,121.9918224811554,119.44764685630798,True,,5,0.33805938883489905,0.3675499406111651,5,0.33805938883489905,0.3675499406111651
508,Merged5_normal_seq19_cube,minimum_aabb_edges_len,bottom_top,105x105x105,Merged5_normal_seq19_cube;Merged5_normal_seq19_cube_999999_1,geometry_only,Merged5_normal,19,cube,success,/mnt/scratch/pmywe/GPU/3D_irregular_packing_stream/hpc/results/all_instances_geometry/Merged5_normal_seq19_cube__minimum_aabb_edges_len__bottom_top__instance_size__rng42.json,124.96861863136292,122.41181111335754,True,,5,0.33805938883489905,0.3632091566785444,5,0.33805938883489905,0.3632091566785444
509,Merged5_normal_seq19_cube,minimum_aabb_edges_len,all,105x105x105,Merged5_normal_seq19_cube;Merged5_normal_seq19_cube_999999_1,geometry_only,Merged5_normal,19,cube,success,/mnt/scratch/pmywe/GPU/3D_irregular_packing_stream/hpc/results/all_instances_geometry/Merged5_normal_seq19_cube__minimum_aabb_edges_len__all__instance_size__rng42.json,155.34301090240479,152.73384881019592,True,,5,0.33805938883489905,0.35283230752618505,5,0.33805938883489905,0.35283230752618505
510,Merged5_normal_seq19_cube,maximal_residual_box,bottom,105x105x105,Merged5_normal_seq19_cube;Merged5_normal_seq19_cube_999999_1,geometry_only,Merged5_normal,19,cube,success,/mnt/scratch/pmywe/GPU/3D_irregular_packing_stream/hpc/results/all_instances_geometry/Merged5_normal_seq19_cube__maximal_residual_box__bottom__instance_size__rng42.json,123.01843214035034,120.65589165687561,True,,5,0.33805938883489905,0.36272843105496166,5,0.33805938883489905,0.36272843105496166
511,Merged5_normal_seq19_cube,maximal_residual_box,bottom_top,105x105x105,Merged5_normal_seq19_cube;Merged5_normal_seq19_cube_999999_1,geometry_only,Merged5_normal,19,cube,success,/mnt/scratch/pmywe/GPU/3D_irregular_packing_stream/hpc/results/all_instances_geometry/Merged5_normal_seq19_cube__maximal_residual_box__bottom_top__instance_size__rng42.json,122.42138624191284,119.79205346107483,True,,5,0.33805938883489905,0.38247575855739124,5,0.33805938883489905,0.38247575855739124
512,Merged5_normal_seq19_cube,maximal_residual_box,all,105x105x105,Merged5_normal_seq19_cube;Merged5_normal_seq19_cube_999999_1,geometry_only,Merged5_normal,19,cube,success,/mnt/scratch/pmywe/GPU/3D_irregular_packing_stream/hpc/results/all_instances_geometry/Merged5_normal_seq19_cube__maximal_residual_box__all__instance_size__rng42.json,159.89357948303223,157.19392228126526,True,,6,0.28171615736241584,0.31601701760069106,6,0.28171615736241584,0.31601701760069106
513,Merged5_normal_seq19_cube,overlap_distance,bottom,105x105x105,Merged5_normal_seq19_cube;Merged5_normal_seq19_cube_999999_1,geometry_only,Merged5_normal,19,cube,success,/mnt/scratch/pmywe/GPU/3D_irregular_packing_stream/hpc/results/all_instances_geometry/Merged5_normal_seq19_cube__overlap_distance__bottom__instance_size__rng42.json,401.88995838165283,399.46061420440674,True,,6,0.28171615736241584,0.33181487960263467,6,0.28171615736241584,0.33181487960263467
514,Merged5_normal_seq19_cube,overlap_distance,bottom_top,105x105x105,Merged5_normal_seq19_cube;Merged5_normal_seq19_cube_999999_1,geometry_only,Merged5_normal,19,cube,success,/mnt/scratch/pmywe/GPU/3D_irregular_packing_stream/hpc/results/all_instances_geometry/Merged5_normal_seq19_cube__overlap_distance__bottom_top__instance_size__rng42.json,402.1777741909027,399.62987303733826,True,,6,0.28171615736241584,0.31601701760069106,6,0.28171615736241584,0.31601701760069106
515,Merged5_normal_seq19_cube,overlap_distance,all,105x105x105,Merged5_normal_seq19_cube;Merged5_normal_seq19_cube_999999_1,geometry_only,Merged5_normal,19,cube,success,/mnt/scratch/pmywe/GPU/3D_irregular_packing_stream/hpc/results/all_instances_geometry/Merged5_normal_seq19_cube__overlap_distance__all__instance_size__rng42.json,661.2166848182678,658.5843231678009,True,,6,0.28171615736241584,0.31601701760069106,6,0.28171615736241584,0.31601701760069106
516,Merged5_normal_seq19_cylinder,minimum_aabb_volume,bottom,121x121x121,Merged5_normal_seq19_cylinder;Merged5_normal_seq19_cylinder_999999_1,geometry_only,Merged5_normal,19,cylinder,success,/mnt/scratch/pmywe/GPU/3D_irregular_packing_stream/hpc/results/all_instances_geometry/Merged5_normal_seq19_cylinder__minimum_aabb_volume__bottom__instance_size__rng42.json,562.948323726654,560.0938367843628,True,,5,0.28126449096244893,0.31861875203393636,5,0.28126449096244893,0.31861875203393636
517,Merged5_normal_seq19_cylinder,minimum_aabb_volume,bottom_top,121x121x121,Merged5_normal_seq19_cylinder;Merged5_normal_seq19_cylinder_999999_1,geometry_only,Merged5_normal,19,cylinder,success,/mnt/scratch/pmywe/GPU/3D_irregular_packing_stream/hpc/results/all_instances_geometry/Merged5_normal_seq19_cylinder__minimum_aabb_volume__bottom_top__instance_size__rng42.json,586.8213274478912,584.1664612293243,True,,5,0.28126449096244893,0.3122268999379023,5,0.28126449096244893,0.3122268999379023
518,Merged5_normal_seq19_cylinder,minimum_aabb_volume,all,121x121x121,Merged5_normal_seq19_cylinder;Merged5_normal_seq19_cylinder_999999_1,geometry_only,Merged5_normal,19,cylinder,success,/mnt/scratch/pmywe/GPU/3D_irregular_packing_stream/hpc/results/all_instances_geometry/Merged5_normal_seq19_cylinder__minimum_aabb_volume__all__instance_size__rng42.json,658.3281195163727,655.3674302101135,True,,6,0.2343870758020408,0.276069076285234,6,0.2343870758020408,0.276069076285234
519,Merged5_normal_seq19_cylinder,minimum_aabb_edges_len,bottom,121x121x121,Merged5_normal_seq19_cylinder;Merged5_normal_seq19_cylinder_999999_1,geometry_only,Merged5_normal,19,cylinder,success,/mnt/scratch/pmywe/GPU/3D_irregular_packing_stream/hpc/results/all_instances_geometry/Merged5_normal_seq19_cylinder__minimum_aabb_edges_len__bottom__instance_size__rng42.json,574.5609254837036,571.6068112850189,True,,5,0.28126449096244893,0.31172452127763045,5,0.28126449096244893,0.31172452127763045
520,Merged5_normal_seq19_cylinder,minimum_aabb_edges_len,bottom_top,121x121x121,Merged5_normal_seq19_cylinder;Merged5_normal_seq19_cylinder_999999_1,geometry_only,Merged5_normal,19,cylinder,success,/mnt/scratch/pmywe/GPU/3D_irregular_packing_stream/hpc/results/all_instances_geometry/Merged5_normal_seq19_cylinder__minimum_aabb_edges_len__bottom_top__instance_size__rng42.json,599.5126824378967,596.4912621974945,True,,5,0.28126449096244893,0.3182187896241491,5,0.28126449096244893,0.3182187896241491
521,Merged5_normal_seq19_cylinder,minimum_aabb_edges_len,all,121x121x121,Merged5_normal_seq19_cylinder;Merged5_normal_seq19_cylinder_999999_1,geometry_only,Merged5_normal,19,cylinder,success,/mnt/scratch/pmywe/GPU/3D_irregular_packing_stream/hpc/results/all_instances_geometry/Merged5_normal_seq19_cylinder__minimum_aabb_edges_len__all__instance_size__rng42.json,657.270530462265,654.3124055862427,True,,5,0.28126449096244893,0.301789066914829,5,0.28126449096244893,0.301789066914829
522,Merged5_normal_seq19_cylinder,maximal_residual_box,bottom,121x121x121,Merged5_normal_seq19_cylinder;Merged5_normal_seq19_cylinder_999999_1,geometry_only,Merged5_normal,19,cylinder,success,/mnt/scratch/pmywe/GPU/3D_irregular_packing_stream/hpc/results/all_instances_geometry/Merged5_normal_seq19_cylinder__maximal_residual_box__bottom__instance_size__rng42.json,606.3068723678589,603.617712020874,True,,5,0.28126449096244893,0.29529479856831037,5,0.28126449096244893,0.29529479856831037
523,Merged5_normal_seq19_cylinder,maximal_residual_box,bottom_top,121x121x121,Merged5_normal_seq19_cylinder;Merged5_normal_seq19_cylinder_999999_1,geometry_only,Merged5_normal,19,cylinder,success,/mnt/scratch/pmywe/GPU/3D_irregular_packing_stream/hpc/results/all_instances_geometry/Merged5_normal_seq19_cylinder__maximal_residual_box__bottom_top__instance_size__rng42.json,608.2286775112152,605.2514183521271,True,,5,0.28126449096244893,0.3053326691815964,5,0.28126449096244893,0.3053326691815964
524,Merged5_normal_seq19_cylinder,maximal_residual_box,all,121x121x121,Merged5_normal_seq19_cylinder;Merged5_normal_seq19_cylinder_999999_1,geometry_only,Merged5_normal,19,cylinder,success,/mnt/scratch/pmywe/GPU/3D_irregular_packing_stream/hpc/results/all_instances_geometry/Merged5_normal_seq19_cylinder__maximal_residual_box__all__instance_size__rng42.json,721.4588944911957,718.5828402042389,True,,6,0.2343870758020408,0.2574099135127332,6,0.2343870758020408,0.2574099135127332
525,Merged5_normal_seq19_cylinder,overlap_distance,bottom,121x121x121,Merged5_normal_seq19_cylinder;Merged5_normal_seq19_cylinder_999999_1,geometry_only,Merged5_normal,19,cylinder,success,/mnt/scratch/pmywe/GPU/3D_irregular_packing_stream/hpc/results/all_instances_geometry/Merged5_normal_seq19_cylinder__overlap_distance__bottom__instance_size__rng42.json,936.4757695198059,933.5674092769623,True,,5,0.28126449096244893,0.30828333526134766,5,0.28126449096244893,0.30828333526134766
526,Merged5_normal_seq19_cylinder,overlap_distance,bottom_top,121x121x121,Merged5_normal_seq19_cylinder;Merged5_normal_seq19_cylinder_999999_1,geometry_only,Merged5_normal,19,cylinder,success,/mnt/scratch/pmywe/GPU/3D_irregular_packing_stream/hpc/results/all_instances_geometry/Merged5_normal_seq19_cylinder__overlap_distance__bottom_top__instance_size__rng42.json,1087.8461198806763,1084.8532497882843,True,,6,0.2343870758020408,0.27606907628523397,6,0.2343870758020408,0.27606907628523397
527,Merged5_normal_seq19_cylinder,overlap_distance,all,121x121x121,Merged5_normal_seq19_cylinder;Merged5_normal_seq19_cylinder_999999_1,geometry_only,Merged5_normal,19,cylinder,success,/mnt/scratch/pmywe/GPU/3D_irregular_packing_stream/hpc/results/all_instances_geometry/Merged5_normal_seq19_cylinder__overlap_distance__all__instance_size__rng42.json,1699.4412369728088,1696.5278251171112,True,,6,0.2343870758020408,0.27087366160801907,6,0.2343870758020408,0.27087366160801907
528,Merged5_normal_seq3_cube,minimum_aabb_volume,bottom,105x105x105,Merged5_normal_seq3_cube;Merged5_normal_seq3_cube_999999_1,geometry_only,Merged5_normal,3,cube,success,/mnt/scratch/pmywe/GPU/3D_irregular_packing_stream/hpc/results/all_instances_geometry/Merged5_normal_seq3_cube__minimum_aabb_volume__bottom__instance_size__rng42.json,119.20926761627197,116.84718251228333,True,,5,0.33805938883489905,0.37030126336248786,5,0.33805938883489905,0.37030126336248786
529,Merged5_normal_seq3_cube,minimum_aabb_volume,bottom_top,105x105x105,Merged5_normal_seq3_cube;Merged5_normal_seq3_cube_999999_1,geometry_only,Merged5_normal,3,cube,success,/mnt/scratch/pmywe/GPU/3D_irregular_packing_stream/hpc/results/all_instances_geometry/Merged5_normal_seq3_cube__minimum_aabb_volume__bottom_top__instance_size__rng42.json,126.73163366317749,124.13473010063171,True,,6,0.28171615736241584,0.33181487960263467,6,0.28171615736241584,0.33181487960263467
530,Merged5_normal_seq3_cube,minimum_aabb_volume,all,105x105x105,Merged5_normal_seq3_cube;Merged5_normal_seq3_cube_999999_1,geometry_only,Merged5_normal,3,cube,success,/mnt/scratch/pmywe/GPU/3D_irregular_packing_stream/hpc/results/all_instances_geometry/Merged5_normal_seq3_cube__minimum_aabb_volume__all__instance_size__rng42.json,173.20524621009827,170.8511426448822,True,,6,0.28171615736241584,0.30920652197386894,6,0.28171615736241584,0.30920652197386894
531,Merged5_normal_seq3_cube,minimum_aabb_edges_len,bottom,105x105x105,Merged5_normal_seq3_cube;Merged5_normal_seq3_cube_999999_1,geometry_only,Merged5_normal,3,cube,success,/mnt/scratch/pmywe/GPU/3D_irregular_packing_stream/hpc/results/all_instances_geometry/Merged5_normal_seq3_cube__minimum_aabb_edges_len__bottom__instance_size__rng42.json,125.96891856193542,123.41427183151245,True,,6,0.28171615736241584,0.3284075585789871,6,0.28171615736241584,0.3284075585789871
532,Merged5_normal_seq3_cube,minimum_aabb_edges_len,bottom_top,105x105x105,Merged5_normal_seq3_cube;Merged5_normal_seq3_cube_999999_1,geometry_only,Merged5_normal,3,cube,success,/mnt/scratch/pmywe/GPU/3D_irregular_packing_stream/hpc/results/all_instances_geometry/Merged5_normal_seq3_cube__minimum_aabb_edges_len__bottom_top__instance_size__rng42.json,129.8061375617981,127.1848955154419,True,,5,0.33805938883489905,0.37550588489364,5,0.33805938883489905,0.37550588489364
533,Merged5_normal_seq3_cube,minimum_aabb_edges_len,all,105x105x105,Merged5_normal_seq3_cube;Merged5_normal_seq3_cube_999999_1,geometry_only,Merged5_normal,3,cube,success,/mnt/scratch/pmywe/GPU/3D_irregular_packing_stream/hpc/results/all_instances_geometry/Merged5_normal_seq3_cube__minimum_aabb_edges_len__all__instance_size__rng42.json,183.20951962471008,180.79823660850525,True,,6,0.28171615736241584,0.3149026670985855,6,0.28171615736241584,0.3149026670985855
534,Merged5_normal_seq3_cube,maximal_residual_box,bottom,105x105x105,Merged5_normal_seq3_cube;Merged5_normal_seq3_cube_999999_1,geometry_only,Merged5_normal,3,cube,success,/mnt/scratch/pmywe/GPU/3D_irregular_packing_stream/hpc/results/all_instances_geometry/Merged5_normal_seq3_cube__maximal_residual_box__bottom__instance_size__rng42.json,117.98198914527893,115.38642883300781,True,,5,0.33805938883489905,0.38936918259367237,5,0.33805938883489905,0.38936918259367237
535,Merged5_normal_seq3_cube,maximal_residual_box,bottom_top,105x105x105,Merged5_normal_seq3_cube;Merged5_normal_seq3_cube_999999_1,geometry_only,Merged5_normal,3,cube,success,/mnt/scratch/pmywe/GPU/3D_irregular_packing_stream/hpc/results/all_instances_geometry/Merged5_normal_seq3_cube__maximal_residual_box__bottom_top__instance_size__rng42.json,121.14705562591553,118.4143168926239,True,,5,0.33805938883489905,0.38936918259367237,5,0.33805938883489905,0.38936918259367237
536,Merged5_normal_seq3_cube,maximal_residual_box,all,105x105x105,Merged5_normal_seq3_cube;Merged5_normal_seq3_cube_999999_1,geometry_only,Merged5_normal,3,cube,success,/mnt/scratch/pmywe/GPU/3D_irregular_packing_stream/hpc/results/all_instances_geometry/Merged5_normal_seq3_cube__maximal_residual_box__all__instance_size__rng42.json,164.7806055545807,162.411700963974,True,,6,0.28171615736241584,0.3230842457617968,6,0.28171615736241584,0.3230842457617968
537,Merged5_normal_seq3_cube,overlap_distance,bottom,105x105x105,Merged5_normal_seq3_cube;Merged5_normal_seq3_cube_999999_1,geometry_only,Merged5_normal,3,cube,success,/mnt/scratch/pmywe/GPU/3D_irregular_packing_stream/hpc/results/all_instances_geometry/Merged5_normal_seq3_cube__overlap_distance__bottom__instance_size__rng42.json,356.84616017341614,354.2331745624542,True,,5,0.33805938883489905,0.37550588489364,5,0.33805938883489905,0.37550588489364
538,Merged5_normal_seq3_cube,overlap_distance,bottom_top,105x105x105,Merged5_normal_seq3_cube;Merged5_normal_seq3_cube_999999_1,geometry_only,Merged5_normal,3,cube,success,/mnt/scratch/pmywe/GPU/3D_irregular_packing_stream/hpc/results/all_instances_geometry/Merged5_normal_seq3_cube__overlap_distance__bottom_top__instance_size__rng42.json,361.97350430488586,359.3117365837097,True,,6,0.28171615736241584,0.33410785012417665,6,0.28171615736241584,0.33410785012417665
539,Merged5_normal_seq3_cube,overlap_distance,all,105x105x105,Merged5_normal_seq3_cube;Merged5_normal_seq3_cube_999999_1,geometry_only,Merged5_normal,3,cube,success,/mnt/scratch/pmywe/GPU/3D_irregular_packing_stream/hpc/results/all_instances_geometry/Merged5_normal_seq3_cube__overlap_distance__all__instance_size__rng42.json,762.3882341384888,759.9860947132111,True,,6,0.28171615736241584,0.33410785012417665,6,0.28171615736241584,0.33410785012417665
540,Merged5_normal_seq3_cylinder,minimum_aabb_volume,bottom,121x121x121,Merged5_normal_seq3_cylinder;Merged5_normal_seq3_cylinder_999999_1,geometry_only,Merged5_normal,3,cylinder,success,/mnt/scratch/pmywe/GPU/3D_irregular_packing_stream/hpc/results/all_instances_geometry/Merged5_normal_seq3_cylinder__minimum_aabb_volume__bottom__instance_size__rng42.json,581.1194260120392,578.1917154788971,True,,5,0.28126449096244893,0.3048511331266863,5,0.28126449096244893,0.3048511331266863
541,Merged5_normal_seq3_cylinder,minimum_aabb_volume,bottom_top,121x121x121,Merged5_normal_seq3_cylinder;Merged5_normal_seq3_cylinder_999999_1,geometry_only,Merged5_normal,3,cylinder,success,/mnt/scratch/pmywe/GPU/3D_irregular_packing_stream/hpc/results/all_instances_geometry/Merged5_normal_seq3_cylinder__minimum_aabb_volume__bottom_top__instance_size__rng42.json,563.4790620803833,560.5114958286285,True,,5,0.28126449096244893,0.3260710615165672,5,0.28126449096244893,0.3260710615165672
542,Merged5_normal_seq3_cylinder,minimum_aabb_volume,all,121x121x121,Merged5_normal_seq3_cylinder;Merged5_normal_seq3_cylinder_999999_1,geometry_only,Merged5_normal,3,cylinder,success,/mnt/scratch/pmywe/GPU/3D_irregular_packing_stream/hpc/results/all_instances_geometry/Merged5_normal_seq3_cylinder__minimum_aabb_volume__all__instance_size__rng42.json,666.5420055389404,663.522262096405,True,,6,0.2343870758020408,0.27323419447182007,6,0.2343870758020408,0.27323419447182007
543,Merged5_normal_seq3_cylinder,minimum_aabb_edges_len,bottom,121x121x121,Merged5_normal_seq3_cylinder;Merged5_normal_seq3_cylinder_999999_1,geometry_only,Merged5_normal,3,cylinder,success,/mnt/scratch/pmywe/GPU/3D_irregular_packing_stream/hpc/results/all_instances_geometry/Merged5_normal_seq3_cylinder__minimum_aabb_edges_len__bottom__instance_size__rng42.json,575.49045753479,572.5521996021271,True,,5,0.28126449096244893,0.3050692617724553,5,0.28126449096244893,0.3050692617724553
544,Merged5_normal_seq3_cylinder,minimum_aabb_edges_len,bottom_top,121x121x121,Merged5_normal_seq3_cylinder;Merged5_normal_seq3_cylinder_999999_1,geometry_only,Merged5_normal,3,cylinder,success,/mnt/scratch/pmywe/GPU/3D_irregular_packing_stream/hpc/results/all_instances_geometry/Merged5_normal_seq3_cylinder__minimum_aabb_edges_len__bottom_top__instance_size__rng42.json,584.9631652832031,580.4168674945831,True,,5,0.28126449096244893,0.33388955401408854,5,0.28126449096244893,0.33388955401408854
545,Merged5_normal_seq3_cylinder,minimum_aabb_edges_len,all,121x121x121,Merged5_normal_seq3_cylinder;Merged5_normal_seq3_cylinder_999999_1,geometry_only,Merged5_normal,3,cylinder,success,/mnt/scratch/pmywe/GPU/3D_irregular_packing_stream/hpc/results/all_instances_geometry/Merged5_normal_seq3_cylinder__minimum_aabb_edges_len__all__instance_size__rng42.json,668.4445538520813,665.4891967773438,True,,5,0.28126449096244893,0.31305988544184377,5,0.28126449096244893,0.31305988544184377
546,Merged5_normal_seq3_cylinder,maximal_residual_box,bottom,121x121x121,Merged5_normal_seq3_cylinder;Merged5_normal_seq3_cylinder_999999_1,geometry_only,Merged5_normal,3,cylinder,success,/mnt/scratch/pmywe/GPU/3D_irregular_packing_stream/hpc/results/all_instances_geometry/Merged5_normal_seq3_cylinder__maximal_residual_box__bottom__instance_size__rng42.json,565.6156435012817,562.9331166744232,True,,5,0.28126449096244893,0.31426839719756217,5,0.28126449096244893,0.31426839719756217
547,Merged5_normal_seq3_cylinder,maximal_residual_box,bottom_top,121x121x121,Merged5_normal_seq3_cylinder;Merged5_normal_seq3_cylinder_999999_1,geometry_only,Merged5_normal,3,cylinder,success,/mnt/scratch/pmywe/GPU/3D_irregular_packing_stream/hpc/results/all_instances_geometry/Merged5_normal_seq3_cylinder__maximal_residual_box__bottom_top__instance_size__rng42.json,574.2769989967346,571.3455555438995,True,,5,0.28126449096244893,0.3274977019180545,5,0.28126449096244893,0.3274977019180545
548,Merged5_normal_seq3_cylinder,maximal_residual_box,all,121x121x121,Merged5_normal_seq3_cylinder;Merged5_normal_seq3_cylinder_999999_1,geometry_only,Merged5_normal,3,cylinder,success,/mnt/scratch/pmywe/GPU/3D_irregular_packing_stream/hpc/results/all_instances_geometry/Merged5_normal_seq3_cylinder__maximal_residual_box__all__instance_size__rng42.json,696.173262834549,693.257120847702,True,,6,0.2343870758020408,0.26994652502468475,6,0.2343870758020408,0.26994652502468475
549,Merged5_normal_seq3_cylinder,overlap_distance,bottom,121x121x121,Merged5_normal_seq3_cylinder;Merged5_normal_seq3_cylinder_999999_1,geometry_only,Merged5_normal,3,cylinder,success,/mnt/scratch/pmywe/GPU/3D_irregular_packing_stream/hpc/results/all_instances_geometry/Merged5_normal_seq3_cylinder__overlap_distance__bottom__instance_size__rng42.json,1118.3542759418488,1115.447725057602,True,,5,0.28126449096244893,0.3018501573098549,5,0.28126449096244893,0.3018501573098549
550,Merged5_normal_seq3_cylinder,overlap_distance,bottom_top,121x121x121,Merged5_normal_seq3_cylinder;Merged5_normal_seq3_cylinder_999999_1,geometry_only,Merged5_normal,3,cylinder,success,/mnt/scratch/pmywe/GPU/3D_irregular_packing_stream/hpc/results/all_instances_geometry/Merged5_normal_seq3_cylinder__overlap_distance__bottom_top__instance_size__rng42.json,1032.0714287757874,1029.1094028949738,True,,5,0.28126449096244893,0.3159634759818986,5,0.28126449096244893,0.3159634759818986
551,Merged5_normal_seq3_cylinder,overlap_distance,all,121x121x121,Merged5_normal_seq3_cylinder;Merged5_normal_seq3_cylinder_999999_1,geometry_only,Merged5_normal,3,cylinder,success,/mnt/scratch/pmywe/GPU/3D_irregular_packing_stream/hpc/results/all_instances_geometry/Merged5_normal_seq3_cylinder__overlap_distance__all__instance_size__rng42.json,1409.737223148346,1405.6185264587402,True,,6,0.2343870758020408,0.2711657455672959,6,0.2343870758020408,0.2711657455672959
552,Merged5_normal_seq53_cube,minimum_aabb_volume,bottom,105x105x105,Merged5_normal_seq53_cube;Merged5_normal_seq53_cube_999999_1,geometry_only,Merged5_normal,53,cube,success,/mnt/scratch/pmywe/GPU/3D_irregular_packing_stream/hpc/results/all_instances_geometry/Merged5_normal_seq53_cube__minimum_aabb_volume__bottom__instance_size__rng42.json,118.2203676700592,115.6283495426178,True,,6,0.28171615736241584,0.32747876039304613,6,0.28171615736241584,0.32747876039304613
553,Merged5_normal_seq53_cube,minimum_aabb_volume,bottom_top,105x105x105,Merged5_normal_seq53_cube;Merged5_normal_seq53_cube_999999_1,geometry_only,Merged5_normal,53,cube,success,/mnt/scratch/pmywe/GPU/3D_irregular_packing_stream/hpc/results/all_instances_geometry/Merged5_normal_seq53_cube__minimum_aabb_volume__bottom_top__instance_size__rng42.json,122.46000003814697,119.883220911026,True,,6,0.28171615736241584,0.33410785012417665,6,0.28171615736241584,0.33410785012417665
554,Merged5_normal_seq53_cube,minimum_aabb_volume,all,105x105x105,Merged5_normal_seq53_cube;Merged5_normal_seq53_cube_999999_1,geometry_only,Merged5_normal,53,cube,success,/mnt/scratch/pmywe/GPU/3D_irregular_packing_stream/hpc/results/all_instances_geometry/Merged5_normal_seq53_cube__minimum_aabb_volume__all__instance_size__rng42.json,156.86639022827148,154.27098441123962,True,,6,0.28171615736241584,0.32876242306446385,6,0.28171615736241584,0.32876242306446385
555,Merged5_normal_seq53_cube,minimum_aabb_edges_len,bottom,105x105x105,Merged5_normal_seq53_cube;Merged5_normal_seq53_cube_999999_1,geometry_only,Merged5_normal,53,cube,success,/mnt/scratch/pmywe/GPU/3D_irregular_packing_stream/hpc/results/all_instances_geometry/Merged5_normal_seq53_cube__minimum_aabb_edges_len__bottom__instance_size__rng42.json,123.56544637680054,121.20042324066162,True,,5,0.33805938883489905,0.3836520894071914,5,0.33805938883489905,0.3836520894071914
556,Merged5_normal_seq53_cube,minimum_aabb_edges_len,bottom_top,105x105x105,Merged5_normal_seq53_cube;Merged5_normal_seq53_cube_999999_1,geometry_only,Merged5_normal,53,cube,success,/mnt/scratch/pmywe/GPU/3D_irregular_packing_stream/hpc/results/all_instances_geometry/Merged5_normal_seq53_cube__minimum_aabb_edges_len__bottom_top__instance_size__rng42.json,135.39149475097656,132.8043360710144,True,,5,0.33805938883489905,0.37653190800129577,5,0.33805938883489905,0.37653190800129577
557,Merged5_normal_seq53_cube,minimum_aabb_edges_len,all,105x105x105,Merged5_normal_seq53_cube;Merged5_normal_seq53_cube_999999_1,geometry_only,Merged5_normal,53,cube,success,/mnt/scratch/pmywe/GPU/3D_irregular_packing_stream/hpc/results/all_instances_geometry/Merged5_normal_seq53_cube__minimum_aabb_edges_len__all__instance_size__rng42.json,163.39676356315613,160.82262110710144,True,,6,0.28171615736241584,0.3301563114134543,6,0.28171615736241584,0.3301563114134543
558,Merged5_normal_seq53_cube,maximal_residual_box,bottom,105x105x105,Merged5_normal_seq53_cube;Merged5_normal_seq53_cube_999999_1,geometry_only,Merged5_normal,53,cube,success,/mnt/scratch/pmywe/GPU/3D_irregular_packing_stream/hpc/results/all_instances_geometry/Merged5_normal_seq53_cube__maximal_residual_box__bottom__instance_size__rng42.json,131.1240475177765,128.48704028129578,True,,5,0.33805938883489905,0.3747895475650578,5,0.33805938883489905,0.3747895475650578
559,Merged5_normal_seq53_cube,maximal_residual_box,bottom_top,105x105x105,Merged5_normal_seq53_cube;Merged5_normal_seq53_cube_999999_1,geometry_only,Merged5_normal,53,cube,success,/mnt/scratch/pmywe/GPU/3D_irregular_packing_stream/hpc/results/all_instances_geometry/Merged5_normal_seq53_cube__maximal_residual_box__bottom_top__instance_size__rng42.json,133.66010689735413,131.27233457565308,True,,5,0.33805938883489905,0.38147133138969874,5,0.33805938883489905,0.38147133138969874
560,Merged5_normal_seq53_cube,maximal_residual_box,all,105x105x105,Merged5_normal_seq53_cube;Merged5_normal_seq53_cube_999999_1,geometry_only,Merged5_normal,53,cube,success,/mnt/scratch/pmywe/GPU/3D_irregular_packing_stream/hpc/results/all_instances_geometry/Merged5_normal_seq53_cube__maximal_residual_box__all__instance_size__rng42.json,170.2966787815094,167.67580437660217,True,,6,0.28171615736241584,0.3063390994493035,6,0.28171615736241584,0.3063390994493035
561,Merged5_normal_seq53_cube,overlap_distance,bottom,105x105x105,Merged5_normal_seq53_cube;Merged5_normal_seq53_cube_999999_1,geometry_only,Merged5_normal,53,cube,success,/mnt/scratch/pmywe/GPU/3D_irregular_packing_stream/hpc/results/all_instances_geometry/Merged5_normal_seq53_cube__overlap_distance__bottom__instance_size__rng42.json,389.3704285621643,386.7778615951538,True,,5,0.33805938883489905,0.3546634272756722,5,0.33805938883489905,0.3546634272756722
562,Merged5_normal_seq53_cube,overlap_distance,bottom_top,105x105x105,Merged5_normal_seq53_cube;Merged5_normal_seq53_cube_999999_1,geometry_only,Merged5_normal,53,cube,success,/mnt/scratch/pmywe/GPU/3D_irregular_packing_stream/hpc/results/all_instances_geometry/Merged5_normal_seq53_cube__overlap_distance__bottom_top__instance_size__rng42.json,386.4398262500763,383.79776787757874,True,,6,0.28171615736241584,0.33015631141345425,6,0.28171615736241584,0.33015631141345425
563,Merged5_normal_seq53_cube,overlap_distance,all,105x105x105,Merged5_normal_seq53_cube;Merged5_normal_seq53_cube_999999_1,geometry_only,Merged5_normal,53,cube,success,/mnt/scratch/pmywe/GPU/3D_irregular_packing_stream/hpc/results/all_instances_geometry/Merged5_normal_seq53_cube__overlap_distance__all__instance_size__rng42.json,673.6122362613678,671.0353112220764,True,,6,0.28171615736241584,0.3135507612568837,6,0.28171615736241584,0.3135507612568837
564,Merged5_normal_seq53_cylinder,minimum_aabb_volume,bottom,121x121x121,Merged5_normal_seq53_cylinder;Merged5_normal_seq53_cylinder_999999_1,geometry_only,Merged5_normal,53,cylinder,success,/mnt/scratch/pmywe/GPU/3D_irregular_packing_stream/hpc/results/all_instances_geometry/Merged5_normal_seq53_cylinder__minimum_aabb_volume__bottom__instance_size__rng42.json,606.753800868988,604.0087270736694,True,,6,0.2343870758020408,0.2779768215153136,6,0.2343870758020408,0.2779768215153136
565,Merged5_normal_seq53_cylinder,minimum_aabb_volume,bottom_top,121x121x121,Merged5_normal_seq53_cylinder;Merged5_normal_seq53_cylinder_999999_1,geometry_only,Merged5_normal,53,cylinder,success,/mnt/scratch/pmywe/GPU/3D_irregular_packing_stream/hpc/results/all_instances_geometry/Merged5_normal_seq53_cylinder__minimum_aabb_volume__bottom_top__instance_size__rng42.json,610.6343650817871,607.7216899394989,True,,5,0.28126449096244893,0.3144820339025204,5,0.28126449096244893,0.3144820339025204
566,Merged5_normal_seq53_cylinder,minimum_aabb_volume,all,121x121x121,Merged5_normal_seq53_cylinder;Merged5_normal_seq53_cylinder_999999_1,geometry_only,Merged5_normal,53,cylinder,success,/mnt/scratch/pmywe/GPU/3D_irregular_packing_stream/hpc/results/all_instances_geometry/Merged5_normal_seq53_cylinder__minimum_aabb_volume__all__instance_size__rng42.json,702.3727006912231,699.4050703048706,True,,6,0.2343870758020408,0.2746891520681783,6,0.2343870758020408,0.2746891520681783
567,Merged5_normal_seq53_cylinder,minimum_aabb_edges_len,bottom,121x121x121,Merged5_normal_seq53_cylinder;Merged5_normal_seq53_cylinder_999999_1,geometry_only,Merged5_normal,53,cylinder,success,/mnt/scratch/pmywe/GPU/3D_irregular_packing_stream/hpc/results/all_instances_geometry/Merged5_normal_seq53_cylinder__minimum_aabb_edges_len__bottom__instance_size__rng42.json,568.6578741073608,565.6952333450317,True,,5,0.28126449096244893,0.3173831089557212,5,0.28126449096244893,0.3173831089557212
568,Merged5_normal_seq53_cylinder,minimum_aabb_edges_len,bottom_top,121x121x121,Merged5_normal_seq53_cylinder;Merged5_normal_seq53_cylinder_999999_1,geometry_only,Merged5_normal,53,cylinder,success,/mnt/scratch/pmywe/GPU/3D_irregular_packing_stream/hpc/results/all_instances_geometry/Merged5_normal_seq53_cylinder__minimum_aabb_edges_len__bottom_top__instance_size__rng42.json,581.2160346508026,578.2628905773163,True,,5,0.28126449096244893,0.325348757434202,5,0.28126449096244893,0.325348757434202
569,Merged5_normal_seq53_cylinder,minimum_aabb_edges_len,all,121x121x121,Merged5_normal_seq53_cylinder;Merged5_normal_seq53_cylinder_999999_1,geometry_only,Merged5_normal,53,cylinder,success,/mnt/scratch/pmywe/GPU/3D_irregular_packing_stream/hpc/results/all_instances_geometry/Merged5_normal_seq53_cylinder__minimum_aabb_edges_len__all__instance_size__rng42.json,690.7403333187103,687.8528969287872,True,,5,0.28126449096244893,0.30309694040128066,5,0.28126449096244893,0.30309694040128066
570,Merged5_normal_seq53_cylinder,maximal_residual_box,bottom,121x121x121,Merged5_normal_seq53_cylinder;Merged5_normal_seq53_cylinder_999999_1,geometry_only,Merged5_normal,53,cylinder,success,/mnt/scratch/pmywe/GPU/3D_irregular_packing_stream/hpc/results/all_instances_geometry/Merged5_normal_seq53_cylinder__maximal_residual_box__bottom__instance_size__rng42.json,603.2466022968292,600.5604963302612,True,,5,0.28126449096244893,0.30710842322289356,5,0.28126449096244893,0.30710842322289356
571,Merged5_normal_seq53_cylinder,maximal_residual_box,bottom_top,121x121x121,Merged5_normal_seq53_cylinder;Merged5_normal_seq53_cylinder_999999_1,geometry_only,Merged5_normal,53,cylinder,success,/mnt/scratch/pmywe/GPU/3D_irregular_packing_stream/hpc/results/all_instances_geometry/Merged5_normal_seq53_cylinder__maximal_residual_box__bottom_top__instance_size__rng42.json,612.374273777008,609.4860904216766,True,,5,0.28126449096244893,0.31130371626248143,5,0.28126449096244893,0.31130371626248143
572,Merged5_normal_seq53_cylinder,maximal_residual_box,all,121x121x121,Merged5_normal_seq53_cylinder;Merged5_normal_seq53_cylinder_999999_1,geometry_only,Merged5_normal,53,cylinder,success,/mnt/scratch/pmywe/GPU/3D_irregular_packing_stream/hpc/results/all_instances_geometry/Merged5_normal_seq53_cylinder__maximal_residual_box__all__instance_size__rng42.json,681.9033105373383,678.9616668224335,True,,5,0.28126449096244893,0.30771429619944457,5,0.28126449096244893,0.30771429619944457
573,Merged5_normal_seq53_cylinder,overlap_distance,bottom,121x121x121,Merged5_normal_seq53_cylinder;Merged5_normal_seq53_cylinder_999999_1,geometry_only,Merged5_normal,53,cylinder,success,/mnt/scratch/pmywe/GPU/3D_irregular_packing_stream/hpc/results/all_instances_geometry/Merged5_normal_seq53_cylinder__overlap_distance__bottom__instance_size__rng42.json,975.3593063354492,972.4778757095337,True,,5,0.28126449096244893,0.33235762251999773,5,0.28126449096244893,0.33235762251999773
574,Merged5_normal_seq53_cylinder,overlap_distance,bottom_top,121x121x121,Merged5_normal_seq53_cylinder;Merged5_normal_seq53_cylinder_999999_1,geometry_only,Merged5_normal,53,cylinder,success,/mnt/scratch/pmywe/GPU/3D_irregular_packing_stream/hpc/results/all_instances_geometry/Merged5_normal_seq53_cylinder__overlap_distance__bottom_top__instance_size__rng42.json,1073.8795273303986,1070.9955623149872,True,,6,0.2343870758020408,0.27468915206817823,6,0.2343870758020408,0.27468915206817823
575,Merged5_normal_seq53_cylinder,overlap_distance,all,121x121x121,Merged5_normal_seq53_cylinder;Merged5_normal_seq53_cylinder_999999_1,geometry_only,Merged5_normal,53,cylinder,success,/mnt/scratch/pmywe/GPU/3D_irregular_packing_stream/hpc/results/all_instances_geometry/Merged5_normal_seq53_cylinder__overlap_distance__all__instance_size__rng42.json,1680.764172554016,1677.8398990631104,True,,6,0.2343870758020408,0.2702417713102923,6,0.2343870758020408,0.2702417713102923
576,Merged5_normal_seq7_cube,minimum_aabb_volume,bottom,105x105x105,Merged5_normal_seq7_cube;Merged5_normal_seq7_cube_999999_1,geometry_only,Merged5_normal,7,cube,success,/mnt/scratch/pmywe/GPU/3D_irregular_packing_stream/hpc/results/all_instances_geometry/Merged5_normal_seq7_cube__minimum_aabb_volume__bottom__instance_size__rng42.json,124.73502373695374,122.10061740875244,True,,5,0.33805938883489905,0.37169290573372205,5,0.33805938883489905,0.37169290573372205
577,Merged5_normal_seq7_cube,minimum_aabb_volume,bottom_top,105x105x105,Merged5_normal_seq7_cube;Merged5_normal_seq7_cube_999999_1,geometry_only,Merged5_normal,7,cube,success,/mnt/scratch/pmywe/GPU/3D_irregular_packing_stream/hpc/results/all_instances_geometry/Merged5_normal_seq7_cube__minimum_aabb_volume__bottom_top__instance_size__rng42.json,125.5889139175415,122.90876531600952,True,,5,0.33805938883489905,0.35928279883381925,5,0.33805938883489905,0.35928279883381925
578,Merged5_normal_seq7_cube,minimum_aabb_volume,all,105x105x105,Merged5_normal_seq7_cube;Merged5_normal_seq7_cube_999999_1,geometry_only,Merged5_normal,7,cube,success,/mnt/scratch/pmywe/GPU/3D_irregular_packing_stream/hpc/results/all_instances_geometry/Merged5_normal_seq7_cube__minimum_aabb_volume__all__instance_size__rng42.json,170.0514931678772,167.4572377204895,True,,6,0.28171615736241584,0.2971041572184429,6,0.28171615736241584,0.2971041572184429
579,Merged5_normal_seq7_cube,minimum_aabb_edges_len,bottom,105x105x105,Merged5_normal_seq7_cube;Merged5_normal_seq7_cube_999999_1,geometry_only,Merged5_normal,7,cube,success,/mnt/scratch/pmywe/GPU/3D_irregular_packing_stream/hpc/results/all_instances_geometry/Merged5_normal_seq7_cube__minimum_aabb_edges_len__bottom__instance_size__rng42.json,125.31941294670105,122.96456789970398,True,,6,0.28171615736241584,0.31585202461937156,6,0.28171615736241584,0.31585202461937156
580,Merged5_normal_seq7_cube,minimum_aabb_edges_len,bottom_top,105x105x105,Merged5_normal_seq7_cube;Merged5_normal_seq7_cube_999999_1,geometry_only,Merged5_normal,7,cube,success,/mnt/scratch/pmywe/GPU/3D_irregular_packing_stream/hpc/results/all_instances_geometry/Merged5_normal_seq7_cube__minimum_aabb_edges_len__bottom_top__instance_size__rng42.json,135.31566953659058,132.71331334114075,True,,5,0.33805938883489905,0.35689018464528666,5,0.33805938883489905,0.35689018464528666
581,Merged5_normal_seq7_cube,minimum_aabb_edges_len,all,105x105x105,Merged5_normal_seq7_cube;Merged5_normal_seq7_cube_999999_1,geometry_only,Merged5_normal,7,cube,success,/mnt/scratch/pmywe/GPU/3D_irregular_packing_stream/hpc/results/all_instances_geometry/Merged5_normal_seq7_cube__minimum_aabb_edges_len__all__instance_size__rng42.json,155.91837000846863,153.36149668693542,True,,5,0.33805938883489905,0.3537773458589785,5,0.33805938883489905,0.3537773458589785
582,Merged5_normal_seq7_cube,maximal_residual_box,bottom,105x105x105,Merged5_normal_seq7_cube;Merged5_normal_seq7_cube_999999_1,geometry_only,Merged5_normal,7,cube,success,/mnt/scratch/pmywe/GPU/3D_irregular_packing_stream/hpc/results/all_instances_geometry/Merged5_normal_seq7_cube__maximal_residual_box__bottom__instance_size__rng42.json,123.81020188331604,121.20064663887024,True,,5,0.33805938883489905,0.3537773458589785,5,0.33805938883489905,0.3537773458589785
583,Merged5_normal_seq7_cube,maximal_residual_box,bottom_top,105x105x105,Merged5_normal_seq7_cube;Merged5_normal_seq7_cube_999999_1,geometry_only,Merged5_normal,7,cube,success,/mnt/scratch/pmywe/GPU/3D_irregular_packing_stream/hpc/results/all_instances_geometry/Merged5_normal_seq7_cube__maximal_residual_box__bottom_top__instance_size__rng42.json,131.74206590652466,129.32949590682983,True,,5,0.33805938883489905,0.3537773458589785,5,0.33805938883489905,0.3537773458589785
584,Merged5_normal_seq7_cube,maximal_residual_box,all,105x105x105,Merged5_normal_seq7_cube;Merged5_normal_seq7_cube_999999_1,geometry_only,Merged5_normal,7,cube,success,/mnt/scratch/pmywe/GPU/3D_irregular_packing_stream/hpc/results/all_instances_geometry/Merged5_normal_seq7_cube__maximal_residual_box__all__instance_size__rng42.json,163.10472416877747,160.4067039489746,True,,6,0.28171615736241584,0.32344222006262824,6,0.28171615736241584,0.32344222006262824
585,Merged5_normal_seq7_cube,overlap_distance,bottom,105x105x105,Merged5_normal_seq7_cube;Merged5_normal_seq7_cube_999999_1,geometry_only,Merged5_normal,7,cube,success,/mnt/scratch/pmywe/GPU/3D_irregular_packing_stream/hpc/results/all_instances_geometry/Merged5_normal_seq7_cube__overlap_distance__bottom__instance_size__rng42.json,522.4731075763702,519.7956607341766,True,,6,0.28171615736241584,0.31585202461937156,6,0.28171615736241584,0.31585202461937156
586,Merged5_normal_seq7_cube,overlap_distance,bottom_top,105x105x105,Merged5_normal_seq7_cube;Merged5_normal_seq7_cube_999999_1,geometry_only,Merged5_normal,7,cube,success,/mnt/scratch/pmywe/GPU/3D_irregular_packing_stream/hpc/results/all_instances_geometry/Merged5_normal_seq7_cube__overlap_distance__bottom_top__instance_size__rng42.json,317.66972041130066,315.10144567489624,True,,6,0.28171615736241584,0.3307508044487636,6,0.28171615736241584,0.3307508044487636
587,Merged5_normal_seq7_cube,overlap_distance,all,105x105x105,Merged5_normal_seq7_cube;Merged5_normal_seq7_cube_999999_1,geometry_only,Merged5_normal,7,cube,success,/mnt/scratch/pmywe/GPU/3D_irregular_packing_stream/hpc/results/all_instances_geometry/Merged5_normal_seq7_cube__overlap_distance__all__instance_size__rng42.json,767.8968708515167,765.2437641620636,True,,6,0.28171615736241584,0.3019241982507289,6,0.28171615736241584,0.3019241982507289
588,Merged5_normal_seq7_cylinder,minimum_aabb_volume,bottom,121x121x121,Merged5_normal_seq7_cylinder;Merged5_normal_seq7_cylinder_999999_1,geometry_only,Merged5_normal,7,cylinder,success,/mnt/scratch/pmywe/GPU/3D_irregular_packing_stream/hpc/results/all_instances_geometry/Merged5_normal_seq7_cylinder__minimum_aabb_volume__bottom__instance_size__rng42.json,594.9358901977539,592.153645992279,True,,5,0.28126449096244893,0.2942318256948596,5,0.28126449096244893,0.2942318256948596
589,Merged5_normal_seq7_cylinder,minimum_aabb_volume,bottom_top,121x121x121,Merged5_normal_seq7_cylinder;Merged5_normal_seq7_cylinder_999999_1,geometry_only,Merged5_normal,7,cylinder,success,/mnt/scratch/pmywe/GPU/3D_irregular_packing_stream/hpc/results/all_instances_geometry/Merged5_normal_seq7_cylinder__minimum_aabb_volume__bottom_top__instance_size__rng42.json,604.2703263759613,601.3141353130341,True,,5,0.28126449096244893,0.2999771976694136,5,0.28126449096244893,0.2999771976694136
590,Merged5_normal_seq7_cylinder,minimum_aabb_volume,all,121x121x121,Merged5_normal_seq7_cylinder;Merged5_normal_seq7_cylinder_999999_1,geometry_only,Merged5_normal,7,cylinder,success,/mnt/scratch/pmywe/GPU/3D_irregular_packing_stream/hpc/results/all_instances_geometry/Merged5_normal_seq7_cylinder__minimum_aabb_volume__all__instance_size__rng42.json,686.1623306274414,683.2416515350342,True,,6,0.2343870758020408,0.2643638691140585,6,0.2343870758020408,0.2643638691140585
591,Merged5_normal_seq7_cylinder,minimum_aabb_edges_len,bottom,121x121x121,Merged5_normal_seq7_cylinder;Merged5_normal_seq7_cylinder_999999_1,geometry_only,Merged5_normal,7,cylinder,success,/mnt/scratch/pmywe/GPU/3D_irregular_packing_stream/hpc/results/all_instances_geometry/Merged5_normal_seq7_cylinder__minimum_aabb_edges_len__bottom__instance_size__rng42.json,576.9321563243866,574.0749311447144,True,,5,0.28126449096244893,0.30807616695115686,5,0.28126449096244893,0.30807616695115686
592,Merged5_normal_seq7_cylinder,minimum_aabb_edges_len,bottom_top,121x121x121,Merged5_normal_seq7_cylinder;Merged5_normal_seq7_cylinder_999999_1,geometry_only,Merged5_normal,7,cylinder,success,/mnt/scratch/pmywe/GPU/3D_irregular_packing_stream/hpc/results/all_instances_geometry/Merged5_normal_seq7_cylinder__minimum_aabb_edges_len__bottom_top__instance_size__rng42.json,580.2126863002777,577.2989990711212,True,,5,0.28126449096244893,0.3243253136398857,5,0.28126449096244893,0.3243253136398857
593,Merged5_normal_seq7_cylinder,minimum_aabb_edges_len,all,121x121x121,Merged5_normal_seq7_cylinder;Merged5_normal_seq7_cylinder_999999_1,geometry_only,Merged5_normal,7,cylinder,success,/mnt/scratch/pmywe/GPU/3D_irregular_packing_stream/hpc/results/all_instances_geometry/Merged5_normal_seq7_cylinder__minimum_aabb_edges_len__all__instance_size__rng42.json,664.9128410816193,661.9971134662628,True,,5,0.28126449096244893,0.2987801852821707,5,0.28126449096244893,0.2987801852821707
594,Merged5_normal_seq7_cylinder,maximal_residual_box,bottom,121x121x121,Merged5_normal_seq7_cylinder;Merged5_normal_seq7_cylinder_999999_1,geometry_only,Merged5_normal,7,cylinder,success,/mnt/scratch/pmywe/GPU/3D_irregular_packing_stream/hpc/results/all_instances_geometry/Merged5_normal_seq7_cylinder__maximal_residual_box__bottom__instance_size__rng42.json,587.2810001373291,584.606940984726,True,,5,0.28126449096244893,0.30375042795042545,5,0.28126449096244893,0.30375042795042545
595,Merged5_normal_seq7_cylinder,maximal_residual_box,bottom_top,121x121x121,Merged5_normal_seq7_cylinder;Merged5_normal_seq7_cylinder_999999_1,geometry_only,Merged5_normal,7,cylinder,success,/mnt/scratch/pmywe/GPU/3D_irregular_packing_stream/hpc/results/all_instances_geometry/Merged5_normal_seq7_cylinder__maximal_residual_box__bottom_top__instance_size__rng42.json,594.2559871673584,591.3271021842957,True,,5,0.28126449096244893,0.31497884255618697,5,0.28126449096244893,0.31497884255618697
596,Merged5_normal_seq7_cylinder,maximal_residual_box,all,121x121x121,Merged5_normal_seq7_cylinder;Merged5_normal_seq7_cylinder_999999_1,geometry_only,Merged5_normal,7,cylinder,success,/mnt/scratch/pmywe/GPU/3D_irregular_packing_stream/hpc/results/all_instances_geometry/Merged5_normal_seq7_cylinder__maximal_residual_box__all__instance_size__rng42.json,675.3844609260559,672.4827065467834,True,,6,0.2343870758020408,0.27518376865472916,6,0.2343870758020408,0.27518376865472916
597,Merged5_normal_seq7_cylinder,overlap_distance,bottom,121x121x121,Merged5_normal_seq7_cylinder;Merged5_normal_seq7_cylinder_999999_1,geometry_only,Merged5_normal,7,cylinder,success,/mnt/scratch/pmywe/GPU/3D_irregular_packing_stream/hpc/results/all_instances_geometry/Merged5_normal_seq7_cylinder__overlap_distance__bottom__instance_size__rng42.json,1038.147912979126,1035.281182050705,True,,5,0.28126449096244893,0.29627350263215185,5,0.28126449096244893,0.29627350263215185
598,Merged5_normal_seq7_cylinder,overlap_distance,bottom_top,121x121x121,Merged5_normal_seq7_cylinder;Merged5_normal_seq7_cylinder_999999_1,geometry_only,Merged5_normal,7,cylinder,success,/mnt/scratch/pmywe/GPU/3D_irregular_packing_stream/hpc/results/all_instances_geometry/Merged5_normal_seq7_cylinder__overlap_distance__bottom_top__instance_size__rng42.json,1231.7969965934753,1228.895904302597,True,,5,0.28126449096244893,0.2945543470450699,5,0.28126449096244893,0.2945543470450699
599,Merged5_normal_seq7_cylinder,overlap_distance,all,121x121x121,Merged5_normal_seq7_cylinder;Merged5_normal_seq7_cylinder_999999_1,geometry_only,Merged5_normal,7,cylinder,success,/mnt/scratch/pmywe/GPU/3D_irregular_packing_stream/hpc/results/all_instances_geometry/Merged5_normal_seq7_cylinder__overlap_distance__all__instance_size__rng42.json,1687.2464718818665,1684.3772432804108,True,,6,0.2343870758020408,0.27518376865472916,6,0.2343870758020408,0.27518376865472916
600,St_05_Example3_normal_seq13_cube,minimum_aabb_volume,bottom,157x157x157,St_05_Example3_normal_seq13_cube;St_05_Example3_normal_seq13_cube_999999_1,geometry_only,St_05_Example3_normal,13,cube,success,/mnt/scratch/pmywe/GPU/3D_irregular_packing_stream/hpc/results/all_instances_geometry/St_05_Example3_normal_seq13_cube__minimum_aabb_volume__bottom__instance_size__rng42.json,123.61590695381165,121.62381100654602,True,,2,0.3090617750930065,0.36897040822575716,2,0.3090617750930065,0.36897040822575716
601,St_05_Example3_normal_seq13_cube,minimum_aabb_volume,bottom_top,157x157x157,St_05_Example3_normal_seq13_cube;St_05_Example3_normal_seq13_cube_999999_1,geometry_only,St_05_Example3_normal,13,cube,success,/mnt/scratch/pmywe/GPU/3D_irregular_packing_stream/hpc/results/all_instances_geometry/St_05_Example3_normal_seq13_cube__minimum_aabb_volume__bottom_top__instance_size__rng42.json,132.31010031700134,130.47887873649597,True,,2,0.3090617750930065,0.36897040822575716,2,0.3090617750930065,0.36897040822575716
602,St_05_Example3_normal_seq13_cube,minimum_aabb_volume,all,157x157x157,St_05_Example3_normal_seq13_cube;St_05_Example3_normal_seq13_cube_999999_1,geometry_only,St_05_Example3_normal,13,cube,success,/mnt/scratch/pmywe/GPU/3D_irregular_packing_stream/hpc/results/all_instances_geometry/St_05_Example3_normal_seq13_cube__minimum_aabb_volume__all__instance_size__rng42.json,178.99189281463623,177.41449069976807,True,,2,0.3090617750930065,0.3440779887195847,2,0.3090617750930065,0.3440779887195847
603,St_05_Example3_normal_seq13_cube,minimum_aabb_edges_len,bottom,157x157x157,St_05_Example3_normal_seq13_cube;St_05_Example3_normal_seq13_cube_999999_1,geometry_only,St_05_Example3_normal,13,cube,success,/mnt/scratch/pmywe/GPU/3D_irregular_packing_stream/hpc/results/all_instances_geometry/St_05_Example3_normal_seq13_cube__minimum_aabb_edges_len__bottom__instance_size__rng42.json,148.27378344535828,146.41881680488586,True,,2,0.3090617750930065,0.3676698554714562,2,0.3090617750930065,0.3676698554714562
604,St_05_Example3_normal_seq13_cube,minimum_aabb_edges_len,bottom_top,157x157x157,St_05_Example3_normal_seq13_cube;St_05_Example3_normal_seq13_cube_999999_1,geometry_only,St_05_Example3_normal,13,cube,success,/mnt/scratch/pmywe/GPU/3D_irregular_packing_stream/hpc/results/all_instances_geometry/St_05_Example3_normal_seq13_cube__minimum_aabb_edges_len__bottom_top__instance_size__rng42.json,157.26013350486755,155.47212505340576,True,,2,0.3090617750930065,0.38480598817590045,2,0.3090617750930065,0.38480598817590045
605,St_05_Example3_normal_seq13_cube,minimum_aabb_edges_len,all,157x157x157,St_05_Example3_normal_seq13_cube;St_05_Example3_normal_seq13_cube_999999_1,geometry_only,St_05_Example3_normal,13,cube,success,/mnt/scratch/pmywe/GPU/3D_irregular_packing_stream/hpc/results/all_instances_geometry/St_05_Example3_normal_seq13_cube__minimum_aabb_edges_len__all__instance_size__rng42.json,195.85179090499878,194.03938794136047,True,,2,0.3090617750930065,0.3217866747220143,2,0.3090617750930065,0.3217866747220143
606,St_05_Example3_normal_seq13_cube,maximal_residual_box,bottom,157x157x157,St_05_Example3_normal_seq13_cube;St_05_Example3_normal_seq13_cube_999999_1,geometry_only,St_05_Example3_normal,13,cube,success,/mnt/scratch/pmywe/GPU/3D_irregular_packing_stream/hpc/results/all_instances_geometry/St_05_Example3_normal_seq13_cube__maximal_residual_box__bottom__instance_size__rng42.json,127.08224415779114,125.50371503829956,True,,2,0.3090617750930065,0.38350543542159954,2,0.3090617750930065,0.38350543542159954
607,St_05_Example3_normal_seq13_cube,maximal_residual_box,bottom_top,157x157x157,St_05_Example3_normal_seq13_cube;St_05_Example3_normal_seq13_cube_999999_1,geometry_only,St_05_Example3_normal,13,cube,success,/mnt/scratch/pmywe/GPU/3D_irregular_packing_stream/hpc/results/all_instances_geometry/St_05_Example3_normal_seq13_cube__maximal_residual_box__bottom_top__instance_size__rng42.json,130.5429651737213,128.73494267463684,True,,2,0.3090617750930065,0.38350543542159954,2,0.3090617750930065,0.38350543542159954
608,St_05_Example3_normal_seq13_cube,maximal_residual_box,all,157x157x157,St_05_Example3_normal_seq13_cube;St_05_Example3_normal_seq13_cube_999999_1,geometry_only,St_05_Example3_normal,13,cube,success,/mnt/scratch/pmywe/GPU/3D_irregular_packing_stream/hpc/results/all_instances_geometry/St_05_Example3_normal_seq13_cube__maximal_residual_box__all__instance_size__rng42.json,195.16352248191833,193.40177536010742,True,,2,0.3090617750930065,0.3217866747220143,2,0.3090617750930065,0.3217866747220143
609,St_05_Example3_normal_seq13_cube,overlap_distance,bottom,157x157x157,St_05_Example3_normal_seq13_cube;St_05_Example3_normal_seq13_cube_999999_1,geometry_only,St_05_Example3_normal,13,cube,success,/mnt/scratch/pmywe/GPU/3D_irregular_packing_stream/hpc/results/all_instances_geometry/St_05_Example3_normal_seq13_cube__overlap_distance__bottom__instance_size__rng42.json,317.33277797698975,315.54743552207947,True,,2,0.3090617750930065,0.3453785414738857,2,0.3090617750930065,0.3453785414738857
610,St_05_Example3_normal_seq13_cube,overlap_distance,bottom_top,157x157x157,St_05_Example3_normal_seq13_cube;St_05_Example3_normal_seq13_cube_999999_1,geometry_only,St_05_Example3_normal,13,cube,success,/mnt/scratch/pmywe/GPU/3D_irregular_packing_stream/hpc/results/all_instances_geometry/St_05_Example3_normal_seq13_cube__overlap_distance__bottom_top__instance_size__rng42.json,364.95797753334045,363.17097997665405,True,,2,0.3090617750930065,0.3716221611295196,2,0.3090617750930065,0.3716221611295196
611,St_05_Example3_normal_seq13_cube,overlap_distance,all,157x157x157,St_05_Example3_normal_seq13_cube;St_05_Example3_normal_seq13_cube_999999_1,geometry_only,St_05_Example3_normal,13,cube,success,/mnt/scratch/pmywe/GPU/3D_irregular_packing_stream/hpc/results/all_instances_geometry/St_05_Example3_normal_seq13_cube__overlap_distance__all__instance_size__rng42.json,680.0953335762024,678.5208611488342,True,,3,0.20604118339533764,0.29045660952382923,3,0.20604118339533764,0.29045660952382923
612,St_05_Example3_normal_seq13_cylinder,minimum_aabb_volume,bottom,174x174x174,St_05_Example3_normal_seq13_cylinder;St_05_Example3_normal_seq13_cylinder_999999_1,geometry_only,St_05_Example3_normal,13,cylinder,success,/mnt/scratch/pmywe/GPU/3D_irregular_packing_stream/hpc/results/all_instances_geometry/St_05_Example3_normal_seq13_cylinder__minimum_aabb_volume__bottom__instance_size__rng42.json,552.1649265289307,550.1203529834747,True,,2,0.2890723983275067,0.32805466813698164,2,0.2890723983275067,0.32805466813698164
613,St_05_Example3_normal_seq13_cylinder,minimum_aabb_volume,bottom_top,174x174x174,St_05_Example3_normal_seq13_cylinder;St_05_Example3_normal_seq13_cylinder_999999_1,geometry_only,St_05_Example3_normal,13,cylinder,success,/mnt/scratch/pmywe/GPU/3D_irregular_packing_stream/hpc/results/all_instances_geometry/St_05_Example3_normal_seq13_cylinder__minimum_aabb_volume__bottom_top__instance_size__rng42.json,559.8880457878113,557.93541264534,True,,2,0.2890723983275067,0.32805466813698164,2,0.2890723983275067,0.32805466813698164
614,St_05_Example3_normal_seq13_cylinder,minimum_aabb_volume,all,174x174x174,St_05_Example3_normal_seq13_cylinder;St_05_Example3_normal_seq13_cylinder_999999_1,geometry_only,St_05_Example3_normal,13,cylinder,success,/mnt/scratch/pmywe/GPU/3D_irregular_packing_stream/hpc/results/all_instances_geometry/St_05_Example3_normal_seq13_cylinder__minimum_aabb_volume__all__instance_size__rng42.json,638.8784172534943,636.9472346305847,True,,3,0.1927149322183378,0.27167057038956793,3,0.1927149322183378,0.27167057038956793
615,St_05_Example3_normal_seq13_cylinder,minimum_aabb_edges_len,bottom,174x174x174,St_05_Example3_normal_seq13_cylinder;St_05_Example3_normal_seq13_cylinder_999999_1,geometry_only,St_05_Example3_normal,13,cylinder,success,/mnt/scratch/pmywe/GPU/3D_irregular_packing_stream/hpc/results/all_instances_geometry/St_05_Example3_normal_seq13_cylinder__minimum_aabb_edges_len__bottom__instance_size__rng42.json,557.9524819850922,555.9759087562561,True,,2,0.2890723983275067,0.3451062842876694,2,0.2890723983275067,0.3451062842876694
616,St_05_Example3_normal_seq13_cylinder,minimum_aabb_edges_len,bottom_top,174x174x174,St_05_Example3_normal_seq13_cylinder;St_05_Example3_normal_seq13_cylinder_999999_1,geometry_only,St_05_Example3_normal,13,cylinder,success,/mnt/scratch/pmywe/GPU/3D_irregular_packing_stream/hpc/results/all_instances_geometry/St_05_Example3_normal_seq13_cylinder__minimum_aabb_edges_len__bottom_top__instance_size__rng42.json,591.0447669029236,589.1194026470184,True,,2,0.2890723983275067,0.3697537983332673,2,0.2890723983275067,0.3697537983332673
617,St_05_Example3_normal_seq13_cylinder,minimum_aabb_edges_len,all,174x174x174,St_05_Example3_normal_seq13_cylinder;St_05_Example3_normal_seq13_cylinder_999999_1,geometry_only,St_05_Example3_normal,13,cylinder,success,/mnt/scratch/pmywe/GPU/3D_irregular_packing_stream/hpc/results/all_instances_geometry/St_05_Example3_normal_seq13_cylinder__minimum_aabb_edges_len__all__instance_size__rng42.json,627.5194158554077,625.5231063365936,True,,2,0.2890723983275067,0.380767221881545,2,0.2890723983275067,0.380767221881545
618,St_05_Example3_normal_seq13_cylinder,maximal_residual_box,bottom,174x174x174,St_05_Example3_normal_seq13_cylinder;St_05_Example3_normal_seq13_cylinder_999999_1,geometry_only,St_05_Example3_normal,13,cylinder,success,/mnt/scratch/pmywe/GPU/3D_irregular_packing_stream/hpc/results/all_instances_geometry/St_05_Example3_normal_seq13_cylinder__maximal_residual_box__bottom__instance_size__rng42.json,567.234884262085,565.2264742851257,True,,2,0.2890723983275067,0.3157856543645708,2,0.2890723983275067,0.3157856543645708
619,St_05_Example3_normal_seq13_cylinder,maximal_residual_box,bottom_top,174x174x174,St_05_Example3_normal_seq13_cylinder;St_05_Example3_normal_seq13_cylinder_999999_1,geometry_only,St_05_Example3_normal,13,cylinder,success,/mnt/scratch/pmywe/GPU/3D_irregular_packing_stream/hpc/results/all_instances_geometry/St_05_Example3_normal_seq13_cylinder__maximal_residual_box__bottom_top__instance_size__rng42.json,555.4363372325897,553.4650065898895,True,,2,0.2890723983275067,0.34267341206512364,2,0.2890723983275067,0.34267341206512364
620,St_05_Example3_normal_seq13_cylinder,maximal_residual_box,all,174x174x174,St_05_Example3_normal_seq13_cylinder;St_05_Example3_normal_seq13_cylinder_999999_1,geometry_only,St_05_Example3_normal,13,cylinder,success,/mnt/scratch/pmywe/GPU/3D_irregular_packing_stream/hpc/results/all_instances_geometry/St_05_Example3_normal_seq13_cylinder__maximal_residual_box__all__instance_size__rng42.json,617.2702822685242,615.5408482551575,True,,3,0.1927149322183378,0.27167057038956793,3,0.1927149322183378,0.27167057038956793
621,St_05_Example3_normal_seq13_cylinder,overlap_distance,bottom,174x174x174,St_05_Example3_normal_seq13_cylinder;St_05_Example3_normal_seq13_cylinder_999999_1,geometry_only,St_05_Example3_normal,13,cylinder,success,/mnt/scratch/pmywe/GPU/3D_irregular_packing_stream/hpc/results/all_instances_geometry/St_05_Example3_normal_seq13_cylinder__overlap_distance__bottom__instance_size__rng42.json,876.8954601287842,874.9219210147858,True,,2,0.2890723983275067,0.3438898481763965,2,0.2890723983275067,0.3438898481763965
622,St_05_Example3_normal_seq13_cylinder,overlap_distance,bottom_top,174x174x174,St_05_Example3_normal_seq13_cylinder;St_05_Example3_normal_seq13_cylinder_999999_1,geometry_only,St_05_Example3_normal,13,cylinder,success,/mnt/scratch/pmywe/GPU/3D_irregular_packing_stream/hpc/results/all_instances_geometry/St_05_Example3_normal_seq13_cylinder__overlap_distance__bottom_top__instance_size__rng42.json,1011.4127764701843,1009.4444723129272,True,,2,0.2890723983275067,0.3438898481763965,2,0.2890723983275067,0.3438898481763965
623,St_05_Example3_normal_seq13_cylinder,overlap_distance,all,174x174x174,St_05_Example3_normal_seq13_cylinder;St_05_Example3_normal_seq13_cylinder_999999_1,geometry_only,St_05_Example3_normal,13,cylinder,success,/mnt/scratch/pmywe/GPU/3D_irregular_packing_stream/hpc/results/all_instances_geometry/St_05_Example3_normal_seq13_cylinder__overlap_distance__all__instance_size__rng42.json,1266.104579925537,1264.17924118042,True,,3,0.1927149322183378,0.2593974478522273,3,0.1927149322183378,0.2593974478522273
624,St_05_Example3_normal_seq19_cube,minimum_aabb_volume,bottom,157x157x157,St_05_Example3_normal_seq19_cube;St_05_Example3_normal_seq19_cube_999999_1,geometry_only,St_05_Example3_normal,19,cube,success,/mnt/scratch/pmywe/GPU/3D_irregular_packing_stream/hpc/results/all_instances_geometry/St_05_Example3_normal_seq19_cube__minimum_aabb_volume__bottom__instance_size__rng42.json,131.2258758544922,129.4113781452179,True,,2,0.3090617750930065,0.3324458841626887,2,0.3090617750930065,0.3324458841626887
625,St_05_Example3_normal_seq19_cube,minimum_aabb_volume,bottom_top,157x157x157,St_05_Example3_normal_seq19_cube;St_05_Example3_normal_seq19_cube_999999_1,geometry_only,St_05_Example3_normal,19,cube,success,/mnt/scratch/pmywe/GPU/3D_irregular_packing_stream/hpc/results/all_instances_geometry/St_05_Example3_normal_seq19_cube__minimum_aabb_volume__bottom_top__instance_size__rng42.json,138.19087100028992,136.3649263381958,True,,2,0.3090617750930065,0.3324458841626887,2,0.3090617750930065,0.3324458841626887
626,St_05_Example3_normal_seq19_cube,minimum_aabb_volume,all,157x157x157,St_05_Example3_normal_seq19_cube;St_05_Example3_normal_seq19_cube_999999_1,geometry_only,St_05_Example3_normal,19,cube,success,/mnt/scratch/pmywe/GPU/3D_irregular_packing_stream/hpc/results/all_instances_geometry/St_05_Example3_normal_seq19_cube__minimum_aabb_volume__all__instance_size__rng42.json,170.11463165283203,168.3290445804596,True,,2,0.3090617750930065,0.34913161681731253,2,0.3090617750930065,0.34913161681731253
627,St_05_Example3_normal_seq19_cube,minimum_aabb_edges_len,bottom,157x157x157,St_05_Example3_normal_seq19_cube;St_05_Example3_normal_seq19_cube_999999_1,geometry_only,St_05_Example3_normal,19,cube,success,/mnt/scratch/pmywe/GPU/3D_irregular_packing_stream/hpc/results/all_instances_geometry/St_05_Example3_normal_seq19_cube__minimum_aabb_edges_len__bottom__instance_size__rng42.json,142.73087739944458,140.95156240463257,True,,2,0.3090617750930065,0.35960606662768196,2,0.3090617750930065,0.35960606662768196
628,St_05_Example3_normal_seq19_cube,minimum_aabb_edges_len,bottom_top,157x157x157,St_05_Example3_normal_seq19_cube;St_05_Example3_normal_seq19_cube_999999_1,geometry_only,St_05_Example3_normal,19,cube,success,/mnt/scratch/pmywe/GPU/3D_irregular_packing_stream/hpc/results/all_instances_geometry/St_05_Example3_normal_seq19_cube__minimum_aabb_edges_len__bottom_top__instance_size__rng42.json,167.27188277244568,165.74254989624023,True,,2,0.3090617750930065,0.3809808178158931,2,0.3090617750930065,0.3809808178158931
629,St_05_Example3_normal_seq19_cube,minimum_aabb_edges_len,all,157x157x157,St_05_Example3_normal_seq19_cube;St_05_Example3_normal_seq19_cube_999999_1,geometry_only,St_05_Example3_normal,19,cube,success,/mnt/scratch/pmywe/GPU/3D_irregular_packing_stream/hpc/results/all_instances_geometry/St_05_Example3_normal_seq19_cube__minimum_aabb_edges_len__all__instance_size__rng42.json,195.86685466766357,194.0986967086792,True,,2,0.3090617750930065,0.34882411477526637,2,0.3090617750930065,0.34882411477526637
630,St_05_Example3_normal_seq19_cube,maximal_residual_box,bottom,157x157x157,St_05_Example3_normal_seq19_cube;St_05_Example3_normal_seq19_cube_999999_1,geometry_only,St_05_Example3_normal,19,cube,success,/mnt/scratch/pmywe/GPU/3D_irregular_packing_stream/hpc/results/all_instances_geometry/St_05_Example3_normal_seq19_cube__maximal_residual_box__bottom__instance_size__rng42.json,127.31021928787231,125.44866514205933,True,,2,0.3090617750930065,0.3324458841626887,2,0.3090617750930065,0.3324458841626887
631,St_05_Example3_normal_seq19_cube,maximal_residual_box,bottom_top,157x157x157,St_05_Example3_normal_seq19_cube;St_05_Example3_normal_seq19_cube_999999_1,geometry_only,St_05_Example3_normal,19,cube,success,/mnt/scratch/pmywe/GPU/3D_irregular_packing_stream/hpc/results/all_instances_geometry/St_05_Example3_normal_seq19_cube__maximal_residual_box__bottom_top__instance_size__rng42.json,139.39623594284058,137.59620881080627,True,,2,0.3090617750930065,0.3324458841626887,2,0.3090617750930065,0.3324458841626887
632,St_05_Example3_normal_seq19_cube,maximal_residual_box,all,157x157x157,St_05_Example3_normal_seq19_cube;St_05_Example3_normal_seq19_cube_999999_1,geometry_only,St_05_Example3_normal,19,cube,success,/mnt/scratch/pmywe/GPU/3D_irregular_packing_stream/hpc/results/all_instances_geometry/St_05_Example3_normal_seq19_cube__maximal_residual_box__all__instance_size__rng42.json,161.52182602882385,159.70971488952637,True,,3,0.20604118339533764,0.3011439851179348,3,0.20604118339533764,0.3011439851179348
633,St_05_Example3_normal_seq19_cube,overlap_distance,bottom,157x157x157,St_05_Example3_normal_seq19_cube;St_05_Example3_normal_seq19_cube_999999_1,geometry_only,St_05_Example3_normal,19,cube,success,/mnt/scratch/pmywe/GPU/3D_irregular_packing_stream/hpc/results/all_instances_geometry/St_05_Example3_normal_seq19_cube__overlap_distance__bottom__instance_size__rng42.json,303.3405213356018,301.7607252597809,True,,2,0.3090617750930065,0.3333624469720481,2,0.3090617750930065,0.3333624469720481
634,St_05_Example3_normal_seq19_cube,overlap_distance,bottom_top,157x157x157,St_05_Example3_normal_seq19_cube;St_05_Example3_normal_seq19_cube_999999_1,geometry_only,St_05_Example3_normal,19,cube,success,/mnt/scratch/pmywe/GPU/3D_irregular_packing_stream/hpc/results/all_instances_geometry/St_05_Example3_normal_seq19_cube__overlap_distance__bottom_top__instance_size__rng42.json,332.8977653980255,331.0357587337494,True,,2,0.3090617750930065,0.3333624469720481,2,0.3090617750930065,0.3333624469720481
635,St_05_Example3_normal_seq19_cube,overlap_distance,all,157x157x157,St_05_Example3_normal_seq19_cube;St_05_Example3_normal_seq19_cube_999999_1,geometry_only,St_05_Example3_normal,19,cube,success,/mnt/scratch/pmywe/GPU/3D_irregular_packing_stream/hpc/results/all_instances_geometry/St_05_Example3_normal_seq19_cube__overlap_distance__all__instance_size__rng42.json,574.4073793888092,572.6164131164551,True,,3,0.20604118339533764,0.3011439851179348,3,0.20604118339533764,0.3011439851179348
636,St_05_Example3_normal_seq19_cylinder,minimum_aabb_volume,bottom,174x174x174,St_05_Example3_normal_seq19_cylinder;St_05_Example3_normal_seq19_cylinder_999999_1,geometry_only,St_05_Example3_normal,19,cylinder,success,/mnt/scratch/pmywe/GPU/3D_irregular_packing_stream/hpc/results/all_instances_geometry/St_05_Example3_normal_seq19_cylinder__minimum_aabb_volume__bottom__instance_size__rng42.json,575.4451100826263,573.4504764080048,True,,3,0.1927149322183378,0.2816667120796403,3,0.1927149322183378,0.2816667120796403
637,St_05_Example3_normal_seq19_cylinder,minimum_aabb_volume,bottom_top,174x174x174,St_05_Example3_normal_seq19_cylinder;St_05_Example3_normal_seq19_cylinder_999999_1,geometry_only,St_05_Example3_normal,19,cylinder,success,/mnt/scratch/pmywe/GPU/3D_irregular_packing_stream/hpc/results/all_instances_geometry/St_05_Example3_normal_seq19_cylinder__minimum_aabb_volume__bottom_top__instance_size__rng42.json,596.4697651863098,594.4597189426422,True,,3,0.1927149322183378,0.2816667120796403,3,0.1927149322183378,0.2816667120796403
638,St_05_Example3_normal_seq19_cylinder,minimum_aabb_volume,all,174x174x174,St_05_Example3_normal_seq19_cylinder;St_05_Example3_normal_seq19_cylinder_999999_1,geometry_only,St_05_Example3_normal,19,cylinder,success,/mnt/scratch/pmywe/GPU/3D_irregular_packing_stream/hpc/results/all_instances_geometry/St_05_Example3_normal_seq19_cylinder__minimum_aabb_volume__all__instance_size__rng42.json,695.4200627803802,693.4302484989166,True,,3,0.1927149322183378,0.26873473700120487,3,0.1927149322183378,0.26873473700120487
639,St_05_Example3_normal_seq19_cylinder,minimum_aabb_edges_len,bottom,174x174x174,St_05_Example3_normal_seq19_cylinder;St_05_Example3_normal_seq19_cylinder_999999_1,geometry_only,St_05_Example3_normal,19,cylinder,success,/mnt/scratch/pmywe/GPU/3D_irregular_packing_stream/hpc/results/all_instances_geometry/St_05_Example3_normal_seq19_cylinder__minimum_aabb_edges_len__bottom__instance_size__rng42.json,595.5744466781616,593.8306198120117,True,,3,0.1927149322183378,0.2816667120796403,3,0.1927149322183378,0.2816667120796403
640,St_05_Example3_normal_seq19_cylinder,minimum_aabb_edges_len,bottom_top,174x174x174,St_05_Example3_normal_seq19_cylinder;St_05_Example3_normal_seq19_cylinder_999999_1,geometry_only,St_05_Example3_normal,19,cylinder,success,/mnt/scratch/pmywe/GPU/3D_irregular_packing_stream/hpc/results/all_instances_geometry/St_05_Example3_normal_seq19_cylinder__minimum_aabb_edges_len__bottom_top__instance_size__rng42.json,592.685266494751,590.6932933330536,True,,2,0.2890723983275067,0.33549032419963004,2,0.2890723983275067,0.33549032419963004
641,St_05_Example3_normal_seq19_cylinder,minimum_aabb_edges_len,all,174x174x174,St_05_Example3_normal_seq19_cylinder;St_05_Example3_normal_seq19_cylinder_999999_1,geometry_only,St_05_Example3_normal,19,cylinder,success,/mnt/scratch/pmywe/GPU/3D_irregular_packing_stream/hpc/results/all_instances_geometry/St_05_Example3_normal_seq19_cylinder__minimum_aabb_edges_len__all__instance_size__rng42.json,689.3970425128937,687.4312138557434,True,,3,0.1927149322183378,0.2816667120796403,3,0.1927149322183378,0.2816667120796403
642,St_05_Example3_normal_seq19_cylinder,maximal_residual_box,bottom,174x174x174,St_05_Example3_normal_seq19_cylinder;St_05_Example3_normal_seq19_cylinder_999999_1,geometry_only,St_05_Example3_normal,19,cylinder,success,/mnt/scratch/pmywe/GPU/3D_irregular_packing_stream/hpc/results/all_instances_geometry/St_05_Example3_normal_seq19_cylinder__maximal_residual_box__bottom__instance_size__rng42.json,574.717059135437,572.7287919521332,True,,2,0.2890723983275067,0.3109440791249487,2,0.2890723983275067,0.3109440791249487
643,St_05_Example3_normal_seq19_cylinder,maximal_residual_box,bottom_top,174x174x174,St_05_Example3_normal_seq19_cylinder;St_05_Example3_normal_seq19_cylinder_999999_1,geometry_only,St_05_Example3_normal,19,cylinder,success,/mnt/scratch/pmywe/GPU/3D_irregular_packing_stream/hpc/results/all_instances_geometry/St_05_Example3_normal_seq19_cylinder__maximal_residual_box__bottom_top__instance_size__rng42.json,570.5197741985321,568.5424540042877,True,,2,0.2890723983275067,0.3368080292818195,2,0.2890723983275067,0.3368080292818195
644,St_05_Example3_normal_seq19_cylinder,maximal_residual_box,all,174x174x174,St_05_Example3_normal_seq19_cylinder;St_05_Example3_normal_seq19_cylinder_999999_1,geometry_only,St_05_Example3_normal,19,cylinder,success,/mnt/scratch/pmywe/GPU/3D_irregular_packing_stream/hpc/results/all_instances_geometry/St_05_Example3_normal_seq19_cylinder__maximal_residual_box__all__instance_size__rng42.json,674.1396164894104,672.190491437912,True,,3,0.1927149322183378,0.26873473700120487,3,0.1927149322183378,0.26873473700120487
645,St_05_Example3_normal_seq19_cylinder,overlap_distance,bottom,174x174x174,St_05_Example3_normal_seq19_cylinder;St_05_Example3_normal_seq19_cylinder_999999_1,geometry_only,St_05_Example3_normal,19,cylinder,success,/mnt/scratch/pmywe/GPU/3D_irregular_packing_stream/hpc/results/all_instances_geometry/St_05_Example3_normal_seq19_cylinder__overlap_distance__bottom__instance_size__rng42.json,891.0759265422821,889.1446578502655,True,,2,0.2890723983275067,0.29727760189229946,2,0.2890723983275067,0.29727760189229946
646,St_05_Example3_normal_seq19_cylinder,overlap_distance,bottom_top,174x174x174,St_05_Example3_normal_seq19_cylinder;St_05_Example3_normal_seq19_cylinder_999999_1,geometry_only,St_05_Example3_normal,19,cylinder,success,/mnt/scratch/pmywe/GPU/3D_irregular_packing_stream/hpc/results/all_instances_geometry/St_05_Example3_normal_seq19_cylinder__overlap_distance__bottom_top__instance_size__rng42.json,922.3042304515839,920.5546190738678,True,,2,0.2890723983275067,0.3423857985200383,2,0.2890723983275067,0.3423857985200383
647,St_05_Example3_normal_seq19_cylinder,overlap_distance,all,174x174x174,St_05_Example3_normal_seq19_cylinder;St_05_Example3_normal_seq19_cylinder_999999_1,geometry_only,St_05_Example3_normal,19,cylinder,success,/mnt/scratch/pmywe/GPU/3D_irregular_packing_stream/hpc/results/all_instances_geometry/St_05_Example3_normal_seq19_cylinder__overlap_distance__all__instance_size__rng42.json,1226.477873325348,1224.4475786685944,True,,3,0.1927149322183378,0.2761404232490713,3,0.1927149322183378,0.2761404232490713
648,St_05_Example3_normal_seq3_cube,minimum_aabb_volume,bottom,157x157x157,St_05_Example3_normal_seq3_cube;St_05_Example3_normal_seq3_cube_999999_1,geometry_only,St_05_Example3_normal,3,cube,success,/mnt/scratch/pmywe/GPU/3D_irregular_packing_stream/hpc/results/all_instances_geometry/St_05_Example3_normal_seq3_cube__minimum_aabb_volume__bottom__instance_size__rng42.json,120.5080897808075,118.72256660461426,True,,2,0.3090617750930065,0.4086841677534754,2,0.3090617750930065,0.4086841677534754
649,St_05_Example3_normal_seq3_cube,minimum_aabb_volume,bottom_top,157x157x157,St_05_Example3_normal_seq3_cube;St_05_Example3_normal_seq3_cube_999999_1,geometry_only,St_05_Example3_normal,3,cube,success,/mnt/scratch/pmywe/GPU/3D_irregular_packing_stream/hpc/results/all_instances_geometry/St_05_Example3_normal_seq3_cube__minimum_aabb_volume__bottom_top__instance_size__rng42.json,127.72924757003784,125.93181586265564,True,,2,0.3090617750930065,0.4086841677534754,2,0.3090617750930065,0.4086841677534754
650,St_05_Example3_normal_seq3_cube,minimum_aabb_volume,all,157x157x157,St_05_Example3_normal_seq3_cube;St_05_Example3_normal_seq3_cube_999999_1,geometry_only,St_05_Example3_normal,3,cube,success,/mnt/scratch/pmywe/GPU/3D_irregular_packing_stream/hpc/results/all_instances_geometry/St_05_Example3_normal_seq3_cube__minimum_aabb_volume__all__instance_size__rng42.json,173.4183051586151,171.6154408454895,True,,3,0.20604118339533764,0.29045660952382923,3,0.20604118339533764,0.29045660952382923
651,St_05_Example3_normal_seq3_cube,minimum_aabb_edges_len,bottom,157x157x157,St_05_Example3_normal_seq3_cube;St_05_Example3_normal_seq3_cube_999999_1,geometry_only,St_05_Example3_normal,3,cube,success,/mnt/scratch/pmywe/GPU/3D_irregular_packing_stream/hpc/results/all_instances_geometry/St_05_Example3_normal_seq3_cube__minimum_aabb_edges_len__bottom__instance_size__rng42.json,140.82458901405334,139.0658314228058,True,,2,0.3090617750930065,0.37973117086183,2,0.3090617750930065,0.37973117086183
652,St_05_Example3_normal_seq3_cube,minimum_aabb_edges_len,bottom_top,157x157x157,St_05_Example3_normal_seq3_cube;St_05_Example3_normal_seq3_cube_999999_1,geometry_only,St_05_Example3_normal,3,cube,success,/mnt/scratch/pmywe/GPU/3D_irregular_packing_stream/hpc/results/all_instances_geometry/St_05_Example3_normal_seq3_cube__minimum_aabb_edges_len__bottom_top__instance_size__rng42.json,163.09061241149902,161.30215978622437,True,,2,0.3090617750930065,0.3732754368144029,2,0.3090617750930065,0.3732754368144029
653,St_05_Example3_normal_seq3_cube,minimum_aabb_edges_len,all,157x157x157,St_05_Example3_normal_seq3_cube;St_05_Example3_normal_seq3_cube_999999_1,geometry_only,St_05_Example3_normal,3,cube,success,/mnt/scratch/pmywe/GPU/3D_irregular_packing_stream/hpc/results/all_instances_geometry/St_05_Example3_normal_seq3_cube__minimum_aabb_edges_len__all__instance_size__rng42.json,211.26484441757202,209.49541115760803,True,,2,0.3090617750930065,0.37973117086183,2,0.3090617750930065,0.37973117086183
654,St_05_Example3_normal_seq3_cube,maximal_residual_box,bottom,157x157x157,St_05_Example3_normal_seq3_cube;St_05_Example3_normal_seq3_cube_999999_1,geometry_only,St_05_Example3_normal,3,cube,success,/mnt/scratch/pmywe/GPU/3D_irregular_packing_stream/hpc/results/all_instances_geometry/St_05_Example3_normal_seq3_cube__maximal_residual_box__bottom__instance_size__rng42.json,126.21664643287659,124.38366198539734,True,,2,0.3090617750930065,0.42956665726933535,2,0.3090617750930065,0.42956665726933535
655,St_05_Example3_normal_seq3_cube,maximal_residual_box,bottom_top,157x157x157,St_05_Example3_normal_seq3_cube;St_05_Example3_normal_seq3_cube_999999_1,geometry_only,St_05_Example3_normal,3,cube,success,/mnt/scratch/pmywe/GPU/3D_irregular_packing_stream/hpc/results/all_instances_geometry/St_05_Example3_normal_seq3_cube__maximal_residual_box__bottom_top__instance_size__rng42.json,138.89995574951172,137.11230206489563,True,,2,0.3090617750930065,0.42956665726933535,2,0.3090617750930065,0.42956665726933535
656,St_05_Example3_normal_seq3_cube,maximal_residual_box,all,157x157x157,St_05_Example3_normal_seq3_cube;St_05_Example3_normal_seq3_cube_999999_1,geometry_only,St_05_Example3_normal,3,cube,success,/mnt/scratch/pmywe/GPU/3D_irregular_packing_stream/hpc/results/all_instances_geometry/St_05_Example3_normal_seq3_cube__maximal_residual_box__all__instance_size__rng42.json,175.2773060798645,173.50269627571106,True,,2,0.3090617750930065,0.3351485428666891,2,0.3090617750930065,0.3351485428666891
657,St_05_Example3_normal_seq3_cube,overlap_distance,bottom,157x157x157,St_05_Example3_normal_seq3_cube;St_05_Example3_normal_seq3_cube_999999_1,geometry_only,St_05_Example3_normal,3,cube,success,/mnt/scratch/pmywe/GPU/3D_irregular_packing_stream/hpc/results/all_instances_geometry/St_05_Example3_normal_seq3_cube__overlap_distance__bottom__instance_size__rng42.json,291.57935094833374,289.80362248420715,True,,2,0.3090617750930065,0.3732754368144029,2,0.3090617750930065,0.3732754368144029
658,St_05_Example3_normal_seq3_cube,overlap_distance,bottom_top,157x157x157,St_05_Example3_normal_seq3_cube;St_05_Example3_normal_seq3_cube_999999_1,geometry_only,St_05_Example3_normal,3,cube,success,/mnt/scratch/pmywe/GPU/3D_irregular_packing_stream/hpc/results/all_instances_geometry/St_05_Example3_normal_seq3_cube__overlap_distance__bottom_top__instance_size__rng42.json,360.06479382514954,358.2684187889099,True,,2,0.3090617750930065,0.3475744678212033,2,0.3090617750930065,0.3475744678212033
659,St_05_Example3_normal_seq3_cube,overlap_distance,all,157x157x157,St_05_Example3_normal_seq3_cube;St_05_Example3_normal_seq3_cube_999999_1,geometry_only,St_05_Example3_normal,3,cube,success,/mnt/scratch/pmywe/GPU/3D_irregular_packing_stream/hpc/results/all_instances_geometry/St_05_Example3_normal_seq3_cube__overlap_distance__all__instance_size__rng42.json,679.5705680847168,677.7866387367249,True,,3,0.20604118339533764,0.29045660952382923,3,0.20604118339533764,0.29045660952382923
660,St_05_Example3_normal_seq3_cylinder,minimum_aabb_volume,bottom,174x174x174,St_05_Example3_normal_seq3_cylinder;St_05_Example3_normal_seq3_cylinder_999999_1,geometry_only,St_05_Example3_normal,3,cylinder,success,/mnt/scratch/pmywe/GPU/3D_irregular_packing_stream/hpc/results/all_instances_geometry/St_05_Example3_normal_seq3_cylinder__minimum_aabb_volume__bottom__instance_size__rng42.json,546.0618753433228,544.0450887680054,True,,3,0.1927149322183378,0.271670570389568,3,0.1927149322183378,0.271670570389568
661,St_05_Example3_normal_seq3_cylinder,minimum_aabb_volume,bottom_top,174x174x174,St_05_Example3_normal_seq3_cylinder;St_05_Example3_normal_seq3_cylinder_999999_1,geometry_only,St_05_Example3_normal,3,cylinder,success,/mnt/scratch/pmywe/GPU/3D_irregular_packing_stream/hpc/results/all_instances_geometry/St_05_Example3_normal_seq3_cylinder__minimum_aabb_volume__bottom_top__instance_size__rng42.json,559.4626836776733,557.5051739215851,True,,3,0.1927149322183378,0.271670570389568,3,0.1927149322183378,0.271670570389568
662,St_05_Example3_normal_seq3_cylinder,minimum_aabb_volume,all,174x174x174,St_05_Example3_normal_seq3_cylinder;St_05_Example3_normal_seq3_cylinder_999999_1,geometry_only,St_05_Example3_normal,3,cylinder,success,/mnt/scratch/pmywe/GPU/3D_irregular_packing_stream/hpc/results/all_instances_geometry/St_05_Example3_normal_seq3_cylinder__minimum_aabb_volume__all__instance_size__rng42.json,657.3719720840454,655.3483560085297,True,,3,0.1927149322183378,0.2587385953111325,3,0.1927149322183378,0.2587385953111325
663,St_05_Example3_normal_seq3_cylinder,minimum_aabb_edges_len,bottom,174x174x174,St_05_Example3_normal_seq3_cylinder;St_05_Example3_normal_seq3_cylinder_999999_1,geometry_only,St_05_Example3_normal,3,cylinder,success,/mnt/scratch/pmywe/GPU/3D_irregular_packing_stream/hpc/results/all_instances_geometry/St_05_Example3_normal_seq3_cylinder__minimum_aabb_edges_len__bottom__instance_size__rng42.json,584.226854801178,582.3233962059021,True,,2,0.2890723983275067,0.313471936324989,2,0.2890723983275067,0.313471936324989
664,St_05_Example3_normal_seq3_cylinder,minimum_aabb_edges_len,bottom_top,174x174x174,St_05_Example3_normal_seq3_cylinder;St_05_Example3_normal_seq3_cylinder_999999_1,geometry_only,St_05_Example3_normal,3,cylinder,success,/mnt/scratch/pmywe/GPU/3D_irregular_packing_stream/hpc/results/all_instances_geometry/St_05_Example3_normal_seq3_cylinder__minimum_aabb_edges_len__bottom_top__instance_size__rng42.json,572.2030103206635,570.2231307029724,True,,2,0.2890723983275067,0.3847938115127403,2,0.2890723983275067,0.3847938115127403
665,St_05_Example3_normal_seq3_cylinder,minimum_aabb_edges_len,all,174x174x174,St_05_Example3_normal_seq3_cylinder;St_05_Example3_normal_seq3_cylinder_999999_1,geometry_only,St_05_Example3_normal,3,cylinder,success,/mnt/scratch/pmywe/GPU/3D_irregular_packing_stream/hpc/results/all_instances_geometry/St_05_Example3_normal_seq3_cylinder__minimum_aabb_edges_len__all__instance_size__rng42.json,679.9794347286224,678.2721719741821,True,,2,0.2890723983275067,0.313471936324989,2,0.2890723983275067,0.313471936324989
666,St_05_Example3_normal_seq3_cylinder,maximal_residual_box,bottom,174x174x174,St_05_Example3_normal_seq3_cylinder;St_05_Example3_normal_seq3_cylinder_999999_1,geometry_only,St_05_Example3_normal,3,cylinder,success,/mnt/scratch/pmywe/GPU/3D_irregular_packing_stream/hpc/results/all_instances_geometry/St_05_Example3_normal_seq3_cylinder__maximal_residual_box__bottom__instance_size__rng42.json,543.9779615402222,541.991055727005,True,,2,0.2890723983275067,0.33432150142313183,2,0.2890723983275067,0.33432150142313183
667,St_05_Example3_normal_seq3_cylinder,maximal_residual_box,bottom_top,174x174x174,St_05_Example3_normal_seq3_cylinder;St_05_Example3_normal_seq3_cylinder_999999_1,geometry_only,St_05_Example3_normal,3,cylinder,success,/mnt/scratch/pmywe/GPU/3D_irregular_packing_stream/hpc/results/all_instances_geometry/St_05_Example3_normal_seq3_cylinder__maximal_residual_box__bottom_top__instance_size__rng42.json,559.1367251873016,557.1486008167267,True,,2,0.2890723983275067,0.33432150142313183,2,0.2890723983275067,0.33432150142313183
668,St_05_Example3_normal_seq3_cylinder,maximal_residual_box,all,174x174x174,St_05_Example3_normal_seq3_cylinder;St_05_Example3_normal_seq3_cylinder_999999_1,geometry_only,St_05_Example3_normal,3,cylinder,success,/mnt/scratch/pmywe/GPU/3D_irregular_packing_stream/hpc/results/all_instances_geometry/St_05_Example3_normal_seq3_cylinder__maximal_residual_box__all__instance_size__rng42.json,623.7677114009857,621.8128681182861,True,,3,0.1927149322183378,0.27167057038956793,3,0.1927149322183378,0.27167057038956793
669,St_05_Example3_normal_seq3_cylinder,overlap_distance,bottom,174x174x174,St_05_Example3_normal_seq3_cylinder;St_05_Example3_normal_seq3_cylinder_999999_1,geometry_only,St_05_Example3_normal,3,cylinder,success,/mnt/scratch/pmywe/GPU/3D_irregular_packing_stream/hpc/results/all_instances_geometry/St_05_Example3_normal_seq3_cylinder__overlap_distance__bottom__instance_size__rng42.json,854.5322868824005,852.5267460346222,True,,3,0.1927149322183378,0.27167057038956793,3,0.1927149322183378,0.27167057038956793
670,St_05_Example3_normal_seq3_cylinder,overlap_distance,bottom_top,174x174x174,St_05_Example3_normal_seq3_cylinder;St_05_Example3_normal_seq3_cylinder_999999_1,geometry_only,St_05_Example3_normal,3,cylinder,success,/mnt/scratch/pmywe/GPU/3D_irregular_packing_stream/hpc/results/all_instances_geometry/St_05_Example3_normal_seq3_cylinder__overlap_distance__bottom_top__instance_size__rng42.json,794.7538290023804,792.8331077098846,True,,2,0.2890723983275067,0.373679118993546,2,0.2890723983275067,0.373679118993546
671,St_05_Example3_normal_seq3_cylinder,overlap_distance,all,174x174x174,St_05_Example3_normal_seq3_cylinder;St_05_Example3_normal_seq3_cylinder_999999_1,geometry_only,St_05_Example3_normal,3,cylinder,success,/mnt/scratch/pmywe/GPU/3D_irregular_packing_stream/hpc/results/all_instances_geometry/St_05_Example3_normal_seq3_cylinder__overlap_distance__all__instance_size__rng42.json,1320.6631588935852,1318.700217962265,True,,3,0.1927149322183378,0.2519917616043609,3,0.1927149322183378,0.2519917616043609
672,St_05_Example3_normal_seq53_cube,minimum_aabb_volume,bottom,157x157x157,St_05_Example3_normal_seq53_cube;St_05_Example3_normal_seq53_cube_999999_1,geometry_only,St_05_Example3_normal,53,cube,success,/mnt/scratch/pmywe/GPU/3D_irregular_packing_stream/hpc/results/all_instances_geometry/St_05_Example3_normal_seq53_cube__minimum_aabb_volume__bottom__instance_size__rng42.json,124.38275408744812,122.57859206199646,True,,2,0.3090617750930065,0.34081123173173006,2,0.3090617750930065,0.34081123173173006
673,St_05_Example3_normal_seq53_cube,minimum_aabb_volume,bottom_top,157x157x157,St_05_Example3_normal_seq53_cube;St_05_Example3_normal_seq53_cube_999999_1,geometry_only,St_05_Example3_normal,53,cube,success,/mnt/scratch/pmywe/GPU/3D_irregular_packing_stream/hpc/results/all_instances_geometry/St_05_Example3_normal_seq53_cube__minimum_aabb_volume__bottom_top__instance_size__rng42.json,132.51343321800232,130.94082307815552,True,,2,0.3090617750930065,0.34081123173173006,2,0.3090617750930065,0.34081123173173006
674,St_05_Example3_normal_seq53_cube,minimum_aabb_volume,all,157x157x157,St_05_Example3_normal_seq53_cube;St_05_Example3_normal_seq53_cube_999999_1,geometry_only,St_05_Example3_normal,53,cube,success,/mnt/scratch/pmywe/GPU/3D_irregular_packing_stream/hpc/results/all_instances_geometry/St_05_Example3_normal_seq53_cube__minimum_aabb_volume__all__instance_size__rng42.json,180.48431849479675,178.67654538154602,True,,2,0.3090617750930065,0.31851991773415955,2,0.3090617750930065,0.31851991773415955
675,St_05_Example3_normal_seq53_cube,minimum_aabb_edges_len,bottom,157x157x157,St_05_Example3_normal_seq53_cube;St_05_Example3_normal_seq53_cube_999999_1,geometry_only,St_05_Example3_normal,53,cube,success,/mnt/scratch/pmywe/GPU/3D_irregular_packing_stream/hpc/results/all_instances_geometry/St_05_Example3_normal_seq53_cube__minimum_aabb_edges_len__bottom__instance_size__rng42.json,147.72339630126953,145.94810485839844,True,,2,0.3090617750930065,0.3711154287728369,2,0.3090617750930065,0.3711154287728369
676,St_05_Example3_normal_seq53_cube,minimum_aabb_edges_len,bottom_top,157x157x157,St_05_Example3_normal_seq53_cube;St_05_Example3_normal_seq53_cube_999999_1,geometry_only,St_05_Example3_normal,53,cube,success,/mnt/scratch/pmywe/GPU/3D_irregular_packing_stream/hpc/results/all_instances_geometry/St_05_Example3_normal_seq53_cube__minimum_aabb_edges_len__bottom_top__instance_size__rng42.json,169.6152069568634,168.08605027198792,True,,2,0.3090617750930065,0.3644030984836015,2,0.3090617750930065,0.3644030984836015
677,St_05_Example3_normal_seq53_cube,minimum_aabb_edges_len,all,157x157x157,St_05_Example3_normal_seq53_cube;St_05_Example3_normal_seq53_cube_999999_1,geometry_only,St_05_Example3_normal,53,cube,success,/mnt/scratch/pmywe/GPU/3D_irregular_packing_stream/hpc/results/all_instances_geometry/St_05_Example3_normal_seq53_cube__minimum_aabb_edges_len__all__instance_size__rng42.json,207.06323385238647,205.25409650802612,True,,2,0.3090617750930065,0.32319549920372476,2,0.3090617750930065,0.32319549920372476
678,St_05_Example3_normal_seq53_cube,maximal_residual_box,bottom,157x157x157,St_05_Example3_normal_seq53_cube;St_05_Example3_normal_seq53_cube_999999_1,geometry_only,St_05_Example3_normal,53,cube,success,/mnt/scratch/pmywe/GPU/3D_irregular_packing_stream/hpc/results/all_instances_geometry/St_05_Example3_normal_seq53_cube__maximal_residual_box__bottom__instance_size__rng42.json,124.72920894622803,122.92635083198547,True,,2,0.3090617750930065,0.34617236187150396,2,0.3090617750930065,0.34617236187150396
679,St_05_Example3_normal_seq53_cube,maximal_residual_box,bottom_top,157x157x157,St_05_Example3_normal_seq53_cube;St_05_Example3_normal_seq53_cube_999999_1,geometry_only,St_05_Example3_normal,53,cube,success,/mnt/scratch/pmywe/GPU/3D_irregular_packing_stream/hpc/results/all_instances_geometry/St_05_Example3_normal_seq53_cube__maximal_residual_box__bottom_top__instance_size__rng42.json,131.79496026039124,129.98348331451416,True,,2,0.3090617750930065,0.34617236187150396,2,0.3090617750930065,0.34617236187150396
680,St_05_Example3_normal_seq53_cube,maximal_residual_box,all,157x157x157,St_05_Example3_normal_seq53_cube;St_05_Example3_normal_seq53_cube_999999_1,geometry_only,St_05_Example3_normal,53,cube,success,/mnt/scratch/pmywe/GPU/3D_irregular_packing_stream/hpc/results/all_instances_geometry/St_05_Example3_normal_seq53_cube__maximal_residual_box__all__instance_size__rng42.json,182.00648713111877,180.19328546524048,True,,3,0.20604118339533764,0.2959399652651895,3,0.20604118339533764,0.2959399652651895
681,St_05_Example3_normal_seq53_cube,overlap_distance,bottom,157x157x157,St_05_Example3_normal_seq53_cube;St_05_Example3_normal_seq53_cube_999999_1,geometry_only,St_05_Example3_normal,53,cube,success,/mnt/scratch/pmywe/GPU/3D_irregular_packing_stream/hpc/results/all_instances_geometry/St_05_Example3_normal_seq53_cube__overlap_distance__bottom__instance_size__rng42.json,301.88513708114624,300.31111454963684,True,,2,0.3090617750930065,0.3947072955247083,2,0.3090617750930065,0.3947072955247083
682,St_05_Example3_normal_seq53_cube,overlap_distance,bottom_top,157x157x157,St_05_Example3_normal_seq53_cube;St_05_Example3_normal_seq53_cube_999999_1,geometry_only,St_05_Example3_normal,53,cube,success,/mnt/scratch/pmywe/GPU/3D_irregular_packing_stream/hpc/results/all_instances_geometry/St_05_Example3_normal_seq53_cube__overlap_distance__bottom_top__instance_size__rng42.json,399.6271312236786,397.8186500072479,True,,2,0.3090617750930065,0.37241598152713784,2,0.3090617750930065,0.37241598152713784
683,St_05_Example3_normal_seq53_cube,overlap_distance,all,157x157x157,St_05_Example3_normal_seq53_cube;St_05_Example3_normal_seq53_cube_999999_1,geometry_only,St_05_Example3_normal,53,cube,success,/mnt/scratch/pmywe/GPU/3D_irregular_packing_stream/hpc/results/all_instances_geometry/St_05_Example3_normal_seq53_cube__overlap_distance__all__instance_size__rng42.json,718.9846677780151,717.1808218955994,True,,2,0.3090617750930065,0.39921155442799067,2,0.3090617750930065,0.39921155442799067
684,St_05_Example3_normal_seq53_cylinder,minimum_aabb_volume,bottom,174x174x174,St_05_Example3_normal_seq53_cylinder;St_05_Example3_normal_seq53_cylinder_999999_1,geometry_only,St_05_Example3_normal,53,cylinder,success,/mnt/scratch/pmywe/GPU/3D_irregular_packing_stream/hpc/results/all_instances_geometry/St_05_Example3_normal_seq53_cylinder__minimum_aabb_volume__bottom__instance_size__rng42.json,532.8996784687042,530.9231126308441,True,,2,0.2890723983275067,0.3433146210862258,2,0.2890723983275067,0.3433146210862258
685,St_05_Example3_normal_seq53_cylinder,minimum_aabb_volume,bottom_top,174x174x174,St_05_Example3_normal_seq53_cylinder;St_05_Example3_normal_seq53_cylinder_999999_1,geometry_only,St_05_Example3_normal,53,cylinder,success,/mnt/scratch/pmywe/GPU/3D_irregular_packing_stream/hpc/results/all_instances_geometry/St_05_Example3_normal_seq53_cylinder__minimum_aabb_volume__bottom_top__instance_size__rng42.json,582.221343755722,580.212126493454,True,,2,0.2890723983275067,0.32246505598808295,2,0.2890723983275067,0.32246505598808295
686,St_05_Example3_normal_seq53_cylinder,minimum_aabb_volume,all,174x174x174,St_05_Example3_normal_seq53_cylinder;St_05_Example3_normal_seq53_cylinder_999999_1,geometry_only,St_05_Example3_normal,53,cylinder,success,/mnt/scratch/pmywe/GPU/3D_irregular_packing_stream/hpc/results/all_instances_geometry/St_05_Example3_normal_seq53_cylinder__minimum_aabb_volume__all__instance_size__rng42.json,642.0373954772949,640.0106918811798,True,,3,0.1927149322183378,0.2786476157784352,3,0.1927149322183378,0.2786476157784352
687,St_05_Example3_normal_seq53_cylinder,minimum_aabb_edges_len,bottom,174x174x174,St_05_Example3_normal_seq53_cylinder;St_05_Example3_normal_seq53_cylinder_999999_1,geometry_only,St_05_Example3_normal,53,cylinder,success,/mnt/scratch/pmywe/GPU/3D_irregular_packing_stream/hpc/results/all_instances_geometry/St_05_Example3_normal_seq53_cylinder__minimum_aabb_edges_len__bottom__instance_size__rng42.json,603.5686209201813,601.6221725940704,True,,3,0.1927149322183378,0.276799275790166,3,0.1927149322183378,0.276799275790166
688,St_05_Example3_normal_seq53_cylinder,minimum_aabb_edges_len,bottom_top,174x174x174,St_05_Example3_normal_seq53_cylinder;St_05_Example3_normal_seq53_cylinder_999999_1,geometry_only,St_05_Example3_normal,53,cylinder,success,/mnt/scratch/pmywe/GPU/3D_irregular_packing_stream/hpc/results/all_instances_geometry/St_05_Example3_normal_seq53_cylinder__minimum_aabb_edges_len__bottom_top__instance_size__rng42.json,597.9589004516602,596.2331297397614,True,,2,0.2890723983275067,0.3212486198768101,2,0.2890723983275067,0.3212486198768101
689,St_05_Example3_normal_seq53_cylinder,minimum_aabb_edges_len,all,174x174x174,St_05_Example3_normal_seq53_cylinder;St_05_Example3_normal_seq53_cylinder_999999_1,geometry_only,St_05_Example3_normal,53,cylinder,success,/mnt/scratch/pmywe/GPU/3D_irregular_packing_stream/hpc/results/all_instances_geometry/St_05_Example3_normal_seq53_cylinder__minimum_aabb_edges_len__all__instance_size__rng42.json,670.5572419166565,668.5984899997711,True,,2,0.2890723983275067,0.29670237480212874,2,0.2890723983275067,0.29670237480212874
690,St_05_Example3_normal_seq53_cylinder,maximal_residual_box,bottom,174x174x174,St_05_Example3_normal_seq53_cylinder;St_05_Example3_normal_seq53_cylinder_999999_1,geometry_only,St_05_Example3_normal,53,cylinder,success,/mnt/scratch/pmywe/GPU/3D_irregular_packing_stream/hpc/results/all_instances_geometry/St_05_Example3_normal_seq53_cylinder__maximal_residual_box__bottom__instance_size__rng42.json,542.3026506900787,540.288179397583,True,,2,0.2890723983275067,0.3445310571974986,2,0.2890723983275067,0.3445310571974986
691,St_05_Example3_normal_seq53_cylinder,maximal_residual_box,bottom_top,174x174x174,St_05_Example3_normal_seq53_cylinder;St_05_Example3_normal_seq53_cylinder_999999_1,geometry_only,St_05_Example3_normal,53,cylinder,success,/mnt/scratch/pmywe/GPU/3D_irregular_packing_stream/hpc/results/all_instances_geometry/St_05_Example3_normal_seq53_cylinder__maximal_residual_box__bottom_top__instance_size__rng42.json,565.5031094551086,563.4688093662262,True,,2,0.2890723983275067,0.3445310571974986,2,0.2890723983275067,0.3445310571974986
692,St_05_Example3_normal_seq53_cylinder,maximal_residual_box,all,174x174x174,St_05_Example3_normal_seq53_cylinder;St_05_Example3_normal_seq53_cylinder_999999_1,geometry_only,St_05_Example3_normal,53,cylinder,success,/mnt/scratch/pmywe/GPU/3D_irregular_packing_stream/hpc/results/all_instances_geometry/St_05_Example3_normal_seq53_cylinder__maximal_residual_box__all__instance_size__rng42.json,694.9776947498322,692.9992046356201,True,,3,0.1927149322183378,0.2761404232490713,3,0.1927149322183378,0.2761404232490713
693,St_05_Example3_normal_seq53_cylinder,overlap_distance,bottom,174x174x174,St_05_Example3_normal_seq53_cylinder;St_05_Example3_normal_seq53_cylinder_999999_1,geometry_only,St_05_Example3_normal,53,cylinder,success,/mnt/scratch/pmywe/GPU/3D_irregular_packing_stream/hpc/results/all_instances_geometry/St_05_Example3_normal_seq53_cylinder__overlap_distance__bottom__instance_size__rng42.json,806.4521195888519,804.5054535865784,True,,2,0.2890723983275067,0.3212486198768101,2,0.2890723983275067,0.3212486198768101
694,St_05_Example3_normal_seq53_cylinder,overlap_distance,bottom_top,174x174x174,St_05_Example3_normal_seq53_cylinder;St_05_Example3_normal_seq53_cylinder_999999_1,geometry_only,St_05_Example3_normal,53,cylinder,success,/mnt/scratch/pmywe/GPU/3D_irregular_packing_stream/hpc/results/all_instances_geometry/St_05_Example3_normal_seq53_cylinder__overlap_distance__bottom_top__instance_size__rng42.json,921.9607520103455,919.9851176738739,True,,2,0.2890723983275067,0.34832900614495377,2,0.2890723983275067,0.34832900614495377
695,St_05_Example3_normal_seq53_cylinder,overlap_distance,all,174x174x174,St_05_Example3_normal_seq53_cylinder;St_05_Example3_normal_seq53_cylinder_999999_1,geometry_only,St_05_Example3_normal,53,cylinder,success,/mnt/scratch/pmywe/GPU/3D_irregular_packing_stream/hpc/results/all_instances_geometry/St_05_Example3_normal_seq53_cylinder__overlap_distance__all__instance_size__rng42.json,1313.9140045642853,1311.88147854805,True,,3,0.1927149322183378,0.26571564069999987,3,0.1927149322183378,0.26571564069999987
696,St_05_Example3_normal_seq7_cube,minimum_aabb_volume,bottom,157x157x157,St_05_Example3_normal_seq7_cube;St_05_Example3_normal_seq7_cube_999999_1,geometry_only,St_05_Example3_normal,7,cube,success,/mnt/scratch/pmywe/GPU/3D_irregular_packing_stream/hpc/results/all_instances_geometry/St_05_Example3_normal_seq7_cube__minimum_aabb_volume__bottom__instance_size__rng42.json,139.43018984794617,137.85560727119446,True,,2,0.3090617750930065,0.37722774247246627,2,0.3090617750930065,0.37722774247246627
697,St_05_Example3_normal_seq7_cube,minimum_aabb_volume,bottom_top,157x157x157,St_05_Example3_normal_seq7_cube;St_05_Example3_normal_seq7_cube_999999_1,geometry_only,St_05_Example3_normal,7,cube,success,/mnt/scratch/pmywe/GPU/3D_irregular_packing_stream/hpc/results/all_instances_geometry/St_05_Example3_normal_seq7_cube__minimum_aabb_volume__bottom_top__instance_size__rng42.json,137.7623689174652,136.20020413398743,True,,2,0.3090617750930065,0.37722774247246627,2,0.3090617750930065,0.37722774247246627
698,St_05_Example3_normal_seq7_cube,minimum_aabb_volume,all,157x157x157,St_05_Example3_normal_seq7_cube;St_05_Example3_normal_seq7_cube_999999_1,geometry_only,St_05_Example3_normal,7,cube,success,/mnt/scratch/pmywe/GPU/3D_irregular_packing_stream/hpc/results/all_instances_geometry/St_05_Example3_normal_seq7_cube__minimum_aabb_volume__all__instance_size__rng42.json,175.75257420539856,173.9712314605713,True,,3,0.20604118339533764,0.2979161180942212,3,0.20604118339533764,0.2979161180942212
699,St_05_Example3_normal_seq7_cube,minimum_aabb_edges_len,bottom,157x157x157,St_05_Example3_normal_seq7_cube;St_05_Example3_normal_seq7_cube_999999_1,geometry_only,St_05_Example3_normal,7,cube,success,/mnt/scratch/pmywe/GPU/3D_irregular_packing_stream/hpc/results/all_instances_geometry/St_05_Example3_normal_seq7_cube__minimum_aabb_edges_len__bottom__instance_size__rng42.json,156.22596049308777,154.42696714401245,True,,2,0.3090617750930065,0.34001741133411184,2,0.3090617750930065,0.34001741133411184
700,St_05_Example3_normal_seq7_cube,minimum_aabb_edges_len,bottom_top,157x157x157,St_05_Example3_normal_seq7_cube;St_05_Example3_normal_seq7_cube_999999_1,geometry_only,St_05_Example3_normal,7,cube,success,/mnt/scratch/pmywe/GPU/3D_irregular_packing_stream/hpc/results/all_instances_geometry/St_05_Example3_normal_seq7_cube__minimum_aabb_edges_len__bottom_top__instance_size__rng42.json,188.37421464920044,186.83326840400696,True,,2,0.3090617750930065,0.35363587572059485,2,0.3090617750930065,0.35363587572059485
701,St_05_Example3_normal_seq7_cube,minimum_aabb_edges_len,all,157x157x157,St_05_Example3_normal_seq7_cube;St_05_Example3_normal_seq7_cube_999999_1,geometry_only,St_05_Example3_normal,7,cube,success,/mnt/scratch/pmywe/GPU/3D_irregular_packing_stream/hpc/results/all_instances_geometry/St_05_Example3_normal_seq7_cube__minimum_aabb_edges_len__all__instance_size__rng42.json,200.4666690826416,198.69314789772034,True,,2,0.3090617750930065,0.34001741133411184,2,0.3090617750930065,0.34001741133411184
702,St_05_Example3_normal_seq7_cube,maximal_residual_box,bottom,157x157x157,St_05_Example3_normal_seq7_cube;St_05_Example3_normal_seq7_cube_999999_1,geometry_only,St_05_Example3_normal,7,cube,success,/mnt/scratch/pmywe/GPU/3D_irregular_packing_stream/hpc/results/all_instances_geometry/St_05_Example3_normal_seq7_cube__maximal_residual_box__bottom__instance_size__rng42.json,132.73594737052917,130.8845353126526,True,,2,0.3090617750930065,0.3930633224226096,2,0.3090617750930065,0.3930633224226096
703,St_05_Example3_normal_seq7_cube,maximal_residual_box,bottom_top,157x157x157,St_05_Example3_normal_seq7_cube;St_05_Example3_normal_seq7_cube_999999_1,geometry_only,St_05_Example3_normal,7,cube,success,/mnt/scratch/pmywe/GPU/3D_irregular_packing_stream/hpc/results/all_instances_geometry/St_05_Example3_normal_seq7_cube__maximal_residual_box__bottom_top__instance_size__rng42.json,134.01061868667603,132.19391107559204,True,,2,0.3090617750930065,0.3930633224226096,2,0.3090617750930065,0.3930633224226096
704,St_05_Example3_normal_seq7_cube,maximal_residual_box,all,157x157x157,St_05_Example3_normal_seq7_cube;St_05_Example3_normal_seq7_cube_999999_1,geometry_only,St_05_Example3_normal,7,cube,success,/mnt/scratch/pmywe/GPU/3D_irregular_packing_stream/hpc/results/all_instances_geometry/St_05_Example3_normal_seq7_cube__maximal_residual_box__all__instance_size__rng42.json,182.75075387954712,181.2021050453186,True,,2,0.3090617750930065,0.3102628418925278,2,0.3090617750930065,0.3102628418925278
705,St_05_Example3_normal_seq7_cube,overlap_distance,bottom,157x157x157,St_05_Example3_normal_seq7_cube;St_05_Example3_normal_seq7_cube_999999_1,geometry_only,St_05_Example3_normal,7,cube,success,/mnt/scratch/pmywe/GPU/3D_irregular_packing_stream/hpc/results/all_instances_geometry/St_05_Example3_normal_seq7_cube__overlap_distance__bottom__instance_size__rng42.json,330.86375546455383,329.0894341468811,True,,2,0.3090617750930065,0.3846000393292528,2,0.3090617750930065,0.3846000393292528
706,St_05_Example3_normal_seq7_cube,overlap_distance,bottom_top,157x157x157,St_05_Example3_normal_seq7_cube;St_05_Example3_normal_seq7_cube_999999_1,geometry_only,St_05_Example3_normal,7,cube,success,/mnt/scratch/pmywe/GPU/3D_irregular_packing_stream/hpc/results/all_instances_geometry/St_05_Example3_normal_seq7_cube__overlap_distance__bottom_top__instance_size__rng42.json,494.4397418498993,492.64547181129456,True,,2,0.3090617750930065,0.3859005920835537,2,0.3090617750930065,0.3859005920835537
707,St_05_Example3_normal_seq7_cube,overlap_distance,all,157x157x157,St_05_Example3_normal_seq7_cube;St_05_Example3_normal_seq7_cube_999999_1,geometry_only,St_05_Example3_normal,7,cube,success,/mnt/scratch/pmywe/GPU/3D_irregular_packing_stream/hpc/results/all_instances_geometry/St_05_Example3_normal_seq7_cube__overlap_distance__all__instance_size__rng42.json,623.9953103065491,622.1704077720642,True,,3,0.20604118339533764,0.29523555302433424,3,0.20604118339533764,0.29523555302433424
708,St_05_Example3_normal_seq7_cylinder,minimum_aabb_volume,bottom,174x174x174,St_05_Example3_normal_seq7_cylinder;St_05_Example3_normal_seq7_cylinder_999999_1,geometry_only,St_05_Example3_normal,7,cylinder,success,/mnt/scratch/pmywe/GPU/3D_irregular_packing_stream/hpc/results/all_instances_geometry/St_05_Example3_normal_seq7_cylinder__minimum_aabb_volume__bottom__instance_size__rng42.json,565.5401628017426,563.5353581905365,True,,2,0.2890723983275067,0.29595989681011003,2,0.2890723983275067,0.29595989681011003
709,St_05_Example3_normal_seq7_cylinder,minimum_aabb_volume,bottom_top,174x174x174,St_05_Example3_normal_seq7_cylinder;St_05_Example3_normal_seq7_cylinder_999999_1,geometry_only,St_05_Example3_normal,7,cylinder,success,/mnt/scratch/pmywe/GPU/3D_irregular_packing_stream/hpc/results/all_instances_geometry/St_05_Example3_normal_seq7_cylinder__minimum_aabb_volume__bottom_top__instance_size__rng42.json,585.0125172138214,583.2708847522736,True,,2,0.2890723983275067,0.29595989681011003,2,0.2890723983275067,0.29595989681011003
710,St_05_Example3_normal_seq7_cylinder,minimum_aabb_volume,all,174x174x174,St_05_Example3_normal_seq7_cylinder;St_05_Example3_normal_seq7_cylinder_999999_1,geometry_only,St_05_Example3_normal,7,cylinder,success,/mnt/scratch/pmywe/GPU/3D_irregular_packing_stream/hpc/results/all_instances_geometry/St_05_Example3_normal_seq7_cylinder__minimum_aabb_volume__all__instance_size__rng42.json,631.6596503257751,629.6915543079376,True,,2,0.2890723983275067,0.29019578299772253,2,0.2890723983275067,0.29019578299772253
711,St_05_Example3_normal_seq7_cylinder,minimum_aabb_edges_len,bottom,174x174x174,St_05_Example3_normal_seq7_cylinder;St_05_Example3_normal_seq7_cylinder_999999_1,geometry_only,St_05_Example3_normal,7,cylinder,success,/mnt/scratch/pmywe/GPU/3D_irregular_packing_stream/hpc/results/all_instances_geometry/St_05_Example3_normal_seq7_cylinder__minimum_aabb_edges_len__bottom__instance_size__rng42.json,590.1326582431793,588.1206831932068,True,,2,0.2890723983275067,0.3168094619082528,2,0.2890723983275067,0.3168094619082528
712,St_05_Example3_normal_seq7_cylinder,minimum_aabb_edges_len,bottom_top,174x174x174,St_05_Example3_normal_seq7_cylinder;St_05_Example3_normal_seq7_cylinder_999999_1,geometry_only,St_05_Example3_normal,7,cylinder,success,/mnt/scratch/pmywe/GPU/3D_irregular_packing_stream/hpc/results/all_instances_geometry/St_05_Example3_normal_seq7_cylinder__minimum_aabb_edges_len__bottom_top__instance_size__rng42.json,583.6864666938782,581.7626996040344,True,,2,0.2890723983275067,0.378693504052274,2,0.2890723983275067,0.378693504052274
713,St_05_Example3_normal_seq7_cylinder,minimum_aabb_edges_len,all,174x174x174,St_05_Example3_normal_seq7_cylinder;St_05_Example3_normal_seq7_cylinder_999999_1,geometry_only,St_05_Example3_normal,7,cylinder,success,/mnt/scratch/pmywe/GPU/3D_irregular_packing_stream/hpc/results/all_instances_geometry/St_05_Example3_normal_seq7_cylinder__minimum_aabb_edges_len__all__instance_size__rng42.json,673.0054221153259,671.058224439621,True,,3,0.1927149322183378,0.2786476157784353,3,0.1927149322183378,0.2786476157784353
714,St_05_Example3_normal_seq7_cylinder,maximal_residual_box,bottom,174x174x174,St_05_Example3_normal_seq7_cylinder;St_05_Example3_normal_seq7_cylinder_999999_1,geometry_only,St_05_Example3_normal,7,cylinder,success,/mnt/scratch/pmywe/GPU/3D_irregular_packing_stream/hpc/results/all_instances_geometry/St_05_Example3_normal_seq7_cylinder__maximal_residual_box__bottom__instance_size__rng42.json,575.1338336467743,573.1644244194031,True,,2,0.2890723983275067,0.29595989681011003,2,0.2890723983275067,0.29595989681011003
715,St_05_Example3_normal_seq7_cylinder,maximal_residual_box,bottom_top,174x174x174,St_05_Example3_normal_seq7_cylinder;St_05_Example3_normal_seq7_cylinder_999999_1,geometry_only,St_05_Example3_normal,7,cylinder,success,/mnt/scratch/pmywe/GPU/3D_irregular_packing_stream/hpc/results/all_instances_geometry/St_05_Example3_normal_seq7_cylinder__maximal_residual_box__bottom_top__instance_size__rng42.json,588.2870399951935,586.2833092212677,True,,2,0.2890723983275067,0.29595989681011003,2,0.2890723983275067,0.29595989681011003
716,St_05_Example3_normal_seq7_cylinder,maximal_residual_box,all,174x174x174,St_05_Example3_normal_seq7_cylinder;St_05_Example3_normal_seq7_cylinder_999999_1,geometry_only,St_05_Example3_normal,7,cylinder,success,/mnt/scratch/pmywe/GPU/3D_irregular_packing_stream/hpc/results/all_instances_geometry/St_05_Example3_normal_seq7_cylinder__maximal_residual_box__all__instance_size__rng42.json,629.8205480575562,628.1001524925232,True,,2,0.2890723983275067,0.29019578299772253,2,0.2890723983275067,0.29019578299772253
717,St_05_Example3_normal_seq7_cylinder,overlap_distance,bottom,174x174x174,St_05_Example3_normal_seq7_cylinder;St_05_Example3_normal_seq7_cylinder_999999_1,geometry_only,St_05_Example3_normal,7,cylinder,success,/mnt/scratch/pmywe/GPU/3D_irregular_packing_stream/hpc/results/all_instances_geometry/St_05_Example3_normal_seq7_cylinder__overlap_distance__bottom__instance_size__rng42.json,895.4495687484741,893.4586238861084,True,,2,0.2890723983275067,0.3400918992289414,2,0.2890723983275067,0.3400918992289414
718,St_05_Example3_normal_seq7_cylinder,overlap_distance,bottom_top,174x174x174,St_05_Example3_normal_seq7_cylinder;St_05_Example3_normal_seq7_cylinder_999999_1,geometry_only,St_05_Example3_normal,7,cylinder,success,/mnt/scratch/pmywe/GPU/3D_irregular_packing_stream/hpc/results/all_instances_geometry/St_05_Example3_normal_seq7_cylinder__overlap_distance__bottom_top__instance_size__rng42.json,952.1739635467529,950.1239042282104,True,,2,0.2890723983275067,0.33887546311766853,2,0.2890723983275067,0.33887546311766853
719,St_05_Example3_normal_seq7_cylinder,overlap_distance,all,174x174x174,St_05_Example3_normal_seq7_cylinder;St_05_Example3_normal_seq7_cylinder_999999_1,geometry_only,St_05_Example3_normal,7,cylinder,success,/mnt/scratch/pmywe/GPU/3D_irregular_packing_stream/hpc/results/all_instances_geometry/St_05_Example3_normal_seq7_cylinder__overlap_distance__all__instance_size__rng42.json,1260.6115233898163,1258.6425955295563,True,,3,0.1927149322183378,0.23788903021298974,3,0.1927149322183378,0.23788903021298974
720,chess_seq13_cube,minimum_aabb_volume,bottom,56x56x56,chess_seq13_cube;chess_seq13_cube_999999_1,geometry_only,chess,13,cube,success,/mnt/scratch/pmywe/GPU/3D_irregular_packing_stream/hpc/results/all_instances_geometry/chess_seq13_cube__minimum_aabb_volume__bottom__instance_size__rng42.json,7.037362575531006,5.762813091278076,True,,3,0.23624650753158405,0.2681532434402332,3,0.23624650753158405,0.2681532434402332
721,chess_seq13_cube,minimum_aabb_volume,bottom_top,56x56x56,chess_seq13_cube;chess_seq13_cube_999999_1,geometry_only,chess,13,cube,success,/mnt/scratch/pmywe/GPU/3D_irregular_packing_stream/hpc/results/all_instances_geometry/chess_seq13_cube__minimum_aabb_volume__bottom_top__instance_size__rng42.json,7.3863890171051025,6.317079305648804,True,,3,0.23624650753158405,0.2681532434402332,3,0.23624650753158405,0.2681532434402332
722,chess_seq13_cube,minimum_aabb_volume,all,56x56x56,chess_seq13_cube;chess_seq13_cube_999999_1,geometry_only,chess,13,cube,success,/mnt/scratch/pmywe/GPU/3D_irregular_packing_stream/hpc/results/all_instances_geometry/chess_seq13_cube__minimum_aabb_volume__all__instance_size__rng42.json,9.683988571166992,8.623540878295898,True,,4,0.17718488064868804,0.21560488034499514,4,0.17718488064868804,0.21560488034499514
723,chess_seq13_cube,minimum_aabb_edges_len,bottom,56x56x56,chess_seq13_cube;chess_seq13_cube_999999_1,geometry_only,chess,13,cube,success,/mnt/scratch/pmywe/GPU/3D_irregular_packing_stream/hpc/results/all_instances_geometry/chess_seq13_cube__minimum_aabb_edges_len__bottom__instance_size__rng42.json,7.363424301147461,6.31544303894043,True,,3,0.23624650753158405,0.2681532434402332,3,0.23624650753158405,0.2681532434402332
724,chess_seq13_cube,minimum_aabb_edges_len,bottom_top,56x56x56,chess_seq13_cube;chess_seq13_cube_999999_1,geometry_only,chess,13,cube,success,/mnt/scratch/pmywe/GPU/3D_irregular_packing_stream/hpc/results/all_instances_geometry/chess_seq13_cube__minimum_aabb_edges_len__bottom_top__instance_size__rng42.json,7.8031275272369385,6.7301084995269775,True,,3,0.23624650753158405,0.2617614568148688,3,0.23624650753158405,0.2617614568148688
725,chess_seq13_cube,minimum_aabb_edges_len,all,56x56x56,chess_seq13_cube;chess_seq13_cube_999999_1,geometry_only,chess,13,cube,success,/mnt/scratch/pmywe/GPU/3D_irregular_packing_stream/hpc/results/all_instances_geometry/chess_seq13_cube__minimum_aabb_edges_len__all__instance_size__rng42.json,10.123987674713135,9.066659927368164,True,,4,0.17718488064868804,0.21560488034499514,4,0.17718488064868804,0.21560488034499514
726,chess_seq13_cube,maximal_residual_box,bottom,56x56x56,chess_seq13_cube;chess_seq13_cube_999999_1,geometry_only,chess,13,cube,success,/mnt/scratch/pmywe/GPU/3D_irregular_packing_stream/hpc/results/all_instances_geometry/chess_seq13_cube__maximal_residual_box__bottom__instance_size__rng42.json,7.094260931015015,6.027679681777954,True,,3,0.23624650753158405,0.2681532434402332,3,0.23624650753158405,0.2681532434402332
727,chess_seq13_cube,maximal_residual_box,bottom_top,56x56x56,chess_seq13_cube;chess_seq13_cube_999999_1,geometry_only,chess,13,cube,success,/mnt/scratch/pmywe/GPU/3D_irregular_packing_stream/hpc/results/all_instances_geometry/chess_seq13_cube__maximal_residual_box__bottom_top__instance_size__rng42.json,7.56635594367981,6.430944204330444,True,,3,0.23624650753158405,0.2681532434402332,3,0.23624650753158405,0.2681532434402332
728,chess_seq13_cube,maximal_residual_box,all,56x56x56,chess_seq13_cube;chess_seq13_cube_999999_1,geometry_only,chess,13,cube,success,/mnt/scratch/pmywe/GPU/3D_irregular_packing_stream/hpc/results/all_instances_geometry/chess_seq13_cube__maximal_residual_box__all__instance_size__rng42.json,9.657368898391724,8.58948540687561,True,,3,0.23624650753158405,0.25536967018950435,3,0.23624650753158405,0.25536967018950435
729,chess_seq13_cube,overlap_distance,bottom,56x56x56,chess_seq13_cube;chess_seq13_cube_999999_1,geometry_only,chess,13,cube,success,/mnt/scratch/pmywe/GPU/3D_irregular_packing_stream/hpc/results/all_instances_geometry/chess_seq13_cube__overlap_distance__bottom__instance_size__rng42.json,15.811925888061523,14.747953653335571,True,,4,0.17718488064868804,0.2263821823372206,4,0.17718488064868804,0.2263821823372206
730,chess_seq13_cube,overlap_distance,bottom_top,56x56x56,chess_seq13_cube;chess_seq13_cube_999999_1,geometry_only,chess,13,cube,success,/mnt/scratch/pmywe/GPU/3D_irregular_packing_stream/hpc/results/all_instances_geometry/chess_seq13_cube__overlap_distance__bottom_top__instance_size__rng42.json,20.453317642211914,19.385337352752686,True,,4,0.17718488064868804,0.2263821823372206,4,0.17718488064868804,0.2263821823372206
731,chess_seq13_cube,overlap_distance,all,56x56x56,chess_seq13_cube;chess_seq13_cube_999999_1,geometry_only,chess,13,cube,success,/mnt/scratch/pmywe/GPU/3D_irregular_packing_stream/hpc/results/all_instances_geometry/chess_seq13_cube__overlap_distance__all__instance_size__rng42.json,34.03510665893555,32.97127938270569,True,,4,0.17718488064868804,0.19225469205539358,4,0.17718488064868804,0.19225469205539358
732,chess_seq13_cylinder,minimum_aabb_volume,bottom,62x62x62,chess_seq13_cylinder;chess_seq13_cylinder_999999_1,geometry_only,chess,13,cylinder,success,/mnt/scratch/pmywe/GPU/3D_irregular_packing_stream/hpc/results/all_instances_geometry/chess_seq13_cylinder__minimum_aabb_volume__bottom__instance_size__rng42.json,25.660712718963623,24.48924946784973,True,,3,0.22164836300533547,0.2304196661080525,3,0.22164836300533547,0.2304196661080525
733,chess_seq13_cylinder,minimum_aabb_volume,bottom_top,62x62x62,chess_seq13_cylinder;chess_seq13_cylinder_999999_1,geometry_only,chess,13,cylinder,success,/mnt/scratch/pmywe/GPU/3D_irregular_packing_stream/hpc/results/all_instances_geometry/chess_seq13_cylinder__minimum_aabb_volume__bottom_top__instance_size__rng42.json,26.836859703063965,25.739556312561035,True,,3,0.22164836300533547,0.2304196661080525,3,0.22164836300533547,0.2304196661080525
734,chess_seq13_cylinder,minimum_aabb_volume,all,62x62x62,chess_seq13_cylinder;chess_seq13_cylinder_999999_1,geometry_only,chess,13,cylinder,success,/mnt/scratch/pmywe/GPU/3D_irregular_packing_stream/hpc/results/all_instances_geometry/chess_seq13_cylinder__minimum_aabb_volume__all__instance_size__rng42.json,31.662762880325317,30.579688549041748,True,,4,0.1662362722540016,0.19302743447688794,4,0.1662362722540016,0.19302743447688794
735,chess_seq13_cylinder,minimum_aabb_edges_len,bottom,62x62x62,chess_seq13_cylinder;chess_seq13_cylinder_999999_1,geometry_only,chess,13,cylinder,success,/mnt/scratch/pmywe/GPU/3D_irregular_packing_stream/hpc/results/all_instances_geometry/chess_seq13_cylinder__minimum_aabb_edges_len__bottom__instance_size__rng42.json,25.892624855041504,24.66481375694275,True,,3,0.22164836300533547,0.2304196661080525,3,0.22164836300533547,0.2304196661080525
736,chess_seq13_cylinder,minimum_aabb_edges_len,bottom_top,62x62x62,chess_seq13_cylinder;chess_seq13_cylinder_999999_1,geometry_only,chess,13,cylinder,success,/mnt/scratch/pmywe/GPU/3D_irregular_packing_stream/hpc/results/all_instances_geometry/chess_seq13_cylinder__minimum_aabb_edges_len__bottom_top__instance_size__rng42.json,26.094246864318848,24.871520042419434,True,,3,0.22164836300533547,0.25158351784376276,3,0.22164836300533547,0.25158351784376276
737,chess_seq13_cylinder,minimum_aabb_edges_len,all,62x62x62,chess_seq13_cylinder;chess_seq13_cylinder_999999_1,geometry_only,chess,13,cylinder,success,/mnt/scratch/pmywe/GPU/3D_irregular_packing_stream/hpc/results/all_instances_geometry/chess_seq13_cylinder__minimum_aabb_edges_len__all__instance_size__rng42.json,31.160942554473877,29.97812247276306,True,,4,0.1662362722540016,0.20228222327494305,4,0.1662362722540016,0.20228222327494305
738,chess_seq13_cylinder,maximal_residual_box,bottom,62x62x62,chess_seq13_cylinder;chess_seq13_cylinder_999999_1,geometry_only,chess,13,cylinder,success,/mnt/scratch/pmywe/GPU/3D_irregular_packing_stream/hpc/results/all_instances_geometry/chess_seq13_cylinder__maximal_residual_box__bottom__instance_size__rng42.json,25.06014609336853,23.958784103393555,True,,3,0.22164836300533547,0.25158351784376276,3,0.22164836300533547,0.25158351784376276
739,chess_seq13_cylinder,maximal_residual_box,bottom_top,62x62x62,chess_seq13_cylinder;chess_seq13_cylinder_999999_1,geometry_only,chess,13,cylinder,success,/mnt/scratch/pmywe/GPU/3D_irregular_packing_stream/hpc/results/all_instances_geometry/chess_seq13_cylinder__maximal_residual_box__bottom_top__instance_size__rng42.json,26.02751612663269,24.93634819984436,True,,3,0.22164836300533547,0.25158351784376276,3,0.22164836300533547,0.25158351784376276
740,chess_seq13_cylinder,maximal_residual_box,all,62x62x62,chess_seq13_cylinder;chess_seq13_cylinder_999999_1,geometry_only,chess,13,cylinder,success,/mnt/scratch/pmywe/GPU/3D_irregular_packing_stream/hpc/results/all_instances_geometry/chess_seq13_cylinder__maximal_residual_box__all__instance_size__rng42.json,30.35557198524475,29.266043663024902,True,,4,0.1662362722540016,0.21239357420728033,4,0.1662362722540016,0.21239357420728033
741,chess_seq13_cylinder,overlap_distance,bottom,62x62x62,chess_seq13_cylinder;chess_seq13_cylinder_999999_1,geometry_only,chess,13,cylinder,success,/mnt/scratch/pmywe/GPU/3D_irregular_packing_stream/hpc/results/all_instances_geometry/chess_seq13_cylinder__overlap_distance__bottom__instance_size__rng42.json,35.57565498352051,34.48067665100098,True,,4,0.1662362722540016,0.20228222327494305,4,0.1662362722540016,0.20228222327494305
742,chess_seq13_cylinder,overlap_distance,bottom_top,62x62x62,chess_seq13_cylinder;chess_seq13_cylinder_999999_1,geometry_only,chess,13,cylinder,success,/mnt/scratch/pmywe/GPU/3D_irregular_packing_stream/hpc/results/all_instances_geometry/chess_seq13_cylinder__overlap_distance__bottom_top__instance_size__rng42.json,43.60070466995239,42.51806688308716,True,,4,0.1662362722540016,0.21239357420728033,4,0.1662362722540016,0.21239357420728033
743,chess_seq13_cylinder,overlap_distance,all,62x62x62,chess_seq13_cylinder;chess_seq13_cylinder_999999_1,geometry_only,chess,13,cylinder,success,/mnt/scratch/pmywe/GPU/3D_irregular_packing_stream/hpc/results/all_instances_geometry/chess_seq13_cylinder__overlap_distance__all__instance_size__rng42.json,64.31979084014893,63.1098198890686,True,,4,0.1662362722540016,0.18037488985303154,4,0.1662362722540016,0.18037488985303154
744,chess_seq19_cube,minimum_aabb_volume,bottom,56x56x56,chess_seq19_cube;chess_seq19_cube_999999_1,geometry_only,chess,19,cube,success,/mnt/scratch/pmywe/GPU/3D_irregular_packing_stream/hpc/results/all_instances_geometry/chess_seq19_cube__minimum_aabb_volume__bottom__instance_size__rng42.json,7.545820951461792,6.3752219676971436,True,,3,0.23624650753158405,0.24709878370991256,3,0.23624650753158405,0.24709878370991256
745,chess_seq19_cube,minimum_aabb_volume,bottom_top,56x56x56,chess_seq19_cube;chess_seq19_cube_999999_1,geometry_only,chess,19,cube,success,/mnt/scratch/pmywe/GPU/3D_irregular_packing_stream/hpc/results/all_instances_geometry/chess_seq19_cube__minimum_aabb_volume__bottom_top__instance_size__rng42.json,8.056627035140991,6.98591423034668,True,,3,0.23624650753158405,0.24709878370991256,3,0.23624650753158405,0.24709878370991256
746,chess_seq19_cube,minimum_aabb_volume,all,56x56x56,chess_seq19_cube;chess_seq19_cube_999999_1,geometry_only,chess,19,cube,success,/mnt/scratch/pmywe/GPU/3D_irregular_packing_stream/hpc/results/all_instances_geometry/chess_seq19_cube__minimum_aabb_volume__all__instance_size__rng42.json,9.45682954788208,8.272655248641968,True,,4,0.17718488064868804,0.222760644436346,4,0.17718488064868804,0.222760644436346
747,chess_seq19_cube,minimum_aabb_edges_len,bottom,56x56x56,chess_seq19_cube;chess_seq19_cube_999999_1,geometry_only,chess,19,cube,success,/mnt/scratch/pmywe/GPU/3D_irregular_packing_stream/hpc/results/all_instances_geometry/chess_seq19_cube__minimum_aabb_edges_len__bottom__instance_size__rng42.json,7.766192674636841,6.692437648773193,True,,4,0.17718488064868804,0.222760644436346,4,0.17718488064868804,0.222760644436346
748,chess_seq19_cube,minimum_aabb_edges_len,bottom_top,56x56x56,chess_seq19_cube;chess_seq19_cube_999999_1,geometry_only,chess,19,cube,success,/mnt/scratch/pmywe/GPU/3D_irregular_packing_stream/hpc/results/all_instances_geometry/chess_seq19_cube__minimum_aabb_edges_len__bottom_top__instance_size__rng42.json,8.672968864440918,7.604576349258423,True,,3,0.23624650753158405,0.24070699708454812,3,0.23624650753158405,0.24070699708454812
749,chess_seq19_cube,minimum_aabb_edges_len,all,56x56x56,chess_seq19_cube;chess_seq19_cube_999999_1,geometry_only,chess,19,cube,success,/mnt/scratch/pmywe/GPU/3D_irregular_packing_stream/hpc/results/all_instances_geometry/chess_seq19_cube__minimum_aabb_edges_len__all__instance_size__rng42.json,10.282730102539062,9.100697755813599,True,,4,0.17718488064868804,0.222760644436346,4,0.17718488064868804,0.222760644436346
750,chess_seq19_cube,maximal_residual_box,bottom,56x56x56,chess_seq19_cube;chess_seq19_cube_999999_1,geometry_only,chess,19,cube,success,/mnt/scratch/pmywe/GPU/3D_irregular_packing_stream/hpc/results/all_instances_geometry/chess_seq19_cube__maximal_residual_box__bottom__instance_size__rng42.json,7.217771291732788,6.15034294128418,True,,3,0.23624650753158405,0.25915918822886297,3,0.23624650753158405,0.25915918822886297
751,chess_seq19_cube,maximal_residual_box,bottom_top,56x56x56,chess_seq19_cube;chess_seq19_cube_999999_1,geometry_only,chess,19,cube,success,/mnt/scratch/pmywe/GPU/3D_irregular_packing_stream/hpc/results/all_instances_geometry/chess_seq19_cube__maximal_residual_box__bottom_top__instance_size__rng42.json,8.068100452423096,6.996789455413818,True,,3,0.23624650753158405,0.25915918822886297,3,0.23624650753158405,0.25915918822886297
752,chess_seq19_cube,maximal_residual_box,all,56x56x56,chess_seq19_cube;chess_seq19_cube_999999_1,geometry_only,chess,19,cube,success,/mnt/scratch/pmywe/GPU/3D_irregular_packing_stream/hpc/results/all_instances_geometry/chess_seq19_cube__maximal_residual_box__all__instance_size__rng42.json,10.931541681289673,9.842090368270874,True,,4,0.17718488064868804,0.222760644436346,4,0.17718488064868804,0.222760644436346
753,chess_seq19_cube,overlap_distance,bottom,56x56x56,chess_seq19_cube;chess_seq19_cube_999999_1,geometry_only,chess,19,cube,success,/mnt/scratch/pmywe/GPU/3D_irregular_packing_stream/hpc/results/all_instances_geometry/chess_seq19_cube__overlap_distance__bottom__instance_size__rng42.json,14.967195987701416,13.885794162750244,True,,3,0.23624650753158405,0.25988235696064144,3,0.23624650753158405,0.25988235696064144
754,chess_seq19_cube,overlap_distance,bottom_top,56x56x56,chess_seq19_cube;chess_seq19_cube_999999_1,geometry_only,chess,19,cube,success,/mnt/scratch/pmywe/GPU/3D_irregular_packing_stream/hpc/results/all_instances_geometry/chess_seq19_cube__overlap_distance__bottom_top__instance_size__rng42.json,17.929142475128174,16.856343746185303,True,,3,0.23624650753158405,0.25988235696064144,3,0.23624650753158405,0.25988235696064144
755,chess_seq19_cube,overlap_distance,all,56x56x56,chess_seq19_cube;chess_seq19_cube_999999_1,geometry_only,chess,19,cube,success,/mnt/scratch/pmywe/GPU/3D_irregular_packing_stream/hpc/results/all_instances_geometry/chess_seq19_cube__overlap_distance__all__instance_size__rng42.json,25.932998180389404,24.85746955871582,True,,4,0.17718488064868804,0.21472037475704567,4,0.17718488064868804,0.21472037475704567
756,chess_seq19_cylinder,minimum_aabb_volume,bottom,62x62x62,chess_seq19_cylinder;chess_seq19_cylinder_999999_1,geometry_only,chess,19,cylinder,success,/mnt/scratch/pmywe/GPU/3D_irregular_packing_stream/hpc/results/all_instances_geometry/chess_seq19_cylinder__minimum_aabb_volume__bottom__instance_size__rng42.json,26.880757331848145,25.784029006958008,True,,3,0.22164836300533547,0.23782688065596674,3,0.22164836300533547,0.23782688065596674
757,chess_seq19_cylinder,minimum_aabb_volume,bottom_top,62x62x62,chess_seq19_cylinder;chess_seq19_cylinder_999999_1,geometry_only,chess,19,cylinder,success,/mnt/scratch/pmywe/GPU/3D_irregular_packing_stream/hpc/results/all_instances_geometry/chess_seq19_cylinder__minimum_aabb_volume__bottom_top__instance_size__rng42.json,28.283600091934204,27.059875965118408,True,,3,0.22164836300533547,0.23782688065596674,3,0.22164836300533547,0.23782688065596674
758,chess_seq19_cylinder,minimum_aabb_volume,all,62x62x62,chess_seq19_cylinder;chess_seq19_cylinder_999999_1,geometry_only,chess,19,cylinder,success,/mnt/scratch/pmywe/GPU/3D_irregular_packing_stream/hpc/results/all_instances_geometry/chess_seq19_cylinder__minimum_aabb_volume__all__instance_size__rng42.json,32.27138161659241,31.16390037536621,True,,4,0.1662362722540016,0.20499793482334291,4,0.1662362722540016,0.20499793482334291
759,chess_seq19_cylinder,minimum_aabb_edges_len,bottom,62x62x62,chess_seq19_cylinder;chess_seq19_cylinder_999999_1,geometry_only,chess,19,cylinder,success,/mnt/scratch/pmywe/GPU/3D_irregular_packing_stream/hpc/results/all_instances_geometry/chess_seq19_cylinder__minimum_aabb_edges_len__bottom__instance_size__rng42.json,26.915282249450684,25.75155806541443,True,,3,0.22164836300533547,0.24314522330468555,3,0.22164836300533547,0.24314522330468555
760,chess_seq19_cylinder,minimum_aabb_edges_len,bottom_top,62x62x62,chess_seq19_cylinder;chess_seq19_cylinder_999999_1,geometry_only,chess,19,cylinder,success,/mnt/scratch/pmywe/GPU/3D_irregular_packing_stream/hpc/results/all_instances_geometry/chess_seq19_cylinder__minimum_aabb_edges_len__bottom_top__instance_size__rng42.json,27.536646366119385,26.42705273628235,True,,3,0.22164836300533547,0.25513887397909407,3,0.22164836300533547,0.25513887397909407
761,chess_seq19_cylinder,minimum_aabb_edges_len,all,62x62x62,chess_seq19_cylinder;chess_seq19_cylinder_999999_1,geometry_only,chess,19,cylinder,success,/mnt/scratch/pmywe/GPU/3D_irregular_packing_stream/hpc/results/all_instances_geometry/chess_seq19_cylinder__minimum_aabb_edges_len__all__instance_size__rng42.json,31.821177005767822,30.72808575630188,True,,4,0.1662362722540016,0.20899581838147907,4,0.1662362722540016,0.20899581838147907
762,chess_seq19_cylinder,maximal_residual_box,bottom,62x62x62,chess_seq19_cylinder;chess_seq19_cylinder_999999_1,geometry_only,chess,19,cylinder,success,/mnt/scratch/pmywe/GPU/3D_irregular_packing_stream/hpc/results/all_instances_geometry/chess_seq19_cylinder__maximal_residual_box__bottom__instance_size__rng42.json,27.598001718521118,26.395034551620483,True,,3,0.22164836300533547,0.23714839796748127,3,0.22164836300533547,0.23714839796748127
763,chess_seq19_cylinder,maximal_residual_box,bottom_top,62x62x62,chess_seq19_cylinder;chess_seq19_cylinder_999999_1,geometry_only,chess,19,cylinder,success,/mnt/scratch/pmywe/GPU/3D_irregular_packing_stream/hpc/results/all_instances_geometry/chess_seq19_cylinder__maximal_residual_box__bottom_top__instance_size__rng42.json,27.78465175628662,26.78834319114685,True,,3,0.22164836300533547,0.24914204864188982,3,0.22164836300533547,0.24914204864188982
764,chess_seq19_cylinder,maximal_residual_box,all,62x62x62,chess_seq19_cylinder;chess_seq19_cylinder_999999_1,geometry_only,chess,19,cylinder,success,/mnt/scratch/pmywe/GPU/3D_irregular_packing_stream/hpc/results/all_instances_geometry/chess_seq19_cylinder__maximal_residual_box__all__instance_size__rng42.json,31.253913164138794,30.17314577102661,True,,4,0.1662362722540016,0.21765047944719929,4,0.1662362722540016,0.21765047944719929
765,chess_seq19_cylinder,overlap_distance,bottom,62x62x62,chess_seq19_cylinder;chess_seq19_cylinder_999999_1,geometry_only,chess,19,cylinder,success,/mnt/scratch/pmywe/GPU/3D_irregular_packing_stream/hpc/results/all_instances_geometry/chess_seq19_cylinder__overlap_distance__bottom__instance_size__rng42.json,40.37169647216797,39.19296383857727,True,,4,0.1662362722540016,0.20899581838147907,4,0.1662362722540016,0.20899581838147907
766,chess_seq19_cylinder,overlap_distance,bottom_top,62x62x62,chess_seq19_cylinder;chess_seq19_cylinder_999999_1,geometry_only,chess,19,cylinder,success,/mnt/scratch/pmywe/GPU/3D_irregular_packing_stream/hpc/results/all_instances_geometry/chess_seq19_cylinder__overlap_distance__bottom_top__instance_size__rng42.json,49.814937353134155,48.60902142524719,True,,4,0.1662362722540016,0.20899581838147907,4,0.1662362722540016,0.20899581838147907
767,chess_seq19_cylinder,overlap_distance,all,62x62x62,chess_seq19_cylinder;chess_seq19_cylinder_999999_1,geometry_only,chess,19,cylinder,success,/mnt/scratch/pmywe/GPU/3D_irregular_packing_stream/hpc/results/all_instances_geometry/chess_seq19_cylinder__overlap_distance__all__instance_size__rng42.json,58.92359185218811,57.83250069618225,True,,4,0.1662362722540016,0.19219758425947522,4,0.1662362722540016,0.19219758425947522
768,chess_seq3_cube,minimum_aabb_volume,bottom,56x56x56,chess_seq3_cube;chess_seq3_cube_999999_1,geometry_only,chess,3,cube,success,/mnt/scratch/pmywe/GPU/3D_irregular_packing_stream/hpc/results/all_instances_geometry/chess_seq3_cube__minimum_aabb_volume__bottom__instance_size__rng42.json,6.980449914932251,6.126980781555176,True,,3,0.23624650753158405,0.27842280885568516,3,0.23624650753158405,0.27842280885568516
769,chess_seq3_cube,minimum_aabb_volume,bottom_top,56x56x56,chess_seq3_cube;chess_seq3_cube_999999_1,geometry_only,chess,3,cube,success,/mnt/scratch/pmywe/GPU/3D_irregular_packing_stream/hpc/results/all_instances_geometry/chess_seq3_cube__minimum_aabb_volume__bottom_top__instance_size__rng42.json,7.522416830062866,6.665208101272583,True,,3,0.23624650753158405,0.27842280885568516,3,0.23624650753158405,0.27842280885568516
770,chess_seq3_cube,minimum_aabb_volume,all,56x56x56,chess_seq3_cube;chess_seq3_cube_999999_1,geometry_only,chess,3,cube,success,/mnt/scratch/pmywe/GPU/3D_irregular_packing_stream/hpc/results/all_instances_geometry/chess_seq3_cube__minimum_aabb_volume__all__instance_size__rng42.json,10.06937026977539,8.908268928527832,True,,4,0.17718488064868804,0.22772412536443146,4,0.17718488064868804,0.22772412536443146
771,chess_seq3_cube,minimum_aabb_edges_len,bottom,56x56x56,chess_seq3_cube;chess_seq3_cube_999999_1,geometry_only,chess,3,cube,success,/mnt/scratch/pmywe/GPU/3D_irregular_packing_stream/hpc/results/all_instances_geometry/chess_seq3_cube__minimum_aabb_edges_len__bottom__instance_size__rng42.json,7.020873785018921,6.172276496887207,True,,3,0.23624650753158405,0.27541340196793007,3,0.23624650753158405,0.27541340196793007
772,chess_seq3_cube,minimum_aabb_edges_len,bottom_top,56x56x56,chess_seq3_cube;chess_seq3_cube_999999_1,geometry_only,chess,3,cube,success,/mnt/scratch/pmywe/GPU/3D_irregular_packing_stream/hpc/results/all_instances_geometry/chess_seq3_cube__minimum_aabb_edges_len__bottom_top__instance_size__rng42.json,8.132823944091797,7.070362091064453,True,,3,0.23624650753158405,0.27541340196793007,3,0.23624650753158405,0.27541340196793007
773,chess_seq3_cube,minimum_aabb_edges_len,all,56x56x56,chess_seq3_cube;chess_seq3_cube_999999_1,geometry_only,chess,3,cube,success,/mnt/scratch/pmywe/GPU/3D_irregular_packing_stream/hpc/results/all_instances_geometry/chess_seq3_cube__minimum_aabb_edges_len__all__instance_size__rng42.json,9.989536762237549,9.144492626190186,True,,4,0.17718488064868804,0.23198531644800777,4,0.17718488064868804,0.23198531644800777
774,chess_seq3_cube,maximal_residual_box,bottom,56x56x56,chess_seq3_cube;chess_seq3_cube_999999_1,geometry_only,chess,3,cube,success,/mnt/scratch/pmywe/GPU/3D_irregular_packing_stream/hpc/results/all_instances_geometry/chess_seq3_cube__maximal_residual_box__bottom__instance_size__rng42.json,7.156862497329712,6.076649904251099,True,,3,0.23624650753158405,0.28586803024781343,3,0.23624650753158405,0.28586803024781343
775,chess_seq3_cube,maximal_residual_box,bottom_top,56x56x56,chess_seq3_cube;chess_seq3_cube_999999_1,geometry_only,chess,3,cube,success,/mnt/scratch/pmywe/GPU/3D_irregular_packing_stream/hpc/results/all_instances_geometry/chess_seq3_cube__maximal_residual_box__bottom_top__instance_size__rng42.json,7.39170241355896,6.322575569152832,True,,3,0.23624650753158405,0.28586803024781343,3,0.23624650753158405,0.28586803024781343
776,chess_seq3_cube,maximal_residual_box,all,56x56x56,chess_seq3_cube;chess_seq3_cube_999999_1,geometry_only,chess,3,cube,success,/mnt/scratch/pmywe/GPU/3D_irregular_packing_stream/hpc/results/all_instances_geometry/chess_seq3_cube__maximal_residual_box__all__instance_size__rng42.json,10.576972484588623,9.493535041809082,True,,3,0.23624650753158405,0.2528556623542274,3,0.23624650753158405,0.2528556623542274
777,chess_seq3_cube,overlap_distance,bottom,56x56x56,chess_seq3_cube;chess_seq3_cube_999999_1,geometry_only,chess,3,cube,success,/mnt/scratch/pmywe/GPU/3D_irregular_packing_stream/hpc/results/all_instances_geometry/chess_seq3_cube__overlap_distance__bottom__instance_size__rng42.json,19.697148323059082,18.76309037208557,True,,3,0.23624650753158405,0.24646387572886297,3,0.23624650753158405,0.24646387572886297
778,chess_seq3_cube,overlap_distance,bottom_top,56x56x56,chess_seq3_cube;chess_seq3_cube_999999_1,geometry_only,chess,3,cube,success,/mnt/scratch/pmywe/GPU/3D_irregular_packing_stream/hpc/results/all_instances_geometry/chess_seq3_cube__overlap_distance__bottom_top__instance_size__rng42.json,18.898343801498413,17.852623462677002,True,,3,0.23624650753158405,0.24646387572886297,3,0.23624650753158405,0.24646387572886297
779,chess_seq3_cube,overlap_distance,all,56x56x56,chess_seq3_cube;chess_seq3_cube_999999_1,geometry_only,chess,3,cube,success,/mnt/scratch/pmywe/GPU/3D_irregular_packing_stream/hpc/results/all_instances_geometry/chess_seq3_cube__overlap_distance__all__instance_size__rng42.json,32.879446268081665,31.707088470458984,True,,4,0.17718488064868804,0.20802394618561712,4,0.17718488064868804,0.20802394618561712
780,chess_seq3_cylinder,minimum_aabb_volume,bottom,62x62x62,chess_seq3_cylinder;chess_seq3_cylinder_999999_1,geometry_only,chess,3,cylinder,success,/mnt/scratch/pmywe/GPU/3D_irregular_packing_stream/hpc/results/all_instances_geometry/chess_seq3_cylinder__minimum_aabb_volume__bottom__instance_size__rng42.json,25.645078420639038,24.544873476028442,True,,3,0.22164836300533547,0.2552216809213896,3,0.22164836300533547,0.2552216809213896
781,chess_seq3_cylinder,minimum_aabb_volume,bottom_top,62x62x62,chess_seq3_cylinder;chess_seq3_cylinder_999999_1,geometry_only,chess,3,cylinder,success,/mnt/scratch/pmywe/GPU/3D_irregular_packing_stream/hpc/results/all_instances_geometry/chess_seq3_cylinder__minimum_aabb_volume__bottom_top__instance_size__rng42.json,26.492902278900146,25.6225323677063,True,,3,0.22164836300533547,0.2552216809213896,3,0.22164836300533547,0.2552216809213896
782,chess_seq3_cylinder,minimum_aabb_volume,all,62x62x62,chess_seq3_cylinder;chess_seq3_cylinder_999999_1,geometry_only,chess,3,cylinder,success,/mnt/scratch/pmywe/GPU/3D_irregular_packing_stream/hpc/results/all_instances_geometry/chess_seq3_cylinder__minimum_aabb_volume__all__instance_size__rng42.json,31.429960012435913,30.187705278396606,True,,4,0.1662362722540016,0.20927896470029586,4,0.1662362722540016,0.20927896470029586
783,chess_seq3_cylinder,minimum_aabb_edges_len,bottom,62x62x62,chess_seq3_cylinder;chess_seq3_cylinder_999999_1,geometry_only,chess,3,cylinder,success,/mnt/scratch/pmywe/GPU/3D_irregular_packing_stream/hpc/results/all_instances_geometry/chess_seq3_cylinder__minimum_aabb_edges_len__bottom__instance_size__rng42.json,26.4734628200531,25.38628101348877,True,,3,0.22164836300533547,0.24322803024698103,3,0.22164836300533547,0.24322803024698103
784,chess_seq3_cylinder,minimum_aabb_edges_len,bottom_top,62x62x62,chess_seq3_cylinder;chess_seq3_cylinder_999999_1,geometry_only,chess,3,cylinder,success,/mnt/scratch/pmywe/GPU/3D_irregular_packing_stream/hpc/results/all_instances_geometry/chess_seq3_cylinder__minimum_aabb_edges_len__bottom_top__instance_size__rng42.json,27.681790590286255,26.499966382980347,True,,3,0.22164836300533547,0.24922485558418528,3,0.22164836300533547,0.24922485558418528
785,chess_seq3_cylinder,minimum_aabb_edges_len,all,62x62x62,chess_seq3_cylinder;chess_seq3_cylinder_999999_1,geometry_only,chess,3,cylinder,success,/mnt/scratch/pmywe/GPU/3D_irregular_packing_stream/hpc/results/all_instances_geometry/chess_seq3_cylinder__minimum_aabb_edges_len__all__instance_size__rng42.json,32.483242988586426,31.379558324813843,True,,4,0.1662362722540016,0.20528108114215968,4,0.1662362722540016,0.20528108114215968
786,chess_seq3_cylinder,maximal_residual_box,bottom,62x62x62,chess_seq3_cylinder;chess_seq3_cylinder_999999_1,geometry_only,chess,3,cylinder,success,/mnt/scratch/pmywe/GPU/3D_irregular_packing_stream/hpc/results/all_instances_geometry/chess_seq3_cylinder__maximal_residual_box__bottom__instance_size__rng42.json,25.11117720603943,24.236841201782227,True,,3,0.22164836300533547,0.2552216809213896,3,0.22164836300533547,0.2552216809213896
787,chess_seq3_cylinder,maximal_residual_box,bottom_top,62x62x62,chess_seq3_cylinder;chess_seq3_cylinder_999999_1,geometry_only,chess,3,cylinder,success,/mnt/scratch/pmywe/GPU/3D_irregular_packing_stream/hpc/results/all_instances_geometry/chess_seq3_cylinder__maximal_residual_box__bottom_top__instance_size__rng42.json,26.898539543151855,25.740720748901367,True,,3,0.22164836300533547,0.2713770482440673,3,0.22164836300533547,0.2713770482440673
788,chess_seq3_cylinder,maximal_residual_box,all,62x62x62,chess_seq3_cylinder;chess_seq3_cylinder_999999_1,geometry_only,chess,3,cylinder,success,/mnt/scratch/pmywe/GPU/3D_irregular_packing_stream/hpc/results/all_instances_geometry/chess_seq3_cylinder__maximal_residual_box__all__instance_size__rng42.json,31.455539226531982,30.354430437088013,True,,3,0.22164836300533547,0.23723120490977673,3,0.22164836300533547,0.23723120490977673
789,chess_seq3_cylinder,overlap_distance,bottom,62x62x62,chess_seq3_cylinder;chess_seq3_cylinder_999999_1,geometry_only,chess,3,cylinder,success,/mnt/scratch/pmywe/GPU/3D_irregular_packing_stream/hpc/results/all_instances_geometry/chess_seq3_cylinder__overlap_distance__bottom__instance_size__rng42.json,34.28477358818054,33.19151067733765,True,,4,0.1662362722540016,0.20927896470029586,4,0.1662362722540016,0.20927896470029586
790,chess_seq3_cylinder,overlap_distance,bottom_top,62x62x62,chess_seq3_cylinder;chess_seq3_cylinder_999999_1,geometry_only,chess,3,cylinder,success,/mnt/scratch/pmywe/GPU/3D_irregular_packing_stream/hpc/results/all_instances_geometry/chess_seq3_cylinder__overlap_distance__bottom_top__instance_size__rng42.json,45.459877014160156,44.50145196914673,True,,4,0.1662362722540016,0.20927896470029586,4,0.1662362722540016,0.20927896470029586
791,chess_seq3_cylinder,overlap_distance,all,62x62x62,chess_seq3_cylinder;chess_seq3_cylinder_999999_1,geometry_only,chess,3,cylinder,success,/mnt/scratch/pmywe/GPU/3D_irregular_packing_stream/hpc/results/all_instances_geometry/chess_seq3_cylinder__overlap_distance__all__instance_size__rng42.json,63.948357343673706,62.76066827774048,True,,4,0.1662362722540016,0.2012831975840235,4,0.1662362722540016,0.2012831975840235
792,chess_seq53_cube,minimum_aabb_volume,bottom,56x56x56,chess_seq53_cube;chess_seq53_cube_999999_1,geometry_only,chess,53,cube,success,/mnt/scratch/pmywe/GPU/3D_irregular_packing_stream/hpc/results/all_instances_geometry/chess_seq53_cube__minimum_aabb_volume__bottom__instance_size__rng42.json,6.955834865570068,5.888593435287476,True,,3,0.23624650753158405,0.28477188866618075,3,0.23624650753158405,0.28477188866618075
793,chess_seq53_cube,minimum_aabb_volume,bottom_top,56x56x56,chess_seq53_cube;chess_seq53_cube_999999_1,geometry_only,chess,53,cube,success,/mnt/scratch/pmywe/GPU/3D_irregular_packing_stream/hpc/results/all_instances_geometry/chess_seq53_cube__minimum_aabb_volume__bottom_top__instance_size__rng42.json,7.398258686065674,6.332864761352539,True,,3,0.23624650753158405,0.28477188866618075,3,0.23624650753158405,0.28477188866618075
794,chess_seq53_cube,minimum_aabb_volume,all,56x56x56,chess_seq53_cube;chess_seq53_cube_999999_1,geometry_only,chess,53,cube,success,/mnt/scratch/pmywe/GPU/3D_irregular_packing_stream/hpc/results/all_instances_geometry/chess_seq53_cube__minimum_aabb_volume__all__instance_size__rng42.json,9.589534521102905,8.408392667770386,True,,4,0.17718488064868804,0.2263821823372206,4,0.17718488064868804,0.2263821823372206
795,chess_seq53_cube,minimum_aabb_edges_len,bottom,56x56x56,chess_seq53_cube;chess_seq53_cube_999999_1,geometry_only,chess,53,cube,success,/mnt/scratch/pmywe/GPU/3D_irregular_packing_stream/hpc/results/all_instances_geometry/chess_seq53_cube__minimum_aabb_edges_len__bottom__instance_size__rng42.json,7.276455640792847,6.224308490753174,True,,3,0.23624650753158405,0.23861436315597667,3,0.23624650753158405,0.23861436315597667
796,chess_seq53_cube,minimum_aabb_edges_len,bottom_top,56x56x56,chess_seq53_cube;chess_seq53_cube_999999_1,geometry_only,chess,53,cube,success,/mnt/scratch/pmywe/GPU/3D_irregular_packing_stream/hpc/results/all_instances_geometry/chess_seq53_cube__minimum_aabb_edges_len__bottom_top__instance_size__rng42.json,8.148221731185913,7.075437545776367,True,,3,0.23624650753158405,0.2558223624271137,3,0.23624650753158405,0.2558223624271137
797,chess_seq53_cube,minimum_aabb_edges_len,all,56x56x56,chess_seq53_cube;chess_seq53_cube_999999_1,geometry_only,chess,53,cube,success,/mnt/scratch/pmywe/GPU/3D_irregular_packing_stream/hpc/results/all_instances_geometry/chess_seq53_cube__minimum_aabb_edges_len__all__instance_size__rng42.json,10.015175342559814,8.868913650512695,True,,3,0.23624650753158405,0.24682830721574345,3,0.23624650753158405,0.24682830721574345
798,chess_seq53_cube,maximal_residual_box,bottom,56x56x56,chess_seq53_cube;chess_seq53_cube_999999_1,geometry_only,chess,53,cube,success,/mnt/scratch/pmywe/GPU/3D_irregular_packing_stream/hpc/results/all_instances_geometry/chess_seq53_cube__maximal_residual_box__bottom__instance_size__rng42.json,7.028766870498657,5.959141731262207,True,,3,0.23624650753158405,0.2686059356778426,3,0.23624650753158405,0.2686059356778426
799,chess_seq53_cube,maximal_residual_box,bottom_top,56x56x56,chess_seq53_cube;chess_seq53_cube_999999_1,geometry_only,chess,53,cube,success,/mnt/scratch/pmywe/GPU/3D_irregular_packing_stream/hpc/results/all_instances_geometry/chess_seq53_cube__maximal_residual_box__bottom_top__instance_size__rng42.json,7.810786962509155,6.727703809738159,True,,3,0.23624650753158405,0.2686059356778426,3,0.23624650753158405,0.2686059356778426
800,chess_seq53_cube,maximal_residual_box,all,56x56x56,chess_seq53_cube;chess_seq53_cube_999999_1,geometry_only,chess,53,cube,success,/mnt/scratch/pmywe/GPU/3D_irregular_packing_stream/hpc/results/all_instances_geometry/chess_seq53_cube__maximal_residual_box__all__instance_size__rng42.json,10.840834617614746,9.697315216064453,True,,3,0.23624650753158405,0.24481539267492713,3,0.23624650753158405,0.24481539267492713
801,chess_seq53_cube,overlap_distance,bottom,56x56x56,chess_seq53_cube;chess_seq53_cube_999999_1,geometry_only,chess,53,cube,success,/mnt/scratch/pmywe/GPU/3D_irregular_packing_stream/hpc/results/all_instances_geometry/chess_seq53_cube__overlap_distance__bottom__instance_size__rng42.json,20.6229145526886,19.55275321006775,True,,3,0.23624650753158405,0.2686059356778426,3,0.23624650753158405,0.2686059356778426
802,chess_seq53_cube,overlap_distance,bottom_top,56x56x56,chess_seq53_cube;chess_seq53_cube_999999_1,geometry_only,chess,53,cube,success,/mnt/scratch/pmywe/GPU/3D_irregular_packing_stream/hpc/results/all_instances_geometry/chess_seq53_cube__overlap_distance__bottom_top__instance_size__rng42.json,20.438018798828125,19.363247394561768,True,,3,0.23624650753158405,0.2501537445335277,3,0.23624650753158405,0.2501537445335277
803,chess_seq53_cube,overlap_distance,all,56x56x56,chess_seq53_cube;chess_seq53_cube_999999_1,geometry_only,chess,53,cube,success,/mnt/scratch/pmywe/GPU/3D_irregular_packing_stream/hpc/results/all_instances_geometry/chess_seq53_cube__overlap_distance__all__instance_size__rng42.json,30.68145751953125,29.839407205581665,True,,4,0.17718488064868804,0.21560488034499514,4,0.17718488064868804,0.21560488034499514
804,chess_seq53_cylinder,minimum_aabb_volume,bottom,62x62x62,chess_seq53_cylinder;chess_seq53_cylinder_999999_1,geometry_only,chess,53,cylinder,success,/mnt/scratch/pmywe/GPU/3D_irregular_packing_stream/hpc/results/all_instances_geometry/chess_seq53_cylinder__minimum_aabb_volume__bottom__instance_size__rng42.json,25.8030526638031,24.73424458503723,True,,3,0.22164836300533547,0.23469624399886055,3,0.22164836300533547,0.23469624399886055
805,chess_seq53_cylinder,minimum_aabb_volume,bottom_top,62x62x62,chess_seq53_cylinder;chess_seq53_cylinder_999999_1,geometry_only,chess,53,cylinder,success,/mnt/scratch/pmywe/GPU/3D_irregular_packing_stream/hpc/results/all_instances_geometry/chess_seq53_cylinder__minimum_aabb_volume__bottom_top__instance_size__rng42.json,27.386640548706055,26.30808115005493,True,,3,0.22164836300533547,0.23469624399886055,3,0.22164836300533547,0.23469624399886055
806,chess_seq53_cylinder,minimum_aabb_volume,all,62x62x62,chess_seq53_cylinder;chess_seq53_cylinder_999999_1,geometry_only,chess,53,cylinder,success,/mnt/scratch/pmywe/GPU/3D_irregular_packing_stream/hpc/results/all_instances_geometry/chess_seq53_cylinder__minimum_aabb_volume__all__instance_size__rng42.json,32.60903573036194,31.50056028366089,True,,4,0.1662362722540016,0.19048624078536883,4,0.1662362722540016,0.19048624078536883
807,chess_seq53_cylinder,minimum_aabb_edges_len,bottom,62x62x62,chess_seq53_cylinder;chess_seq53_cylinder_999999_1,geometry_only,chess,53,cylinder,success,/mnt/scratch/pmywe/GPU/3D_irregular_packing_stream/hpc/results/all_instances_geometry/chess_seq53_cylinder__minimum_aabb_edges_len__bottom__instance_size__rng42.json,26.314772129058838,25.097904443740845,True,,3,0.22164836300533547,0.23469624399886055,3,0.22164836300533547,0.23469624399886055
808,chess_seq53_cylinder,minimum_aabb_edges_len,bottom_top,62x62x62,chess_seq53_cylinder;chess_seq53_cylinder_999999_1,geometry_only,chess,53,cylinder,success,/mnt/scratch/pmywe/GPU/3D_irregular_packing_stream/hpc/results/all_instances_geometry/chess_seq53_cylinder__minimum_aabb_edges_len__bottom_top__instance_size__rng42.json,26.784346103668213,25.706101655960083,True,,3,0.22164836300533547,0.24069306933606482,3,0.22164836300533547,0.24069306933606482
809,chess_seq53_cylinder,minimum_aabb_edges_len,all,62x62x62,chess_seq53_cylinder;chess_seq53_cylinder_999999_1,geometry_only,chess,53,cylinder,success,/mnt/scratch/pmywe/GPU/3D_irregular_packing_stream/hpc/results/all_instances_geometry/chess_seq53_cylinder__minimum_aabb_edges_len__all__instance_size__rng42.json,30.806583642959595,29.871299028396606,True,,3,0.22164836300533547,0.22369093424862374,3,0.22164836300533547,0.22369093424862374
810,chess_seq53_cylinder,maximal_residual_box,bottom,62x62x62,chess_seq53_cylinder;chess_seq53_cylinder_999999_1,geometry_only,chess,53,cylinder,success,/mnt/scratch/pmywe/GPU/3D_irregular_packing_stream/hpc/results/all_instances_geometry/chess_seq53_cylinder__maximal_residual_box__bottom__instance_size__rng42.json,25.099077224731445,23.902333974838257,True,,3,0.22164836300533547,0.25200823732198785,3,0.22164836300533547,0.25200823732198785
811,chess_seq53_cylinder,maximal_residual_box,bottom_top,62x62x62,chess_seq53_cylinder;chess_seq53_cylinder_999999_1,geometry_only,chess,53,cylinder,success,/mnt/scratch/pmywe/GPU/3D_irregular_packing_stream/hpc/results/all_instances_geometry/chess_seq53_cylinder__maximal_residual_box__bottom_top__instance_size__rng42.json,26.29482913017273,25.201191425323486,True,,3,0.22164836300533547,0.25200823732198785,3,0.22164836300533547,0.25200823732198785
812,chess_seq53_cylinder,maximal_residual_box,all,62x62x62,chess_seq53_cylinder;chess_seq53_cylinder_999999_1,geometry_only,chess,53,cylinder,success,/mnt/scratch/pmywe/GPU/3D_irregular_packing_stream/hpc/results/all_instances_geometry/chess_seq53_cylinder__maximal_residual_box__all__instance_size__rng42.json,30.37876868247986,29.183998346328735,True,,3,0.22164836300533547,0.24069306933606482,3,0.22164836300533547,0.24069306933606482
813,chess_seq53_cylinder,overlap_distance,bottom,62x62x62,chess_seq53_cylinder;chess_seq53_cylinder_999999_1,geometry_only,chess,53,cylinder,success,/mnt/scratch/pmywe/GPU/3D_irregular_packing_stream/hpc/results/all_instances_geometry/chess_seq53_cylinder__overlap_distance__bottom__instance_size__rng42.json,39.09504508972168,37.9223415851593,True,,4,0.1662362722540016,0.20313878540922525,4,0.1662362722540016,0.20313878540922525
814,chess_seq53_cylinder,overlap_distance,bottom_top,62x62x62,chess_seq53_cylinder;chess_seq53_cylinder_999999_1,geometry_only,chess,53,cylinder,success,/mnt/scratch/pmywe/GPU/3D_irregular_packing_stream/hpc/results/all_instances_geometry/chess_seq53_cylinder__overlap_distance__bottom_top__instance_size__rng42.json,45.55017590522766,44.68103909492493,True,,4,0.1662362722540016,0.21239357420728033,4,0.1662362722540016,0.21239357420728033
815,chess_seq53_cylinder,overlap_distance,all,62x62x62,chess_seq53_cylinder;chess_seq53_cylinder_999999_1,geometry_only,chess,53,cylinder,success,/mnt/scratch/pmywe/GPU/3D_irregular_packing_stream/hpc/results/all_instances_geometry/chess_seq53_cylinder__overlap_distance__all__instance_size__rng42.json,62.93688225746155,61.83964514732361,True,,4,0.1662362722540016,0.20899581838147907,4,0.1662362722540016,0.20899581838147907
816,chess_seq7_cube,minimum_aabb_volume,bottom,56x56x56,chess_seq7_cube;chess_seq7_cube_999999_1,geometry_only,chess,7,cube,success,/mnt/scratch/pmywe/GPU/3D_irregular_packing_stream/hpc/results/all_instances_geometry/chess_seq7_cube__minimum_aabb_volume__bottom__instance_size__rng42.json,7.09782600402832,6.01996922492981,True,,3,0.23624650753158405,0.2770106368440233,3,0.23624650753158405,0.2770106368440233
817,chess_seq7_cube,minimum_aabb_volume,bottom_top,56x56x56,chess_seq7_cube;chess_seq7_cube_999999_1,geometry_only,chess,7,cube,success,/mnt/scratch/pmywe/GPU/3D_irregular_packing_stream/hpc/results/all_instances_geometry/chess_seq7_cube__minimum_aabb_volume__bottom_top__instance_size__rng42.json,7.618542432785034,6.548100709915161,True,,3,0.23624650753158405,0.2770106368440233,3,0.23624650753158405,0.2770106368440233
818,chess_seq7_cube,minimum_aabb_volume,all,56x56x56,chess_seq7_cube;chess_seq7_cube_999999_1,geometry_only,chess,7,cube,success,/mnt/scratch/pmywe/GPU/3D_irregular_packing_stream/hpc/results/all_instances_geometry/chess_seq7_cube__minimum_aabb_volume__all__instance_size__rng42.json,9.897448301315308,8.74571967124939,True,,4,0.17718488064868804,0.21560488034499514,4,0.17718488064868804,0.21560488034499514
819,chess_seq7_cube,minimum_aabb_edges_len,bottom,56x56x56,chess_seq7_cube;chess_seq7_cube_999999_1,geometry_only,chess,7,cube,success,/mnt/scratch/pmywe/GPU/3D_irregular_packing_stream/hpc/results/all_instances_geometry/chess_seq7_cube__minimum_aabb_edges_len__bottom__instance_size__rng42.json,7.4347617626190186,6.3662707805633545,True,,3,0.23624650753158405,0.2713420189504373,3,0.23624650753158405,0.2713420189504373
820,chess_seq7_cube,minimum_aabb_edges_len,bottom_top,56x56x56,chess_seq7_cube;chess_seq7_cube_999999_1,geometry_only,chess,7,cube,success,/mnt/scratch/pmywe/GPU/3D_irregular_packing_stream/hpc/results/all_instances_geometry/chess_seq7_cube__minimum_aabb_edges_len__bottom_top__instance_size__rng42.json,7.921326160430908,6.842941045761108,True,,3,0.23624650753158405,0.26495023232507287,3,0.23624650753158405,0.26495023232507287
821,chess_seq7_cube,minimum_aabb_edges_len,all,56x56x56,chess_seq7_cube;chess_seq7_cube_999999_1,geometry_only,chess,7,cube,success,/mnt/scratch/pmywe/GPU/3D_irregular_packing_stream/hpc/results/all_instances_geometry/chess_seq7_cube__minimum_aabb_edges_len__all__instance_size__rng42.json,9.38368034362793,8.308908224105835,True,,4,0.17718488064868804,0.2254692055393586,4,0.17718488064868804,0.2254692055393586
822,chess_seq7_cube,maximal_residual_box,bottom,56x56x56,chess_seq7_cube;chess_seq7_cube_999999_1,geometry_only,chess,7,cube,success,/mnt/scratch/pmywe/GPU/3D_irregular_packing_stream/hpc/results/all_instances_geometry/chess_seq7_cube__maximal_residual_box__bottom__instance_size__rng42.json,6.954047918319702,5.86951756477356,True,,3,0.23624650753158405,0.28199025145772594,3,0.23624650753158405,0.28199025145772594
823,chess_seq7_cube,maximal_residual_box,bottom_top,56x56x56,chess_seq7_cube;chess_seq7_cube_999999_1,geometry_only,chess,7,cube,success,/mnt/scratch/pmywe/GPU/3D_irregular_packing_stream/hpc/results/all_instances_geometry/chess_seq7_cube__maximal_residual_box__bottom_top__instance_size__rng42.json,7.498673439025879,6.417627573013306,True,,3,0.23624650753158405,0.28199025145772594,3,0.23624650753158405,0.28199025145772594
824,chess_seq7_cube,maximal_residual_box,all,56x56x56,chess_seq7_cube;chess_seq7_cube_999999_1,geometry_only,chess,7,cube,success,/mnt/scratch/pmywe/GPU/3D_irregular_packing_stream/hpc/results/all_instances_geometry/chess_seq7_cube__maximal_residual_box__all__instance_size__rng42.json,10.529796600341797,9.479489803314209,True,,4,0.17718488064868804,0.2254692055393586,4,0.17718488064868804,0.2254692055393586
825,chess_seq7_cube,overlap_distance,bottom,56x56x56,chess_seq7_cube;chess_seq7_cube_999999_1,geometry_only,chess,7,cube,success,/mnt/scratch/pmywe/GPU/3D_irregular_packing_stream/hpc/results/all_instances_geometry/chess_seq7_cube__overlap_distance__bottom__instance_size__rng42.json,15.67834210395813,14.636663436889648,True,,3,0.23624650753158405,0.24376195790816324,3,0.23624650753158405,0.24376195790816324
826,chess_seq7_cube,overlap_distance,bottom_top,56x56x56,chess_seq7_cube;chess_seq7_cube_999999_1,geometry_only,chess,7,cube,success,/mnt/scratch/pmywe/GPU/3D_irregular_packing_stream/hpc/results/all_instances_geometry/chess_seq7_cube__overlap_distance__bottom_top__instance_size__rng42.json,24.55727791786194,23.353071451187134,True,,3,0.23624650753158405,0.2713420189504373,3,0.23624650753158405,0.2713420189504373
827,chess_seq7_cube,overlap_distance,all,56x56x56,chess_seq7_cube;chess_seq7_cube_999999_1,geometry_only,chess,7,cube,success,/mnt/scratch/pmywe/GPU/3D_irregular_packing_stream/hpc/results/all_instances_geometry/chess_seq7_cube__overlap_distance__all__instance_size__rng42.json,28.25850796699524,27.33981466293335,True,,4,0.17718488064868804,0.18068399234693877,4,0.17718488064868804,0.18068399234693877
828,chess_seq7_cylinder,minimum_aabb_volume,bottom,62x62x62,chess_seq7_cylinder;chess_seq7_cylinder_999999_1,geometry_only,chess,7,cylinder,success,/mnt/scratch/pmywe/GPU/3D_irregular_packing_stream/hpc/results/all_instances_geometry/chess_seq7_cylinder__minimum_aabb_volume__bottom__instance_size__rng42.json,26.935014486312866,25.840574979782104,True,,3,0.22164836300533547,0.22686430997272117,3,0.22164836300533547,0.22686430997272117
829,chess_seq7_cylinder,minimum_aabb_volume,bottom_top,62x62x62,chess_seq7_cylinder;chess_seq7_cylinder_999999_1,geometry_only,chess,7,cylinder,success,/mnt/scratch/pmywe/GPU/3D_irregular_packing_stream/hpc/results/all_instances_geometry/chess_seq7_cylinder__minimum_aabb_volume__bottom_top__instance_size__rng42.json,28.18712019920349,26.991734266281128,True,,3,0.22164836300533547,0.22686430997272117,3,0.22164836300533547,0.22686430997272117
830,chess_seq7_cylinder,minimum_aabb_volume,all,62x62x62,chess_seq7_cylinder;chess_seq7_cylinder_999999_1,geometry_only,chess,7,cylinder,success,/mnt/scratch/pmywe/GPU/3D_irregular_packing_stream/hpc/results/all_instances_geometry/chess_seq7_cylinder__minimum_aabb_volume__all__instance_size__rng42.json,31.918344020843506,30.751543283462524,True,,4,0.1662362722540016,0.19999568319091324,4,0.1662362722540016,0.19999568319091324
831,chess_seq7_cylinder,minimum_aabb_edges_len,bottom,62x62x62,chess_seq7_cylinder;chess_seq7_cylinder_999999_1,geometry_only,chess,7,cylinder,success,/mnt/scratch/pmywe/GPU/3D_irregular_packing_stream/hpc/results/all_instances_geometry/chess_seq7_cylinder__minimum_aabb_edges_len__bottom__instance_size__rng42.json,26.096412181854248,24.860965490341187,True,,3,0.22164836300533547,0.22869941866165627,3,0.22164836300533547,0.22869941866165627
832,chess_seq7_cylinder,minimum_aabb_edges_len,bottom_top,62x62x62,chess_seq7_cylinder;chess_seq7_cylinder_999999_1,geometry_only,chess,7,cylinder,success,/mnt/scratch/pmywe/GPU/3D_irregular_packing_stream/hpc/results/all_instances_geometry/chess_seq7_cylinder__minimum_aabb_edges_len__bottom_top__instance_size__rng42.json,26.333579301834106,25.193373441696167,True,,3,0.22164836300533547,0.2611356993162984,3,0.22164836300533547,0.2611356993162984
833,chess_seq7_cylinder,minimum_aabb_edges_len,all,62x62x62,chess_seq7_cylinder;chess_seq7_cylinder_999999_1,geometry_only,chess,7,cylinder,success,/mnt/scratch/pmywe/GPU/3D_irregular_packing_stream/hpc/results/all_instances_geometry/chess_seq7_cylinder__minimum_aabb_edges_len__all__instance_size__rng42.json,29.44735336303711,28.58544373512268,True,,3,0.22164836300533547,0.22686430997272117,3,0.22164836300533547,0.22686430997272117
834,chess_seq7_cylinder,maximal_residual_box,bottom,62x62x62,chess_seq7_cylinder;chess_seq7_cylinder_999999_1,geometry_only,chess,7,cylinder,success,/mnt/scratch/pmywe/GPU/3D_irregular_packing_stream/hpc/results/all_instances_geometry/chess_seq7_cylinder__maximal_residual_box__bottom__instance_size__rng42.json,25.747040271759033,24.63282799720764,True,,3,0.22164836300533547,0.24001458664757935,3,0.22164836300533547,0.24001458664757935
835,chess_seq7_cylinder,maximal_residual_box,bottom_top,62x62x62,chess_seq7_cylinder;chess_seq7_cylinder_999999_1,geometry_only,chess,7,cylinder,success,/mnt/scratch/pmywe/GPU/3D_irregular_packing_stream/hpc/results/all_instances_geometry/chess_seq7_cylinder__maximal_residual_box__bottom_top__instance_size__rng42.json,27.451269149780273,26.341960906982422,True,,3,0.22164836300533547,0.23469624399886055,3,0.22164836300533547,0.23469624399886055
836,chess_seq7_cylinder,maximal_residual_box,all,62x62x62,chess_seq7_cylinder;chess_seq7_cylinder_999999_1,geometry_only,chess,7,cylinder,success,/mnt/scratch/pmywe/GPU/3D_irregular_packing_stream/hpc/results/all_instances_geometry/chess_seq7_cylinder__maximal_residual_box__all__instance_size__rng42.json,32.2822105884552,31.188833236694336,True,,4,0.1662362722540016,0.20228222327494305,4,0.1662362722540016,0.20228222327494305
837,chess_seq7_cylinder,overlap_distance,bottom,62x62x62,chess_seq7_cylinder;chess_seq7_cylinder_999999_1,geometry_only,chess,7,cylinder,success,/mnt/scratch/pmywe/GPU/3D_irregular_packing_stream/hpc/results/all_instances_geometry/chess_seq7_cylinder__overlap_distance__bottom__instance_size__rng42.json,35.78756093978882,34.67483115196228,True,,4,0.1662362722540016,0.21153701207299816,4,0.1662362722540016,0.21153701207299816
838,chess_seq7_cylinder,overlap_distance,bottom_top,62x62x62,chess_seq7_cylinder;chess_seq7_cylinder_999999_1,geometry_only,chess,7,cylinder,success,/mnt/scratch/pmywe/GPU/3D_irregular_packing_stream/hpc/results/all_instances_geometry/chess_seq7_cylinder__overlap_distance__bottom_top__instance_size__rng42.json,47.123939514160156,46.004754066467285,True,,4,0.1662362722540016,0.21153701207299816,4,0.1662362722540016,0.21153701207299816
839,chess_seq7_cylinder,overlap_distance,all,62x62x62,chess_seq7_cylinder;chess_seq7_cylinder_999999_1,geometry_only,chess,7,cylinder,success,/mnt/scratch/pmywe/GPU/3D_irregular_packing_stream/hpc/results/all_instances_geometry/chess_seq7_cylinder__overlap_distance__all__instance_size__rng42.json,66.26910066604614,65.0896475315094,True,,4,0.1662362722540016,0.18962967865108668,4,0.1662362722540016,0.18962967865108668
840,engine_seq13_cube,minimum_aabb_volume,bottom,73x73x73,engine_seq13_cube;engine_seq13_cube_999999_1,geometry_only,engine,13,cube,success,/mnt/scratch/pmywe/GPU/3D_irregular_packing_stream/hpc/results/all_instances_geometry/engine_seq13_cube__minimum_aabb_volume__bottom__instance_size__rng42.json,36.06609225273132,33.99452877044678,True,,3,0.15336776199154964,0.2161473663104697,3,0.15336776199154964,0.2161473663104697
841,engine_seq13_cube,minimum_aabb_volume,bottom_top,73x73x73,engine_seq13_cube;engine_seq13_cube_999999_1,geometry_only,engine,13,cube,success,/mnt/scratch/pmywe/GPU/3D_irregular_packing_stream/hpc/results/all_instances_geometry/engine_seq13_cube__minimum_aabb_volume__bottom_top__instance_size__rng42.json,43.549415588378906,42.06776976585388,True,,2,0.23005164298732447,0.2776973756930931,2,0.23005164298732447,0.2776973756930931
842,engine_seq13_cube,minimum_aabb_volume,all,73x73x73,engine_seq13_cube;engine_seq13_cube_999999_1,geometry_only,engine,13,cube,success,/mnt/scratch/pmywe/GPU/3D_irregular_packing_stream/hpc/results/all_instances_geometry/engine_seq13_cube__minimum_aabb_volume__all__instance_size__rng42.json,57.55865502357483,56.00292706489563,True,,3,0.15336776199154964,0.2161473663104697,3,0.15336776199154964,0.2161473663104697
843,engine_seq13_cube,minimum_aabb_edges_len,bottom,73x73x73,engine_seq13_cube;engine_seq13_cube_999999_1,geometry_only,engine,13,cube,success,/mnt/scratch/pmywe/GPU/3D_irregular_packing_stream/hpc/results/all_instances_geometry/engine_seq13_cube__minimum_aabb_edges_len__bottom__instance_size__rng42.json,36.485090017318726,34.93356251716614,True,,3,0.15336776199154964,0.2161473663104697,3,0.15336776199154964,0.2161473663104697
844,engine_seq13_cube,minimum_aabb_edges_len,bottom_top,73x73x73,engine_seq13_cube;engine_seq13_cube_999999_1,geometry_only,engine,13,cube,success,/mnt/scratch/pmywe/GPU/3D_irregular_packing_stream/hpc/results/all_instances_geometry/engine_seq13_cube__minimum_aabb_edges_len__bottom_top__instance_size__rng42.json,43.29279375076294,42.065033197402954,True,,2,0.23005164298732447,0.2403468228894881,2,0.23005164298732447,0.2403468228894881
845,engine_seq13_cube,minimum_aabb_edges_len,all,73x73x73,engine_seq13_cube;engine_seq13_cube_999999_1,geometry_only,engine,13,cube,success,/mnt/scratch/pmywe/GPU/3D_irregular_packing_stream/hpc/results/all_instances_geometry/engine_seq13_cube__minimum_aabb_edges_len__all__instance_size__rng42.json,56.977232694625854,55.360684871673584,True,,2,0.23005164298732447,0.27302405807458285,2,0.23005164298732447,0.27302405807458285
846,engine_seq13_cube,maximal_residual_box,bottom,73x73x73,engine_seq13_cube;engine_seq13_cube_999999_1,geometry_only,engine,13,cube,success,/mnt/scratch/pmywe/GPU/3D_irregular_packing_stream/hpc/results/all_instances_geometry/engine_seq13_cube__maximal_residual_box__bottom__instance_size__rng42.json,36.227367639541626,34.65537667274475,True,,3,0.15336776199154964,0.21614736631046974,3,0.15336776199154964,0.21614736631046974
847,engine_seq13_cube,maximal_residual_box,bottom_top,73x73x73,engine_seq13_cube;engine_seq13_cube_999999_1,geometry_only,engine,13,cube,success,/mnt/scratch/pmywe/GPU/3D_irregular_packing_stream/hpc/results/all_instances_geometry/engine_seq13_cube__maximal_residual_box__bottom_top__instance_size__rng42.json,44.02695965766907,42.56904435157776,True,,2,0.23005164298732447,0.2596750270553729,2,0.23005164298732447,0.2596750270553729
848,engine_seq13_cube,maximal_residual_box,all,73x73x73,engine_seq13_cube;engine_seq13_cube_999999_1,geometry_only,engine,13,cube,success,/mnt/scratch/pmywe/GPU/3D_irregular_packing_stream/hpc/results/all_instances_geometry/engine_seq13_cube__maximal_residual_box__all__instance_size__rng42.json,55.92937755584717,54.31586217880249,True,,3,0.15336776199154964,0.2161473663104697,3,0.15336776199154964,0.2161473663104697
849,engine_seq13_cube,overlap_distance,bottom,73x73x73,engine_seq13_cube;engine_seq13_cube_999999_1,geometry_only,engine,13,cube,success,/mnt/scratch/pmywe/GPU/3D_irregular_packing_stream/hpc/results/all_instances_geometry/engine_seq13_cube__overlap_distance__bottom__instance_size__rng42.json,526.3531365394592,524.9012925624847,True,,3,0.15336776199154964,0.2161473663104697,3,0.15336776199154964,0.2161473663104697
850,engine_seq13_cube,overlap_distance,bottom_top,73x73x73,engine_seq13_cube;engine_seq13_cube_999999_1,geometry_only,engine,13,cube,success,/mnt/scratch/pmywe/GPU/3D_irregular_packing_stream/hpc/results/all_instances_geometry/engine_seq13_cube__overlap_distance__bottom_top__instance_size__rng42.json,558.5946469306946,557.2620921134949,True,,3,0.15336776199154964,0.2161473663104697,3,0.15336776199154964,0.2161473663104697
851,engine_seq13_cube,overlap_distance,all,73x73x73,engine_seq13_cube;engine_seq13_cube_999999_1,geometry_only,engine,13,cube,success,/mnt/scratch/pmywe/GPU/3D_irregular_packing_stream/hpc/results/all_instances_geometry/engine_seq13_cube__overlap_distance__all__instance_size__rng42.json,1313.5291318893433,1312.051782131195,True,,2,0.23005164298732447,0.24903795978067797,2,0.23005164298732447,0.24903795978067797
852,engine_seq13_cylinder,minimum_aabb_volume,bottom,86x86x86,engine_seq13_cylinder;engine_seq13_cylinder_999999_1,geometry_only,engine,13,cylinder,success,/mnt/scratch/pmywe/GPU/3D_irregular_packing_stream/hpc/results/all_instances_geometry/engine_seq13_cylinder__minimum_aabb_volume__bottom__instance_size__rng42.json,205.71553587913513,203.95452213287354,True,,2,0.17914664717655152,0.22008089738453532,2,0.17914664717655152,0.22008089738453532
853,engine_seq13_cylinder,minimum_aabb_volume,bottom_top,86x86x86,engine_seq13_cylinder;engine_seq13_cylinder_999999_1,geometry_only,engine,13,cylinder,success,/mnt/scratch/pmywe/GPU/3D_irregular_packing_stream/hpc/results/all_instances_geometry/engine_seq13_cylinder__minimum_aabb_volume__bottom_top__instance_size__rng42.json,218.2217116355896,216.60773468017578,True,,2,0.17914664717655152,0.21658980577307638,2,0.17914664717655152,0.21658980577307638
854,engine_seq13_cylinder,minimum_aabb_volume,all,86x86x86,engine_seq13_cylinder;engine_seq13_cylinder_999999_1,geometry_only,engine,13,cylinder,success,/mnt/scratch/pmywe/GPU/3D_irregular_packing_stream/hpc/results/all_instances_geometry/engine_seq13_cylinder__minimum_aabb_volume__all__instance_size__rng42.json,252.86294865608215,251.15024256706238,True,,2,0.17914664717655152,0.2553881644962972,2,0.17914664717655152,0.2553881644962972
855,engine_seq13_cylinder,minimum_aabb_edges_len,bottom,86x86x86,engine_seq13_cylinder;engine_seq13_cylinder_999999_1,geometry_only,engine,13,cylinder,success,/mnt/scratch/pmywe/GPU/3D_irregular_packing_stream/hpc/results/all_instances_geometry/engine_seq13_cylinder__minimum_aabb_edges_len__bottom__instance_size__rng42.json,202.1722366809845,200.56603240966797,True,,2,0.17914664717655152,0.21482424224021698,2,0.17914664717655152,0.21482424224021698
856,engine_seq13_cylinder,minimum_aabb_edges_len,bottom_top,86x86x86,engine_seq13_cylinder;engine_seq13_cylinder_999999_1,geometry_only,engine,13,cylinder,success,/mnt/scratch/pmywe/GPU/3D_irregular_packing_stream/hpc/results/all_instances_geometry/engine_seq13_cylinder__minimum_aabb_edges_len__bottom_top__instance_size__rng42.json,218.62983870506287,216.91651439666748,True,,2,0.17914664717655152,0.2354505082748918,2,0.17914664717655152,0.2354505082748918
857,engine_seq13_cylinder,minimum_aabb_edges_len,all,86x86x86,engine_seq13_cylinder;engine_seq13_cylinder_999999_1,geometry_only,engine,13,cylinder,success,/mnt/scratch/pmywe/GPU/3D_irregular_packing_stream/hpc/results/all_instances_geometry/engine_seq13_cylinder__minimum_aabb_edges_len__all__instance_size__rng42.json,249.2823464870453,247.55205249786377,True,,2,0.17914664717655152,0.20958960659574158,2,0.17914664717655152,0.20958960659574158
858,engine_seq13_cylinder,maximal_residual_box,bottom,86x86x86,engine_seq13_cylinder;engine_seq13_cylinder_999999_1,geometry_only,engine,13,cylinder,success,/mnt/scratch/pmywe/GPU/3D_irregular_packing_stream/hpc/results/all_instances_geometry/engine_seq13_cylinder__maximal_residual_box__bottom__instance_size__rng42.json,199.12242579460144,197.37622785568237,True,,2,0.17914664717655152,0.2354505082748918,2,0.17914664717655152,0.2354505082748918
859,engine_seq13_cylinder,maximal_residual_box,bottom_top,86x86x86,engine_seq13_cylinder;engine_seq13_cylinder_999999_1,geometry_only,engine,13,cylinder,success,/mnt/scratch/pmywe/GPU/3D_irregular_packing_stream/hpc/results/all_instances_geometry/engine_seq13_cylinder__maximal_residual_box__bottom_top__instance_size__rng42.json,218.58943963050842,216.8316764831543,True,,2,0.17914664717655152,0.22530752593815875,2,0.17914664717655152,0.22530752593815875
860,engine_seq13_cylinder,maximal_residual_box,all,86x86x86,engine_seq13_cylinder;engine_seq13_cylinder_999999_1,geometry_only,engine,13,cylinder,success,/mnt/scratch/pmywe/GPU/3D_irregular_packing_stream/hpc/results/all_instances_geometry/engine_seq13_cylinder__maximal_residual_box__all__instance_size__rng42.json,246.84463262557983,245.095134973526,True,,2,0.17914664717655152,0.23346875328902922,2,0.17914664717655152,0.23346875328902922
861,engine_seq13_cylinder,overlap_distance,bottom,86x86x86,engine_seq13_cylinder;engine_seq13_cylinder_999999_1,geometry_only,engine,13,cylinder,success,/mnt/scratch/pmywe/GPU/3D_irregular_packing_stream/hpc/results/all_instances_geometry/engine_seq13_cylinder__overlap_distance__bottom__instance_size__rng42.json,1036.337372303009,1034.6038682460785,True,,2,0.17914664717655152,0.2404249134666782,2,0.17914664717655152,0.2404249134666782
862,engine_seq13_cylinder,overlap_distance,bottom_top,86x86x86,engine_seq13_cylinder;engine_seq13_cylinder_999999_1,geometry_only,engine,13,cylinder,success,/mnt/scratch/pmywe/GPU/3D_irregular_packing_stream/hpc/results/all_instances_geometry/engine_seq13_cylinder__overlap_distance__bottom_top__instance_size__rng42.json,1582.0869710445404,1580.3872327804565,True,,2,0.17914664717655152,0.2305641810824771,2,0.17914664717655152,0.2305641810824771
863,engine_seq13_cylinder,overlap_distance,all,86x86x86,engine_seq13_cylinder;engine_seq13_cylinder_999999_1,geometry_only,engine,13,cylinder,success,/mnt/scratch/pmywe/GPU/3D_irregular_packing_stream/hpc/results/all_instances_geometry/engine_seq13_cylinder__overlap_distance__all__instance_size__rng42.json,3385.1661443710327,3383.3921151161194,True,,3,0.11943109811770102,0.16814990877772718,3,0.11943109811770102,0.16814990877772718
864,engine_seq19_cube,minimum_aabb_volume,bottom,73x73x73,engine_seq19_cube;engine_seq19_cube_999999_1,geometry_only,engine,19,cube,success,/mnt/scratch/pmywe/GPU/3D_irregular_packing_stream/hpc/results/all_instances_geometry/engine_seq19_cube__minimum_aabb_volume__bottom__instance_size__rng42.json,37.576075315475464,35.97576022148132,True,,2,0.23005164298732447,0.27129919772143635,2,0.23005164298732447,0.27129919772143635
865,engine_seq19_cube,minimum_aabb_volume,bottom_top,73x73x73,engine_seq19_cube;engine_seq19_cube_999999_1,geometry_only,engine,19,cube,success,/mnt/scratch/pmywe/GPU/3D_irregular_packing_stream/hpc/results/all_instances_geometry/engine_seq19_cube__minimum_aabb_volume__bottom_top__instance_size__rng42.json,41.916157484054565,40.333948850631714,True,,2,0.23005164298732447,0.27129919772143635,2,0.23005164298732447,0.27129919772143635
866,engine_seq19_cube,minimum_aabb_volume,all,73x73x73,engine_seq19_cube;engine_seq19_cube_999999_1,geometry_only,engine,19,cube,success,/mnt/scratch/pmywe/GPU/3D_irregular_packing_stream/hpc/results/all_instances_geometry/engine_seq19_cube__minimum_aabb_volume__all__instance_size__rng42.json,57.4621148109436,55.98310041427612,True,,3,0.15336776199154964,0.2153864741129565,3,0.15336776199154964,0.2153864741129565
867,engine_seq19_cube,minimum_aabb_edges_len,bottom,73x73x73,engine_seq19_cube;engine_seq19_cube_999999_1,geometry_only,engine,19,cube,success,/mnt/scratch/pmywe/GPU/3D_irregular_packing_stream/hpc/results/all_instances_geometry/engine_seq19_cube__minimum_aabb_edges_len__bottom__instance_size__rng42.json,36.843621253967285,35.486555099487305,True,,2,0.23005164298732447,0.2408789333113977,2,0.23005164298732447,0.2408789333113977
868,engine_seq19_cube,minimum_aabb_edges_len,bottom_top,73x73x73,engine_seq19_cube;engine_seq19_cube_999999_1,geometry_only,engine,19,cube,success,/mnt/scratch/pmywe/GPU/3D_irregular_packing_stream/hpc/results/all_instances_geometry/engine_seq19_cube__minimum_aabb_edges_len__bottom_top__instance_size__rng42.json,42.81149363517761,41.364436626434326,True,,3,0.15336776199154964,0.2153864741129565,3,0.15336776199154964,0.2153864741129565
869,engine_seq19_cube,minimum_aabb_edges_len,all,73x73x73,engine_seq19_cube;engine_seq19_cube_999999_1,geometry_only,engine,19,cube,success,/mnt/scratch/pmywe/GPU/3D_irregular_packing_stream/hpc/results/all_instances_geometry/engine_seq19_cube__minimum_aabb_edges_len__all__instance_size__rng42.json,54.02075147628784,52.75787591934204,True,,3,0.15336776199154964,0.21538647411295653,3,0.15336776199154964,0.21538647411295653
870,engine_seq19_cube,maximal_residual_box,bottom,73x73x73,engine_seq19_cube;engine_seq19_cube_999999_1,geometry_only,engine,19,cube,success,/mnt/scratch/pmywe/GPU/3D_irregular_packing_stream/hpc/results/all_instances_geometry/engine_seq19_cube__maximal_residual_box__bottom__instance_size__rng42.json,33.518333435058594,31.97142767906189,True,,2,0.23005164298732447,0.27240197729148086,2,0.23005164298732447,0.27240197729148086
871,engine_seq19_cube,maximal_residual_box,bottom_top,73x73x73,engine_seq19_cube;engine_seq19_cube_999999_1,geometry_only,engine,19,cube,success,/mnt/scratch/pmywe/GPU/3D_irregular_packing_stream/hpc/results/all_instances_geometry/engine_seq19_cube__maximal_residual_box__bottom_top__instance_size__rng42.json,41.02088713645935,39.467024087905884,True,,2,0.23005164298732447,0.2661271872437451,2,0.23005164298732447,0.2661271872437451
872,engine_seq19_cube,maximal_residual_box,all,73x73x73,engine_seq19_cube;engine_seq19_cube_999999_1,geometry_only,engine,19,cube,success,/mnt/scratch/pmywe/GPU/3D_irregular_packing_stream/hpc/results/all_instances_geometry/engine_seq19_cube__maximal_residual_box__all__instance_size__rng42.json,56.33308243751526,54.864524841308594,True,,3,0.15336776199154964,0.2153864741129565,3,0.15336776199154964,0.2153864741129565
873,engine_seq19_cube,overlap_distance,bottom,73x73x73,engine_seq19_cube;engine_seq19_cube_999999_1,geometry_only,engine,19,cube,success,/mnt/scratch/pmywe/GPU/3D_irregular_packing_stream/hpc/results/all_instances_geometry/engine_seq19_cube__overlap_distance__bottom__instance_size__rng42.json,421.5072603225708,419.8940198421478,True,,3,0.15336776199154964,0.2153864741129565,3,0.15336776199154964,0.2153864741129565
874,engine_seq19_cube,overlap_distance,bottom_top,73x73x73,engine_seq19_cube;engine_seq19_cube_999999_1,geometry_only,engine,19,cube,success,/mnt/scratch/pmywe/GPU/3D_irregular_packing_stream/hpc/results/all_instances_geometry/engine_seq19_cube__overlap_distance__bottom_top__instance_size__rng42.json,668.1886646747589,666.8591878414154,True,,2,0.23005164298732447,0.2922982800237522,2,0.23005164298732447,0.2922982800237522
875,engine_seq19_cube,overlap_distance,all,73x73x73,engine_seq19_cube;engine_seq19_cube_999999_1,geometry_only,engine,19,cube,success,/mnt/scratch/pmywe/GPU/3D_irregular_packing_stream/hpc/results/all_instances_geometry/engine_seq19_cube__overlap_distance__all__instance_size__rng42.json,1522.6958565711975,1521.2343199253082,True,,3,0.15336776199154964,0.21538647411295653,3,0.15336776199154964,0.21538647411295653
876,engine_seq19_cylinder,minimum_aabb_volume,bottom,86x86x86,engine_seq19_cylinder;engine_seq19_cylinder_999999_1,geometry_only,engine,19,cylinder,success,/mnt/scratch/pmywe/GPU/3D_irregular_packing_stream/hpc/results/all_instances_geometry/engine_seq19_cylinder__minimum_aabb_volume__bottom__instance_size__rng42.json,201.24354577064514,199.55759811401367,True,,2,0.17914664717655152,0.23810285711960688,2,0.17914664717655152,0.23810285711960688
877,engine_seq19_cylinder,minimum_aabb_volume,bottom_top,86x86x86,engine_seq19_cylinder;engine_seq19_cylinder_999999_1,geometry_only,engine,19,cylinder,success,/mnt/scratch/pmywe/GPU/3D_irregular_packing_stream/hpc/results/all_instances_geometry/engine_seq19_cylinder__minimum_aabb_volume__bottom_top__instance_size__rng42.json,218.35007047653198,216.64677834510803,True,,2,0.17914664717655152,0.23810285711960688,2,0.17914664717655152,0.23810285711960688
878,engine_seq19_cylinder,minimum_aabb_volume,all,86x86x86,engine_seq19_cylinder;engine_seq19_cylinder_999999_1,geometry_only,engine,19,cylinder,success,/mnt/scratch/pmywe/GPU/3D_irregular_packing_stream/hpc/results/all_instances_geometry/engine_seq19_cylinder__minimum_aabb_volume__all__instance_size__rng42.json,246.9495565891266,245.16859030723572,True,,2,0.17914664717655152,0.2107085975423044,2,0.17914664717655152,0.2107085975423044
879,engine_seq19_cylinder,minimum_aabb_edges_len,bottom,86x86x86,engine_seq19_cylinder;engine_seq19_cylinder_999999_1,geometry_only,engine,19,cylinder,success,/mnt/scratch/pmywe/GPU/3D_irregular_packing_stream/hpc/results/all_instances_geometry/engine_seq19_cylinder__minimum_aabb_edges_len__bottom__instance_size__rng42.json,197.91765356063843,196.18250393867493,True,,2,0.17914664717655152,0.23810285711960688,2,0.17914664717655152,0.23810285711960688
880,engine_seq19_cylinder,minimum_aabb_edges_len,bottom_top,86x86x86,engine_seq19_cylinder;engine_seq19_cylinder_999999_1,geometry_only,engine,19,cylinder,success,/mnt/scratch/pmywe/GPU/3D_irregular_packing_stream/hpc/results/all_instances_geometry/engine_seq19_cylinder__minimum_aabb_edges_len__bottom_top__instance_size__rng42.json,215.0172736644745,213.25471591949463,True,,2,0.17914664717655152,0.23810285711960688,2,0.17914664717655152,0.23810285711960688
881,engine_seq19_cylinder,minimum_aabb_edges_len,all,86x86x86,engine_seq19_cylinder;engine_seq19_cylinder_999999_1,geometry_only,engine,19,cylinder,success,/mnt/scratch/pmywe/GPU/3D_irregular_packing_stream/hpc/results/all_instances_geometry/engine_seq19_cylinder__minimum_aabb_edges_len__all__instance_size__rng42.json,251.5195038318634,249.79918432235718,True,,3,0.11943109811770102,0.16772653384892927,3,0.11943109811770102,0.16772653384892927
882,engine_seq19_cylinder,maximal_residual_box,bottom,86x86x86,engine_seq19_cylinder;engine_seq19_cylinder_999999_1,geometry_only,engine,19,cylinder,success,/mnt/scratch/pmywe/GPU/3D_irregular_packing_stream/hpc/results/all_instances_geometry/engine_seq19_cylinder__maximal_residual_box__bottom__instance_size__rng42.json,199.58626675605774,197.82007241249084,True,,2,0.17914664717655152,0.2121258526231031,2,0.17914664717655152,0.2121258526231031
883,engine_seq19_cylinder,maximal_residual_box,bottom_top,86x86x86,engine_seq19_cylinder;engine_seq19_cylinder_999999_1,geometry_only,engine,19,cylinder,success,/mnt/scratch/pmywe/GPU/3D_irregular_packing_stream/hpc/results/all_instances_geometry/engine_seq19_cylinder__maximal_residual_box__bottom_top__instance_size__rng42.json,218.65003514289856,217.1490879058838,True,,2,0.17914664717655152,0.22261514163918383,2,0.17914664717655152,0.22261514163918383
884,engine_seq19_cylinder,maximal_residual_box,all,86x86x86,engine_seq19_cylinder;engine_seq19_cylinder_999999_1,geometry_only,engine,19,cylinder,success,/mnt/scratch/pmywe/GPU/3D_irregular_packing_stream/hpc/results/all_instances_geometry/engine_seq19_cylinder__maximal_residual_box__all__instance_size__rng42.json,249.84686517715454,248.10968780517578,True,,2,0.17914664717655152,0.197721096180409,2,0.17914664717655152,0.197721096180409
885,engine_seq19_cylinder,overlap_distance,bottom,86x86x86,engine_seq19_cylinder;engine_seq19_cylinder_999999_1,geometry_only,engine,19,cylinder,success,/mnt/scratch/pmywe/GPU/3D_irregular_packing_stream/hpc/results/all_instances_geometry/engine_seq19_cylinder__overlap_distance__bottom__instance_size__rng42.json,1276.4008250236511,1274.6574912071228,True,,2,0.17914664717655152,0.197721096180409,2,0.17914664717655152,0.197721096180409
886,engine_seq19_cylinder,overlap_distance,bottom_top,86x86x86,engine_seq19_cylinder;engine_seq19_cylinder_999999_1,geometry_only,engine,19,cylinder,success,/mnt/scratch/pmywe/GPU/3D_irregular_packing_stream/hpc/results/all_instances_geometry/engine_seq19_cylinder__overlap_distance__bottom_top__instance_size__rng42.json,1653.2068481445312,1651.4600548744202,True,,2,0.17914664717655152,0.2107085975423044,2,0.17914664717655152,0.2107085975423044
887,engine_seq19_cylinder,overlap_distance,all,86x86x86,engine_seq19_cylinder;engine_seq19_cylinder_999999_1,geometry_only,engine,19,cylinder,success,/mnt/scratch/pmywe/GPU/3D_irregular_packing_stream/hpc/results/all_instances_geometry/engine_seq19_cylinder__overlap_distance__all__instance_size__rng42.json,3608.699508666992,3607.1856229305267,True,,3,0.11943109811770102,0.16772653384892927,3,0.11943109811770102,0.16772653384892927
888,engine_seq3_cube,minimum_aabb_volume,bottom,73x73x73,engine_seq3_cube;engine_seq3_cube_999999_1,geometry_only,engine,3,cube,success,/mnt/scratch/pmywe/GPU/3D_irregular_packing_stream/hpc/results/all_instances_geometry/engine_seq3_cube__minimum_aabb_volume__bottom__instance_size__rng42.json,34.76972842216492,33.17215895652771,True,,2,0.23005164298732447,0.2877149327664344,2,0.23005164298732447,0.2877149327664344
889,engine_seq3_cube,minimum_aabb_volume,bottom_top,73x73x73,engine_seq3_cube;engine_seq3_cube_999999_1,geometry_only,engine,3,cube,success,/mnt/scratch/pmywe/GPU/3D_irregular_packing_stream/hpc/results/all_instances_geometry/engine_seq3_cube__minimum_aabb_volume__bottom_top__instance_size__rng42.json,42.87297773361206,41.44274401664734,True,,2,0.23005164298732447,0.2601300200248318,2,0.23005164298732447,0.2601300200248318
890,engine_seq3_cube,minimum_aabb_volume,all,73x73x73,engine_seq3_cube;engine_seq3_cube_999999_1,geometry_only,engine,3,cube,success,/mnt/scratch/pmywe/GPU/3D_irregular_packing_stream/hpc/results/all_instances_geometry/engine_seq3_cube__minimum_aabb_volume__all__instance_size__rng42.json,55.38258957862854,53.788841009140015,True,,3,0.15336776199154964,0.22223964505407218,3,0.15336776199154964,0.22223964505407218
891,engine_seq3_cube,minimum_aabb_edges_len,bottom,73x73x73,engine_seq3_cube;engine_seq3_cube_999999_1,geometry_only,engine,3,cube,success,/mnt/scratch/pmywe/GPU/3D_irregular_packing_stream/hpc/results/all_instances_geometry/engine_seq3_cube__minimum_aabb_edges_len__bottom__instance_size__rng42.json,36.628926038742065,35.17941403388977,True,,2,0.23005164298732447,0.2809645850952529,2,0.23005164298732447,0.2809645850952529
892,engine_seq3_cube,minimum_aabb_edges_len,bottom_top,73x73x73,engine_seq3_cube;engine_seq3_cube_999999_1,geometry_only,engine,3,cube,success,/mnt/scratch/pmywe/GPU/3D_irregular_packing_stream/hpc/results/all_instances_geometry/engine_seq3_cube__minimum_aabb_edges_len__bottom_top__instance_size__rng42.json,41.363242626190186,39.76578903198242,True,,2,0.23005164298732447,0.30804823439592616,2,0.23005164298732447,0.30804823439592616
893,engine_seq3_cube,minimum_aabb_edges_len,all,73x73x73,engine_seq3_cube;engine_seq3_cube_999999_1,geometry_only,engine,3,cube,success,/mnt/scratch/pmywe/GPU/3D_irregular_packing_stream/hpc/results/all_instances_geometry/engine_seq3_cube__minimum_aabb_edges_len__all__instance_size__rng42.json,57.08253216743469,55.53270387649536,True,,2,0.23005164298732447,0.2886531951045841,2,0.23005164298732447,0.2886531951045841
894,engine_seq3_cube,maximal_residual_box,bottom,73x73x73,engine_seq3_cube;engine_seq3_cube_999999_1,geometry_only,engine,3,cube,success,/mnt/scratch/pmywe/GPU/3D_irregular_packing_stream/hpc/results/all_instances_geometry/engine_seq3_cube__maximal_residual_box__bottom__instance_size__rng42.json,36.38613748550415,34.91143846511841,True,,2,0.23005164298732447,0.2873447689946712,2,0.23005164298732447,0.2873447689946712
895,engine_seq3_cube,maximal_residual_box,bottom_top,73x73x73,engine_seq3_cube;engine_seq3_cube_999999_1,geometry_only,engine,3,cube,success,/mnt/scratch/pmywe/GPU/3D_irregular_packing_stream/hpc/results/all_instances_geometry/engine_seq3_cube__maximal_residual_box__bottom_top__instance_size__rng42.json,41.202911376953125,39.766573905944824,True,,2,0.23005164298732447,0.2995653146263531,2,0.23005164298732447,0.2995653146263531
896,engine_seq3_cube,maximal_residual_box,all,73x73x73,engine_seq3_cube;engine_seq3_cube_999999_1,geometry_only,engine,3,cube,success,/mnt/scratch/pmywe/GPU/3D_irregular_packing_stream/hpc/results/all_instances_geometry/engine_seq3_cube__maximal_residual_box__all__instance_size__rng42.json,57.139748096466064,55.55425262451172,True,,2,0.23005164298732447,0.2657004706735181,2,0.23005164298732447,0.2657004706735181
897,engine_seq3_cube,overlap_distance,bottom,73x73x73,engine_seq3_cube;engine_seq3_cube_999999_1,geometry_only,engine,3,cube,success,/mnt/scratch/pmywe/GPU/3D_irregular_packing_stream/hpc/results/all_instances_geometry/engine_seq3_cube__overlap_distance__bottom__instance_size__rng42.json,650.1170144081116,648.5462403297424,True,,2,0.23005164298732447,0.2809645850952529,2,0.23005164298732447,0.2809645850952529
898,engine_seq3_cube,overlap_distance,bottom_top,73x73x73,engine_seq3_cube;engine_seq3_cube_999999_1,geometry_only,engine,3,cube,success,/mnt/scratch/pmywe/GPU/3D_irregular_packing_stream/hpc/results/all_instances_geometry/engine_seq3_cube__overlap_distance__bottom_top__instance_size__rng42.json,667.109283208847,665.6230580806732,True,,3,0.15336776199154964,0.22445420123028043,3,0.15336776199154964,0.22445420123028043
899,engine_seq3_cube,overlap_distance,all,73x73x73,engine_seq3_cube;engine_seq3_cube_999999_1,geometry_only,engine,3,cube,success,/mnt/scratch/pmywe/GPU/3D_irregular_packing_stream/hpc/results/all_instances_geometry/engine_seq3_cube__overlap_distance__all__instance_size__rng42.json,1471.7091693878174,1470.1079161167145,True,,3,0.15336776199154964,0.21664220329702816,3,0.15336776199154964,0.21664220329702816
900,engine_seq3_cylinder,minimum_aabb_volume,bottom,86x86x86,engine_seq3_cylinder;engine_seq3_cylinder_999999_1,geometry_only,engine,3,cylinder,success,/mnt/scratch/pmywe/GPU/3D_irregular_packing_stream/hpc/results/all_instances_geometry/engine_seq3_cylinder__minimum_aabb_volume__bottom__instance_size__rng42.json,201.08019995689392,199.34568905830383,True,,2,0.17914664717655152,0.24553543920294804,2,0.17914664717655152,0.24553543920294804
901,engine_seq3_cylinder,minimum_aabb_volume,bottom_top,86x86x86,engine_seq3_cylinder;engine_seq3_cylinder_999999_1,geometry_only,engine,3,cylinder,success,/mnt/scratch/pmywe/GPU/3D_irregular_packing_stream/hpc/results/all_instances_geometry/engine_seq3_cylinder__minimum_aabb_volume__bottom_top__instance_size__rng42.json,211.09319806098938,209.46975660324097,True,,2,0.17914664717655152,0.26664613423416705,2,0.17914664717655152,0.26664613423416705
902,engine_seq3_cylinder,minimum_aabb_volume,all,86x86x86,engine_seq3_cylinder;engine_seq3_cylinder_999999_1,geometry_only,engine,3,cylinder,success,/mnt/scratch/pmywe/GPU/3D_irregular_packing_stream/hpc/results/all_instances_geometry/engine_seq3_cylinder__minimum_aabb_volume__all__instance_size__rng42.json,249.03049635887146,247.3121314048767,True,,2,0.17914664717655152,0.25491374436331793,2,0.17914664717655152,0.25491374436331793
903,engine_seq3_cylinder,minimum_aabb_edges_len,bottom,86x86x86,engine_seq3_cylinder;engine_seq3_cylinder_999999_1,geometry_only,engine,3,cylinder,success,/mnt/scratch/pmywe/GPU/3D_irregular_packing_stream/hpc/results/all_instances_geometry/engine_seq3_cylinder__minimum_aabb_edges_len__bottom__instance_size__rng42.json,204.2506034374237,202.52720594406128,True,,2,0.17914664717655152,0.2726334364187276,2,0.17914664717655152,0.2726334364187276
904,engine_seq3_cylinder,minimum_aabb_edges_len,bottom_top,86x86x86,engine_seq3_cylinder;engine_seq3_cylinder_999999_1,geometry_only,engine,3,cylinder,success,/mnt/scratch/pmywe/GPU/3D_irregular_packing_stream/hpc/results/all_instances_geometry/engine_seq3_cylinder__minimum_aabb_edges_len__bottom_top__instance_size__rng42.json,215.96023392677307,214.22092247009277,True,,2,0.17914664717655152,0.2677471092263129,2,0.17914664717655152,0.2677471092263129
905,engine_seq3_cylinder,minimum_aabb_edges_len,all,86x86x86,engine_seq3_cylinder;engine_seq3_cylinder_999999_1,geometry_only,engine,3,cylinder,success,/mnt/scratch/pmywe/GPU/3D_irregular_packing_stream/hpc/results/all_instances_geometry/engine_seq3_cylinder__minimum_aabb_edges_len__all__instance_size__rng42.json,250.8454351425171,249.09876942634583,True,,2,0.17914664717655152,0.2447707620265849,2,0.17914664717655152,0.2447707620265849
906,engine_seq3_cylinder,maximal_residual_box,bottom,86x86x86,engine_seq3_cylinder;engine_seq3_cylinder_999999_1,geometry_only,engine,3,cylinder,success,/mnt/scratch/pmywe/GPU/3D_irregular_packing_stream/hpc/results/all_instances_geometry/engine_seq3_cylinder__maximal_residual_box__bottom__instance_size__rng42.json,205.18820595741272,203.47598886489868,True,,2,0.17914664717655152,0.2807366123609213,2,0.17914664717655152,0.2807366123609213
907,engine_seq3_cylinder,maximal_residual_box,bottom_top,86x86x86,engine_seq3_cylinder;engine_seq3_cylinder_999999_1,geometry_only,engine,3,cylinder,success,/mnt/scratch/pmywe/GPU/3D_irregular_packing_stream/hpc/results/all_instances_geometry/engine_seq3_cylinder__maximal_residual_box__bottom_top__instance_size__rng42.json,217.13465785980225,215.38654232025146,True,,2,0.17914664717655152,0.24626608624319032,2,0.17914664717655152,0.24626608624319032
908,engine_seq3_cylinder,maximal_residual_box,all,86x86x86,engine_seq3_cylinder;engine_seq3_cylinder_999999_1,geometry_only,engine,3,cylinder,success,/mnt/scratch/pmywe/GPU/3D_irregular_packing_stream/hpc/results/all_instances_geometry/engine_seq3_cylinder__maximal_residual_box__all__instance_size__rng42.json,245.79246377944946,244.157057762146,True,,2,0.17914664717655152,0.22578795138927696,2,0.17914664717655152,0.22578795138927696
909,engine_seq3_cylinder,overlap_distance,bottom,86x86x86,engine_seq3_cylinder;engine_seq3_cylinder_999999_1,geometry_only,engine,3,cylinder,success,/mnt/scratch/pmywe/GPU/3D_irregular_packing_stream/hpc/results/all_instances_geometry/engine_seq3_cylinder__overlap_distance__bottom__instance_size__rng42.json,1252.9850471019745,1251.3379266262054,True,,2,0.17914664717655152,0.2205112785178287,2,0.17914664717655152,0.2205112785178287
910,engine_seq3_cylinder,overlap_distance,bottom_top,86x86x86,engine_seq3_cylinder;engine_seq3_cylinder_999999_1,geometry_only,engine,3,cylinder,success,/mnt/scratch/pmywe/GPU/3D_irregular_packing_stream/hpc/results/all_instances_geometry/engine_seq3_cylinder__overlap_distance__bottom_top__instance_size__rng42.json,1510.8756487369537,1509.1076829433441,True,,2,0.17914664717655152,0.185426208177209,2,0.17914664717655152,0.185426208177209
911,engine_seq3_cylinder,overlap_distance,all,86x86x86,engine_seq3_cylinder;engine_seq3_cylinder_999999_1,geometry_only,engine,3,cylinder,success,/mnt/scratch/pmywe/GPU/3D_irregular_packing_stream/hpc/results/all_instances_geometry/engine_seq3_cylinder__overlap_distance__all__instance_size__rng42.json,3547.36061835289,3545.6545083522797,True,,3,0.11943109811770102,0.1730632599017673,3,0.11943109811770102,0.1730632599017673
912,engine_seq53_cube,minimum_aabb_volume,bottom,73x73x73,engine_seq53_cube;engine_seq53_cube_999999_1,geometry_only,engine,53,cube,success,/mnt/scratch/pmywe/GPU/3D_irregular_packing_stream/hpc/results/all_instances_geometry/engine_seq53_cube__minimum_aabb_volume__bottom__instance_size__rng42.json,37.298665046691895,35.69107246398926,True,,2,0.23005164298732447,0.25836145978196323,2,0.23005164298732447,0.25836145978196323
913,engine_seq53_cube,minimum_aabb_volume,bottom_top,73x73x73,engine_seq53_cube;engine_seq53_cube_999999_1,geometry_only,engine,53,cube,success,/mnt/scratch/pmywe/GPU/3D_irregular_packing_stream/hpc/results/all_instances_geometry/engine_seq53_cube__minimum_aabb_volume__bottom_top__instance_size__rng42.json,74.71513175964355,73.25435948371887,True,,2,0.23005164298732447,0.25836145978196323,2,0.23005164298732447,0.25836145978196323
914,engine_seq53_cube,minimum_aabb_volume,all,73x73x73,engine_seq53_cube;engine_seq53_cube_999999_1,geometry_only,engine,53,cube,success,/mnt/scratch/pmywe/GPU/3D_irregular_packing_stream/hpc/results/all_instances_geometry/engine_seq53_cube__minimum_aabb_volume__all__instance_size__rng42.json,55.20865082740784,53.605618953704834,True,,3,0.15336776199154964,0.18466159576573773,3,0.15336776199154964,0.18466159576573773
915,engine_seq53_cube,minimum_aabb_edges_len,bottom,73x73x73,engine_seq53_cube;engine_seq53_cube_999999_1,geometry_only,engine,53,cube,success,/mnt/scratch/pmywe/GPU/3D_irregular_packing_stream/hpc/results/all_instances_geometry/engine_seq53_cube__minimum_aabb_edges_len__bottom__instance_size__rng42.json,38.941760778427124,37.293126821517944,True,,3,0.15336776199154964,0.1993267646401057,3,0.15336776199154964,0.1993267646401057
916,engine_seq53_cube,minimum_aabb_edges_len,bottom_top,73x73x73,engine_seq53_cube;engine_seq53_cube_999999_1,geometry_only,engine,53,cube,success,/mnt/scratch/pmywe/GPU/3D_irregular_packing_stream/hpc/results/all_instances_geometry/engine_seq53_cube__minimum_aabb_edges_len__bottom_top__instance_size__rng42.json,44.21562123298645,42.741427421569824,True,,3,0.15336776199154964,0.1993267646401057,3,0.15336776199154964,0.1993267646401057
917,engine_seq53_cube,minimum_aabb_edges_len,all,73x73x73,engine_seq53_cube;engine_seq53_cube_999999_1,geometry_only,engine,53,cube,success,/mnt/scratch/pmywe/GPU/3D_irregular_packing_stream/hpc/results/all_instances_geometry/engine_seq53_cube__minimum_aabb_edges_len__all__instance_size__rng42.json,57.84057807922363,56.36137104034424,True,,3,0.15336776199154964,0.21538647411295653,3,0.15336776199154964,0.21538647411295653
918,engine_seq53_cube,maximal_residual_box,bottom,73x73x73,engine_seq53_cube;engine_seq53_cube_999999_1,geometry_only,engine,53,cube,success,/mnt/scratch/pmywe/GPU/3D_irregular_packing_stream/hpc/results/all_instances_geometry/engine_seq53_cube__maximal_residual_box__bottom__instance_size__rng42.json,39.77849793434143,38.18384313583374,True,,2,0.23005164298732447,0.25836145978196323,2,0.23005164298732447,0.25836145978196323
919,engine_seq53_cube,maximal_residual_box,bottom_top,73x73x73,engine_seq53_cube;engine_seq53_cube_999999_1,geometry_only,engine,53,cube,success,/mnt/scratch/pmywe/GPU/3D_irregular_packing_stream/hpc/results/all_instances_geometry/engine_seq53_cube__maximal_residual_box__bottom_top__instance_size__rng42.json,44.95002460479736,43.39651799201965,True,,2,0.23005164298732447,0.25836145978196323,2,0.23005164298732447,0.25836145978196323
920,engine_seq53_cube,maximal_residual_box,all,73x73x73,engine_seq53_cube;engine_seq53_cube_999999_1,geometry_only,engine,53,cube,success,/mnt/scratch/pmywe/GPU/3D_irregular_packing_stream/hpc/results/all_instances_geometry/engine_seq53_cube__maximal_residual_box__all__instance_size__rng42.json,54.552119731903076,53.011226654052734,True,,3,0.15336776199154964,0.18466159576573776,3,0.15336776199154964,0.18466159576573776
921,engine_seq53_cube,overlap_distance,bottom,73x73x73,engine_seq53_cube;engine_seq53_cube_999999_1,geometry_only,engine,53,cube,success,/mnt/scratch/pmywe/GPU/3D_irregular_packing_stream/hpc/results/all_instances_geometry/engine_seq53_cube__overlap_distance__bottom__instance_size__rng42.json,614.7786045074463,613.3186573982239,True,,3,0.15336776199154964,0.19932676464010568,3,0.15336776199154964,0.19932676464010568
922,engine_seq53_cube,overlap_distance,bottom_top,73x73x73,engine_seq53_cube;engine_seq53_cube_999999_1,geometry_only,engine,53,cube,success,/mnt/scratch/pmywe/GPU/3D_irregular_packing_stream/hpc/results/all_instances_geometry/engine_seq53_cube__overlap_distance__bottom_top__instance_size__rng42.json,746.3557789325714,744.7783806324005,True,,3,0.15336776199154964,0.19932676464010568,3,0.15336776199154964,0.19932676464010568
923,engine_seq53_cube,overlap_distance,all,73x73x73,engine_seq53_cube;engine_seq53_cube_999999_1,geometry_only,engine,53,cube,success,/mnt/scratch/pmywe/GPU/3D_irregular_packing_stream/hpc/results/all_instances_geometry/engine_seq53_cube__overlap_distance__all__instance_size__rng42.json,1685.0854742527008,1683.475420475006,True,,3,0.15336776199154964,0.1713588352179982,3,0.15336776199154964,0.1713588352179982
924,engine_seq53_cylinder,minimum_aabb_volume,bottom,86x86x86,engine_seq53_cylinder;engine_seq53_cylinder_999999_1,geometry_only,engine,53,cylinder,success,/mnt/scratch/pmywe/GPU/3D_irregular_packing_stream/hpc/results/all_instances_geometry/engine_seq53_cylinder__minimum_aabb_volume__bottom__instance_size__rng42.json,202.15033268928528,200.32762789726257,True,,2,0.17914664717655152,0.20199087737722202,2,0.17914664717655152,0.20199087737722202
925,engine_seq53_cylinder,minimum_aabb_volume,bottom_top,86x86x86,engine_seq53_cylinder;engine_seq53_cylinder_999999_1,geometry_only,engine,53,cylinder,success,/mnt/scratch/pmywe/GPU/3D_irregular_packing_stream/hpc/results/all_instances_geometry/engine_seq53_cylinder__minimum_aabb_volume__bottom_top__instance_size__rng42.json,218.33002042770386,216.61705780029297,True,,2,0.17914664717655152,0.2370759477178417,2,0.17914664717655152,0.2370759477178417
926,engine_seq53_cylinder,minimum_aabb_volume,all,86x86x86,engine_seq53_cylinder;engine_seq53_cylinder_999999_1,geometry_only,engine,53,cylinder,success,/mnt/scratch/pmywe/GPU/3D_irregular_packing_stream/hpc/results/all_instances_geometry/engine_seq53_cylinder__minimum_aabb_volume__all__instance_size__rng42.json,249.02042365074158,247.2595944404602,True,,3,0.11943109811770102,0.1438003454968863,3,0.11943109811770102,0.1438003454968863
927,engine_seq53_cylinder,minimum_aabb_edges_len,bottom,86x86x86,engine_seq53_cylinder;engine_seq53_cylinder_999999_1,geometry_only,engine,53,cylinder,success,/mnt/scratch/pmywe/GPU/3D_irregular_packing_stream/hpc/results/all_instances_geometry/engine_seq53_cylinder__minimum_aabb_edges_len__bottom__instance_size__rng42.json,199.3623561859131,197.63824343681335,True,,2,0.17914664717655152,0.2107085975423044,2,0.17914664717655152,0.2107085975423044
928,engine_seq53_cylinder,minimum_aabb_edges_len,bottom_top,86x86x86,engine_seq53_cylinder;engine_seq53_cylinder_999999_1,geometry_only,engine,53,cylinder,success,/mnt/scratch/pmywe/GPU/3D_irregular_packing_stream/hpc/results/all_instances_geometry/engine_seq53_cylinder__minimum_aabb_edges_len__bottom_top__instance_size__rng42.json,216.4718770980835,214.7299931049347,True,,2,0.17914664717655152,0.2107085975423044,2,0.17914664717655152,0.2107085975423044
929,engine_seq53_cylinder,minimum_aabb_edges_len,all,86x86x86,engine_seq53_cylinder;engine_seq53_cylinder_999999_1,geometry_only,engine,53,cylinder,success,/mnt/scratch/pmywe/GPU/3D_irregular_packing_stream/hpc/results/all_instances_geometry/engine_seq53_cylinder__minimum_aabb_edges_len__all__instance_size__rng42.json,256.09459042549133,254.3462541103363,True,,3,0.11943109811770102,0.16772653384892927,3,0.11943109811770102,0.16772653384892927
930,engine_seq53_cylinder,maximal_residual_box,bottom,86x86x86,engine_seq53_cylinder;engine_seq53_cylinder_999999_1,geometry_only,engine,53,cylinder,success,/mnt/scratch/pmywe/GPU/3D_irregular_packing_stream/hpc/results/all_instances_geometry/engine_seq53_cylinder__maximal_residual_box__bottom__instance_size__rng42.json,203.19677639007568,201.42618680000305,True,,2,0.17914664717655152,0.2107085975423044,2,0.17914664717655152,0.2107085975423044
931,engine_seq53_cylinder,maximal_residual_box,bottom_top,86x86x86,engine_seq53_cylinder;engine_seq53_cylinder_999999_1,geometry_only,engine,53,cylinder,success,/mnt/scratch/pmywe/GPU/3D_irregular_packing_stream/hpc/results/all_instances_geometry/engine_seq53_cylinder__maximal_residual_box__bottom_top__instance_size__rng42.json,219.80171585083008,217.99158024787903,True,,2,0.17914664717655152,0.2107085975423044,2,0.17914664717655152,0.2107085975423044
932,engine_seq53_cylinder,maximal_residual_box,all,86x86x86,engine_seq53_cylinder;engine_seq53_cylinder_999999_1,geometry_only,engine,53,cylinder,success,/mnt/scratch/pmywe/GPU/3D_irregular_packing_stream/hpc/results/all_instances_geometry/engine_seq53_cylinder__maximal_residual_box__all__instance_size__rng42.json,245.95330119132996,244.21161532402039,True,,3,0.11943109811770102,0.16772653384892927,3,0.11943109811770102,0.16772653384892927
933,engine_seq53_cylinder,overlap_distance,bottom,86x86x86,engine_seq53_cylinder;engine_seq53_cylinder_999999_1,geometry_only,engine,53,cylinder,success,/mnt/scratch/pmywe/GPU/3D_irregular_packing_stream/hpc/results/all_instances_geometry/engine_seq53_cylinder__overlap_distance__bottom__instance_size__rng42.json,1176.8220629692078,1175.0932030677795,True,,2,0.17914664717655152,0.20199087737722202,2,0.17914664717655152,0.20199087737722202
934,engine_seq53_cylinder,overlap_distance,bottom_top,86x86x86,engine_seq53_cylinder;engine_seq53_cylinder_999999_1,geometry_only,engine,53,cylinder,success,/mnt/scratch/pmywe/GPU/3D_irregular_packing_stream/hpc/results/all_instances_geometry/engine_seq53_cylinder__overlap_distance__bottom_top__instance_size__rng42.json,1682.4827432632446,1680.7858445644379,True,,3,0.11943109811770102,0.16772653384892927,3,0.11943109811770102,0.16772653384892927
935,engine_seq53_cylinder,overlap_distance,all,86x86x86,engine_seq53_cylinder;engine_seq53_cylinder_999999_1,geometry_only,engine,53,cylinder,success,/mnt/scratch/pmywe/GPU/3D_irregular_packing_stream/hpc/results/all_instances_geometry/engine_seq53_cylinder__overlap_distance__all__instance_size__rng42.json,3803.764182806015,3802.051729440689,True,,3,0.11943109811770102,0.1438003454968863,3,0.11943109811770102,0.1438003454968863
936,engine_seq7_cube,minimum_aabb_volume,bottom,73x73x73,engine_seq7_cube;engine_seq7_cube_999999_1,geometry_only,engine,7,cube,success,/mnt/scratch/pmywe/GPU/3D_irregular_packing_stream/hpc/results/all_instances_geometry/engine_seq7_cube__minimum_aabb_volume__bottom__instance_size__rng42.json,37.35391044616699,35.720892667770386,True,,2,0.23005164298732447,0.2935347298447112,2,0.23005164298732447,0.2935347298447112
937,engine_seq7_cube,minimum_aabb_volume,bottom_top,73x73x73,engine_seq7_cube;engine_seq7_cube_999999_1,geometry_only,engine,7,cube,success,/mnt/scratch/pmywe/GPU/3D_irregular_packing_stream/hpc/results/all_instances_geometry/engine_seq7_cube__minimum_aabb_volume__bottom_top__instance_size__rng42.json,41.32504868507385,39.803165435791016,True,,2,0.23005164298732447,0.2935347298447112,2,0.23005164298732447,0.2935347298447112
938,engine_seq7_cube,minimum_aabb_volume,all,73x73x73,engine_seq7_cube;engine_seq7_cube_999999_1,geometry_only,engine,7,cube,success,/mnt/scratch/pmywe/GPU/3D_irregular_packing_stream/hpc/results/all_instances_geometry/engine_seq7_cube__minimum_aabb_volume__all__instance_size__rng42.json,55.37026834487915,53.74335336685181,True,,3,0.15336776199154964,0.2161473663104697,3,0.15336776199154964,0.2161473663104697
939,engine_seq7_cube,minimum_aabb_edges_len,bottom,73x73x73,engine_seq7_cube;engine_seq7_cube_999999_1,geometry_only,engine,7,cube,success,/mnt/scratch/pmywe/GPU/3D_irregular_packing_stream/hpc/results/all_instances_geometry/engine_seq7_cube__minimum_aabb_edges_len__bottom__instance_size__rng42.json,35.82678771018982,34.24390745162964,True,,2,0.23005164298732447,0.26645108054403793,2,0.23005164298732447,0.26645108054403793
940,engine_seq7_cube,minimum_aabb_edges_len,bottom_top,73x73x73,engine_seq7_cube;engine_seq7_cube_999999_1,geometry_only,engine,7,cube,success,/mnt/scratch/pmywe/GPU/3D_irregular_packing_stream/hpc/results/all_instances_geometry/engine_seq7_cube__minimum_aabb_edges_len__bottom_top__instance_size__rng42.json,41.1256377696991,39.6690628528595,True,,2,0.23005164298732447,0.26645108054403793,2,0.23005164298732447,0.26645108054403793
941,engine_seq7_cube,minimum_aabb_edges_len,all,73x73x73,engine_seq7_cube;engine_seq7_cube_999999_1,geometry_only,engine,7,cube,success,/mnt/scratch/pmywe/GPU/3D_irregular_packing_stream/hpc/results/all_instances_geometry/engine_seq7_cube__minimum_aabb_edges_len__all__instance_size__rng42.json,53.39216136932373,51.90843439102173,True,,2,0.23005164298732447,0.26645108054403793,2,0.23005164298732447,0.26645108054403793
942,engine_seq7_cube,maximal_residual_box,bottom,73x73x73,engine_seq7_cube;engine_seq7_cube_999999_1,geometry_only,engine,7,cube,success,/mnt/scratch/pmywe/GPU/3D_irregular_packing_stream/hpc/results/all_instances_geometry/engine_seq7_cube__maximal_residual_box__bottom__instance_size__rng42.json,32.98696255683899,31.447011709213257,True,,2,0.23005164298732447,0.26645108054403793,2,0.23005164298732447,0.26645108054403793
943,engine_seq7_cube,maximal_residual_box,bottom_top,73x73x73,engine_seq7_cube;engine_seq7_cube_999999_1,geometry_only,engine,7,cube,success,/mnt/scratch/pmywe/GPU/3D_irregular_packing_stream/hpc/results/all_instances_geometry/engine_seq7_cube__maximal_residual_box__bottom_top__instance_size__rng42.json,40.38722205162048,38.840234994888306,True,,3,0.15336776199154964,0.2159301521527337,3,0.15336776199154964,0.2159301521527337
944,engine_seq7_cube,maximal_residual_box,all,73x73x73,engine_seq7_cube;engine_seq7_cube_999999_1,geometry_only,engine,7,cube,success,/mnt/scratch/pmywe/GPU/3D_irregular_packing_stream/hpc/results/all_instances_geometry/engine_seq7_cube__maximal_residual_box__all__instance_size__rng42.json,53.455272912979126,51.97332954406738,True,,3,0.15336776199154964,0.2161473663104697,3,0.15336776199154964,0.2161473663104697
945,engine_seq7_cube,overlap_distance,bottom,73x73x73,engine_seq7_cube;engine_seq7_cube_999999_1,geometry_only,engine,7,cube,success,/mnt/scratch/pmywe/GPU/3D_irregular_packing_stream/hpc/results/all_instances_geometry/engine_seq7_cube__overlap_distance__bottom__instance_size__rng42.json,625.9570920467377,624.4713382720947,True,,3,0.15336776199154964,0.2161473663104697,3,0.15336776199154964,0.2161473663104697
946,engine_seq7_cube,overlap_distance,bottom_top,73x73x73,engine_seq7_cube;engine_seq7_cube_999999_1,geometry_only,engine,7,cube,success,/mnt/scratch/pmywe/GPU/3D_irregular_packing_stream/hpc/results/all_instances_geometry/engine_seq7_cube__overlap_distance__bottom_top__instance_size__rng42.json,678.6445255279541,677.102707862854,True,,3,0.15336776199154964,0.2161473663104697,3,0.15336776199154964,0.2161473663104697
947,engine_seq7_cube,overlap_distance,all,73x73x73,engine_seq7_cube;engine_seq7_cube_999999_1,geometry_only,engine,7,cube,success,/mnt/scratch/pmywe/GPU/3D_irregular_packing_stream/hpc/results/all_instances_geometry/engine_seq7_cube__overlap_distance__all__instance_size__rng42.json,1334.0442640781403,1332.4485733509064,True,,3,0.15336776199154964,0.1721030186341471,3,0.15336776199154964,0.1721030186341471
948,engine_seq7_cylinder,minimum_aabb_volume,bottom,86x86x86,engine_seq7_cylinder;engine_seq7_cylinder_999999_1,geometry_only,engine,7,cylinder,success,/mnt/scratch/pmywe/GPU/3D_irregular_packing_stream/hpc/results/all_instances_geometry/engine_seq7_cylinder__minimum_aabb_volume__bottom__instance_size__rng42.json,202.53839564323425,200.73627758026123,True,,3,0.11943109811770102,0.16831905857197504,3,0.11943109811770102,0.16831905857197504
949,engine_seq7_cylinder,minimum_aabb_volume,bottom_top,86x86x86,engine_seq7_cylinder;engine_seq7_cylinder_999999_1,geometry_only,engine,7,cylinder,success,/mnt/scratch/pmywe/GPU/3D_irregular_packing_stream/hpc/results/all_instances_geometry/engine_seq7_cylinder__minimum_aabb_volume__bottom_top__instance_size__rng42.json,218.19697260856628,216.47339057922363,True,,3,0.11943109811770102,0.16831905857197504,3,0.11943109811770102,0.16831905857197504
950,engine_seq7_cylinder,minimum_aabb_volume,all,86x86x86,engine_seq7_cylinder;engine_seq7_cylinder_999999_1,geometry_only,engine,7,cylinder,success,/mnt/scratch/pmywe/GPU/3D_irregular_packing_stream/hpc/results/all_instances_geometry/engine_seq7_cylinder__minimum_aabb_volume__all__instance_size__rng42.json,245.35711479187012,243.6580798625946,True,,2,0.17914664717655152,0.20749174879252544,2,0.17914664717655152,0.20749174879252544
951,engine_seq7_cylinder,minimum_aabb_edges_len,bottom,86x86x86,engine_seq7_cylinder;engine_seq7_cylinder_999999_1,geometry_only,engine,7,cylinder,success,/mnt/scratch/pmywe/GPU/3D_irregular_packing_stream/hpc/results/all_instances_geometry/engine_seq7_cylinder__minimum_aabb_edges_len__bottom__instance_size__rng42.json,199.8462212085724,198.1438603401184,True,,2,0.17914664717655152,0.23346875328902922,2,0.17914664717655152,0.23346875328902922
952,engine_seq7_cylinder,minimum_aabb_edges_len,bottom_top,86x86x86,engine_seq7_cylinder;engine_seq7_cylinder_999999_1,geometry_only,engine,7,cylinder,success,/mnt/scratch/pmywe/GPU/3D_irregular_packing_stream/hpc/results/all_instances_geometry/engine_seq7_cylinder__minimum_aabb_edges_len__bottom_top__instance_size__rng42.json,217.0013952255249,215.2398703098297,True,,2,0.17914664717655152,0.23346875328902922,2,0.17914664717655152,0.23346875328902922
953,engine_seq7_cylinder,minimum_aabb_edges_len,all,86x86x86,engine_seq7_cylinder;engine_seq7_cylinder_999999_1,geometry_only,engine,7,cylinder,success,/mnt/scratch/pmywe/GPU/3D_irregular_packing_stream/hpc/results/all_instances_geometry/engine_seq7_cylinder__minimum_aabb_edges_len__all__instance_size__rng42.json,251.43013501167297,249.66683983802795,True,,2,0.17914664717655152,0.2084586050129008,2,0.17914664717655152,0.2084586050129008
954,engine_seq7_cylinder,maximal_residual_box,bottom,86x86x86,engine_seq7_cylinder;engine_seq7_cylinder_999999_1,geometry_only,engine,7,cylinder,success,/mnt/scratch/pmywe/GPU/3D_irregular_packing_stream/hpc/results/all_instances_geometry/engine_seq7_cylinder__maximal_residual_box__bottom__instance_size__rng42.json,197.54430985450745,195.75352501869202,True,,2,0.17914664717655152,0.23033197544776995,2,0.17914664717655152,0.23033197544776995
955,engine_seq7_cylinder,maximal_residual_box,bottom_top,86x86x86,engine_seq7_cylinder;engine_seq7_cylinder_999999_1,geometry_only,engine,7,cylinder,success,/mnt/scratch/pmywe/GPU/3D_irregular_packing_stream/hpc/results/all_instances_geometry/engine_seq7_cylinder__maximal_residual_box__bottom_top__instance_size__rng42.json,214.34644103050232,212.6241614818573,True,,2,0.17914664717655152,0.23033197544776995,2,0.17914664717655152,0.23033197544776995
956,engine_seq7_cylinder,maximal_residual_box,all,86x86x86,engine_seq7_cylinder;engine_seq7_cylinder_999999_1,geometry_only,engine,7,cylinder,success,/mnt/scratch/pmywe/GPU/3D_irregular_packing_stream/hpc/results/all_instances_geometry/engine_seq7_cylinder__maximal_residual_box__all__instance_size__rng42.json,247.35821723937988,245.61456561088562,True,,3,0.11943109811770102,0.17390500532758063,3,0.11943109811770102,0.17390500532758063
957,engine_seq7_cylinder,overlap_distance,bottom,86x86x86,engine_seq7_cylinder;engine_seq7_cylinder_999999_1,geometry_only,engine,7,cylinder,success,/mnt/scratch/pmywe/GPU/3D_irregular_packing_stream/hpc/results/all_instances_geometry/engine_seq7_cylinder__overlap_distance__bottom__instance_size__rng42.json,1303.8910167217255,1302.2051153182983,True,,2,0.17914664717655152,0.23346875328902922,2,0.17914664717655152,0.23346875328902922
958,engine_seq7_cylinder,overlap_distance,bottom_top,86x86x86,engine_seq7_cylinder;engine_seq7_cylinder_999999_1,geometry_only,engine,7,cylinder,success,/mnt/scratch/pmywe/GPU/3D_irregular_packing_stream/hpc/results/all_instances_geometry/engine_seq7_cylinder__overlap_distance__bottom_top__instance_size__rng42.json,1626.751751422882,1625.0805439949036,True,,2,0.17914664717655152,0.20049154961519064,2,0.17914664717655152,0.20049154961519064
959,engine_seq7_cylinder,overlap_distance,all,86x86x86,engine_seq7_cylinder;engine_seq7_cylinder_999999_1,geometry_only,engine,7,cylinder,success,/mnt/scratch/pmywe/GPU/3D_irregular_packing_stream/hpc/results/all_instances_geometry/engine_seq7_cylinder__overlap_distance__all__instance_size__rng42.json,3436.9132232666016,3435.2274425029755,True,,2,0.17914664717655152,0.19734876645579238,2,0.17914664717655152,0.19734876645579238
960,liu_seq13_cube,minimum_aabb_volume,bottom,101x101x101,liu_seq13_cube;liu_seq13_cube_999999_1,geometry_only,liu,13,cube,success,/mnt/scratch/pmywe/GPU/3D_irregular_packing_stream/hpc/results/all_instances_geometry/liu_seq13_cube__minimum_aabb_volume__bottom__instance_size__rng42.json,99.9617006778717,98.12489914894104,True,,9,0.2051650709625418,0.216699415995908,9,0.2051650709625418,0.216699415995908
961,liu_seq13_cube,minimum_aabb_volume,bottom_top,101x101x101,liu_seq13_cube;liu_seq13_cube_999999_1,geometry_only,liu,13,cube,success,/mnt/scratch/pmywe/GPU/3D_irregular_packing_stream/hpc/results/all_instances_geometry/liu_seq13_cube__minimum_aabb_volume__bottom_top__instance_size__rng42.json,99.27050018310547,97.47283458709717,True,,9,0.2051650709625418,0.21669941599590797,9,0.2051650709625418,0.21669941599590797
962,liu_seq13_cube,minimum_aabb_volume,all,101x101x101,liu_seq13_cube;liu_seq13_cube_999999_1,geometry_only,liu,13,cube,success,/mnt/scratch/pmywe/GPU/3D_irregular_packing_stream/hpc/results/all_instances_geometry/liu_seq13_cube__minimum_aabb_volume__all__instance_size__rng42.json,110.03437662124634,108.25134253501892,True,,10,0.1846485638662876,0.19820755725214714,10,0.1846485638662876,0.19820755725214714
963,liu_seq13_cube,minimum_aabb_edges_len,bottom,101x101x101,liu_seq13_cube;liu_seq13_cube_999999_1,geometry_only,liu,13,cube,success,/mnt/scratch/pmywe/GPU/3D_irregular_packing_stream/hpc/results/all_instances_geometry/liu_seq13_cube__minimum_aabb_edges_len__bottom__instance_size__rng42.json,94.0570650100708,92.24820947647095,True,,9,0.2051650709625418,0.22298350190866553,9,0.2051650709625418,0.22298350190866553
964,liu_seq13_cube,minimum_aabb_edges_len,bottom_top,101x101x101,liu_seq13_cube;liu_seq13_cube_999999_1,geometry_only,liu,13,cube,success,/mnt/scratch/pmywe/GPU/3D_irregular_packing_stream/hpc/results/all_instances_geometry/liu_seq13_cube__minimum_aabb_edges_len__bottom_top__instance_size__rng42.json,98.47263288497925,96.69421577453613,True,,9,0.2051650709625418,0.216699415995908,9,0.2051650709625418,0.216699415995908
965,liu_seq13_cube,minimum_aabb_edges_len,all,101x101x101,liu_seq13_cube;liu_seq13_cube_999999_1,geometry_only,liu,13,cube,success,/mnt/scratch/pmywe/GPU/3D_irregular_packing_stream/hpc/results/all_instances_geometry/liu_seq13_cube__minimum_aabb_edges_len__all__instance_size__rng42.json,97.46807527542114,95.65769243240356,True,,8,0.23081070483285954,0.2400484352214963,8,0.23081070483285954,0.2400484352214963
966,liu_seq13_cube,maximal_residual_box,bottom,101x101x101,liu_seq13_cube;liu_seq13_cube_999999_1,geometry_only,liu,13,cube,success,/mnt/scratch/pmywe/GPU/3D_irregular_packing_stream/hpc/results/all_instances_geometry/liu_seq13_cube__maximal_residual_box__bottom__instance_size__rng42.json,104.98311471939087,103.19419741630554,True,,10,0.1846485638662876,0.19820755725214714,10,0.1846485638662876,0.19820755725214714
967,liu_seq13_cube,maximal_residual_box,bottom_top,101x101x101,liu_seq13_cube;liu_seq13_cube_999999_1,geometry_only,liu,13,cube,success,/mnt/scratch/pmywe/GPU/3D_irregular_packing_stream/hpc/results/all_instances_geometry/liu_seq13_cube__maximal_residual_box__bottom_top__instance_size__rng42.json,99.68848013877869,97.89758777618408,True,,9,0.2051650709625418,0.22298350190866553,9,0.2051650709625418,0.22298350190866553
968,liu_seq13_cube,maximal_residual_box,all,101x101x101,liu_seq13_cube;liu_seq13_cube_999999_1,geometry_only,liu,13,cube,success,/mnt/scratch/pmywe/GPU/3D_irregular_packing_stream/hpc/results/all_instances_geometry/liu_seq13_cube__maximal_residual_box__all__instance_size__rng42.json,109.1401879787445,107.58968830108643,True,,9,0.2051650709625418,0.216699415995908,9,0.2051650709625418,0.216699415995908
969,liu_seq13_cube,overlap_distance,bottom,101x101x101,liu_seq13_cube;liu_seq13_cube_999999_1,geometry_only,liu,13,cube,success,/mnt/scratch/pmywe/GPU/3D_irregular_packing_stream/hpc/results/all_instances_geometry/liu_seq13_cube__overlap_distance__bottom__instance_size__rng42.json,103.50375461578369,101.7137176990509,True,,9,0.2051650709625418,0.22298350190866553,9,0.2051650709625418,0.22298350190866553
970,liu_seq13_cube,overlap_distance,bottom_top,101x101x101,liu_seq13_cube;liu_seq13_cube_999999_1,geometry_only,liu,13,cube,success,/mnt/scratch/pmywe/GPU/3D_irregular_packing_stream/hpc/results/all_instances_geometry/liu_seq13_cube__overlap_distance__bottom_top__instance_size__rng42.json,123.02613186836243,121.19881248474121,True,,9,0.2051650709625418,0.224526618920102,9,0.2051650709625418,0.224526618920102
971,liu_seq13_cube,overlap_distance,all,101x101x101,liu_seq13_cube;liu_seq13_cube_999999_1,geometry_only,liu,13,cube,success,/mnt/scratch/pmywe/GPU/3D_irregular_packing_stream/hpc/results/all_instances_geometry/liu_seq13_cube__overlap_distance__all__instance_size__rng42.json,173.0456075668335,171.25748801231384,True,,9,0.2051650709625418,0.216699415995908,9,0.2051650709625418,0.216699415995908
972,liu_seq13_cylinder,minimum_aabb_volume,bottom,142x142x142,liu_seq13_cylinder;liu_seq13_cylinder_999999_1,geometry_only,liu,13,cylinder,success,/mnt/scratch/pmywe/GPU/3D_irregular_packing_stream/hpc/results/all_instances_geometry/liu_seq13_cylinder__minimum_aabb_volume__bottom__instance_size__rng42.json,375.9391360282898,374.1060574054718,True,,5,0.1691940696519375,0.19856236796997825,5,0.1691940696519375,0.19856236796997825
973,liu_seq13_cylinder,minimum_aabb_volume,bottom_top,142x142x142,liu_seq13_cylinder;liu_seq13_cylinder_999999_1,geometry_only,liu,13,cylinder,success,/mnt/scratch/pmywe/GPU/3D_irregular_packing_stream/hpc/results/all_instances_geometry/liu_seq13_cylinder__minimum_aabb_volume__bottom_top__instance_size__rng42.json,390.7565174102783,388.70574259757996,True,,5,0.1691940696519375,0.19152023387442155,5,0.1691940696519375,0.19152023387442155
974,liu_seq13_cylinder,minimum_aabb_volume,all,142x142x142,liu_seq13_cylinder;liu_seq13_cylinder_999999_1,geometry_only,liu,13,cylinder,success,/mnt/scratch/pmywe/GPU/3D_irregular_packing_stream/hpc/results/all_instances_geometry/liu_seq13_cylinder__minimum_aabb_volume__all__instance_size__rng42.json,444.11353063583374,442.07767152786255,True,,5,0.1691940696519375,0.18400640819664266,5,0.1691940696519375,0.18400640819664266
975,liu_seq13_cylinder,minimum_aabb_edges_len,bottom,142x142x142,liu_seq13_cylinder;liu_seq13_cylinder_999999_1,geometry_only,liu,13,cylinder,success,/mnt/scratch/pmywe/GPU/3D_irregular_packing_stream/hpc/results/all_instances_geometry/liu_seq13_cylinder__minimum_aabb_edges_len__bottom__instance_size__rng42.json,368.2061564922333,366.2109446525574,True,,4,0.21149258706492188,0.22422192313156583,4,0.21149258706492188,0.22422192313156583
976,liu_seq13_cylinder,minimum_aabb_edges_len,bottom_top,142x142x142,liu_seq13_cylinder;liu_seq13_cylinder_999999_1,geometry_only,liu,13,cylinder,success,/mnt/scratch/pmywe/GPU/3D_irregular_packing_stream/hpc/results/all_instances_geometry/liu_seq13_cylinder__minimum_aabb_edges_len__bottom_top__instance_size__rng42.json,388.15166878700256,386.3676812648773,True,,4,0.21149258706492188,0.22981359356844225,4,0.21149258706492188,0.22981359356844225
977,liu_seq13_cylinder,minimum_aabb_edges_len,all,142x142x142,liu_seq13_cylinder;liu_seq13_cylinder_999999_1,geometry_only,liu,13,cylinder,success,/mnt/scratch/pmywe/GPU/3D_irregular_packing_stream/hpc/results/all_instances_geometry/liu_seq13_cylinder__minimum_aabb_edges_len__all__instance_size__rng42.json,462.40441489219666,460.36866068840027,True,,5,0.1691940696519375,0.19152023387442155,5,0.1691940696519375,0.19152023387442155
978,liu_seq13_cylinder,maximal_residual_box,bottom,142x142x142,liu_seq13_cylinder;liu_seq13_cylinder_999999_1,geometry_only,liu,13,cylinder,success,/mnt/scratch/pmywe/GPU/3D_irregular_packing_stream/hpc/results/all_instances_geometry/liu_seq13_cylinder__maximal_residual_box__bottom__instance_size__rng42.json,400.17689085006714,398.1416130065918,True,,5,0.1691940696519375,0.18434814280040202,5,0.1691940696519375,0.18434814280040202
979,liu_seq13_cylinder,maximal_residual_box,bottom_top,142x142x142,liu_seq13_cylinder;liu_seq13_cylinder_999999_1,geometry_only,liu,13,cylinder,success,/mnt/scratch/pmywe/GPU/3D_irregular_packing_stream/hpc/results/all_instances_geometry/liu_seq13_cylinder__maximal_residual_box__bottom_top__instance_size__rng42.json,422.7478542327881,420.71641731262207,True,,5,0.1691940696519375,0.18434814280040202,5,0.1691940696519375,0.18434814280040202
980,liu_seq13_cylinder,maximal_residual_box,all,142x142x142,liu_seq13_cylinder;liu_seq13_cylinder_999999_1,geometry_only,liu,13,cylinder,success,/mnt/scratch/pmywe/GPU/3D_irregular_packing_stream/hpc/results/all_instances_geometry/liu_seq13_cylinder__maximal_residual_box__all__instance_size__rng42.json,487.65545988082886,485.5647053718567,True,,6,0.14099505804328125,0.15782268951627648,6,0.14099505804328125,0.15782268951627648
981,liu_seq13_cylinder,overlap_distance,bottom,142x142x142,liu_seq13_cylinder;liu_seq13_cylinder_999999_1,geometry_only,liu,13,cylinder,success,/mnt/scratch/pmywe/GPU/3D_irregular_packing_stream/hpc/results/all_instances_geometry/liu_seq13_cylinder__overlap_distance__bottom__instance_size__rng42.json,518.3753445148468,516.5789363384247,True,,5,0.1691940696519375,0.19152023387442155,5,0.1691940696519375,0.19152023387442155
982,liu_seq13_cylinder,overlap_distance,bottom_top,142x142x142,liu_seq13_cylinder;liu_seq13_cylinder_999999_1,geometry_only,liu,13,cylinder,success,/mnt/scratch/pmywe/GPU/3D_irregular_packing_stream/hpc/results/all_instances_geometry/liu_seq13_cylinder__overlap_distance__bottom_top__instance_size__rng42.json,644.2918241024017,642.245283126831,True,,5,0.1691940696519375,0.18434814280040202,5,0.1691940696519375,0.18434814280040202
983,liu_seq13_cylinder,overlap_distance,all,142x142x142,liu_seq13_cylinder;liu_seq13_cylinder_999999_1,geometry_only,liu,13,cylinder,success,/mnt/scratch/pmywe/GPU/3D_irregular_packing_stream/hpc/results/all_instances_geometry/liu_seq13_cylinder__overlap_distance__all__instance_size__rng42.json,925.6685461997986,923.582047700882,True,,6,0.14099505804328125,0.1634563967927219,6,0.14099505804328125,0.1634563967927219
984,liu_seq19_cube,minimum_aabb_volume,bottom,101x101x101,liu_seq19_cube;liu_seq19_cube_999999_1,geometry_only,liu,19,cube,success,/mnt/scratch/pmywe/GPU/3D_irregular_packing_stream/hpc/results/all_instances_geometry/liu_seq19_cube__minimum_aabb_volume__bottom__instance_size__rng42.json,88.59560775756836,86.8028085231781,True,,9,0.2051650709625418,0.21684124348127393,9,0.2051650709625418,0.21684124348127393
985,liu_seq19_cube,minimum_aabb_volume,bottom_top,101x101x101,liu_seq19_cube;liu_seq19_cube_999999_1,geometry_only,liu,19,cube,success,/mnt/scratch/pmywe/GPU/3D_irregular_packing_stream/hpc/results/all_instances_geometry/liu_seq19_cube__minimum_aabb_volume__bottom_top__instance_size__rng42.json,91.81439876556396,90.04229068756104,True,,9,0.2051650709625418,0.21684124348127393,9,0.2051650709625418,0.21684124348127393
986,liu_seq19_cube,minimum_aabb_volume,all,101x101x101,liu_seq19_cube;liu_seq19_cube_999999_1,geometry_only,liu,19,cube,success,/mnt/scratch/pmywe/GPU/3D_irregular_packing_stream/hpc/results/all_instances_geometry/liu_seq19_cube__minimum_aabb_volume__all__instance_size__rng42.json,113.85310888290405,112.0787284374237,True,,10,0.1846485638662876,0.1927477719833546,10,0.1846485638662876,0.1927477719833546
987,liu_seq19_cube,minimum_aabb_edges_len,bottom,101x101x101,liu_seq19_cube;liu_seq19_cube_999999_1,geometry_only,liu,19,cube,success,/mnt/scratch/pmywe/GPU/3D_irregular_packing_stream/hpc/results/all_instances_geometry/liu_seq19_cube__minimum_aabb_edges_len__bottom__instance_size__rng42.json,80.78823375701904,78.94741439819336,True,,8,0.23081070483285954,0.23887318920809134,8,0.23081070483285954,0.23887318920809134
988,liu_seq19_cube,minimum_aabb_edges_len,bottom_top,101x101x101,liu_seq19_cube;liu_seq19_cube_999999_1,geometry_only,liu,19,cube,success,/mnt/scratch/pmywe/GPU/3D_irregular_packing_stream/hpc/results/all_instances_geometry/liu_seq19_cube__minimum_aabb_edges_len__bottom_top__instance_size__rng42.json,86.96510124206543,85.1818675994873,True,,8,0.23081070483285954,0.23887318920809134,8,0.23081070483285954,0.23887318920809134
989,liu_seq19_cube,minimum_aabb_edges_len,all,101x101x101,liu_seq19_cube;liu_seq19_cube_999999_1,geometry_only,liu,19,cube,success,/mnt/scratch/pmywe/GPU/3D_irregular_packing_stream/hpc/results/all_instances_geometry/liu_seq19_cube__minimum_aabb_edges_len__all__instance_size__rng42.json,104.41959404945374,102.61337947845459,True,,9,0.2051650709625418,0.21684124348127393,9,0.2051650709625418,0.21684124348127393
990,liu_seq19_cube,maximal_residual_box,bottom,101x101x101,liu_seq19_cube;liu_seq19_cube_999999_1,geometry_only,liu,19,cube,success,/mnt/scratch/pmywe/GPU/3D_irregular_packing_stream/hpc/results/all_instances_geometry/liu_seq19_cube__maximal_residual_box__bottom__instance_size__rng42.json,88.10606908798218,86.27813720703125,True,,9,0.2051650709625418,0.21684124348127393,9,0.2051650709625418,0.21684124348127393
991,liu_seq19_cube,maximal_residual_box,bottom_top,101x101x101,liu_seq19_cube;liu_seq19_cube_999999_1,geometry_only,liu,19,cube,success,/mnt/scratch/pmywe/GPU/3D_irregular_packing_stream/hpc/results/all_instances_geometry/liu_seq19_cube__maximal_residual_box__bottom_top__instance_size__rng42.json,91.23195314407349,89.47052931785583,True,,9,0.2051650709625418,0.21684124348127393,9,0.2051650709625418,0.21684124348127393
992,liu_seq19_cube,maximal_residual_box,all,101x101x101,liu_seq19_cube;liu_seq19_cube_999999_1,geometry_only,liu,19,cube,success,/mnt/scratch/pmywe/GPU/3D_irregular_packing_stream/hpc/results/all_instances_geometry/liu_seq19_cube__maximal_residual_box__all__instance_size__rng42.json,105.19293546676636,103.34092617034912,True,,9,0.2051650709625418,0.20915586804244585,9,0.2051650709625418,0.20915586804244585
993,liu_seq19_cube,overlap_distance,bottom,101x101x101,liu_seq19_cube;liu_seq19_cube_999999_1,geometry_only,liu,19,cube,success,/mnt/scratch/pmywe/GPU/3D_irregular_packing_stream/hpc/results/all_instances_geometry/liu_seq19_cube__overlap_distance__bottom__instance_size__rng42.json,104.53043508529663,102.72645711898804,True,,9,0.2051650709625418,0.22452661892010198,9,0.2051650709625418,0.22452661892010198
994,liu_seq19_cube,overlap_distance,bottom_top,101x101x101,liu_seq19_cube;liu_seq19_cube_999999_1,geometry_only,liu,19,cube,success,/mnt/scratch/pmywe/GPU/3D_irregular_packing_stream/hpc/results/all_instances_geometry/liu_seq19_cube__overlap_distance__bottom_top__instance_size__rng42.json,129.9252200126648,128.12381076812744,True,,9,0.2051650709625418,0.224526618920102,9,0.2051650709625418,0.224526618920102
995,liu_seq19_cube,overlap_distance,all,101x101x101,liu_seq19_cube;liu_seq19_cube_999999_1,geometry_only,liu,19,cube,success,/mnt/scratch/pmywe/GPU/3D_irregular_packing_stream/hpc/results/all_instances_geometry/liu_seq19_cube__overlap_distance__all__instance_size__rng42.json,171.54713106155396,169.96944856643677,True,,9,0.2051650709625418,0.22452661892010198,9,0.2051650709625418,0.22452661892010198
996,liu_seq19_cylinder,minimum_aabb_volume,bottom,142x142x142,liu_seq19_cylinder;liu_seq19_cylinder_999999_1,geometry_only,liu,19,cylinder,success,/mnt/scratch/pmywe/GPU/3D_irregular_packing_stream/hpc/results/all_instances_geometry/liu_seq19_cylinder__minimum_aabb_volume__bottom__instance_size__rng42.json,342.3075861930847,340.2010896205902,True,,4,0.21149258706492188,0.22530500912144644,4,0.21149258706492188,0.22530500912144644
997,liu_seq19_cylinder,minimum_aabb_volume,bottom_top,142x142x142,liu_seq19_cylinder;liu_seq19_cylinder_999999_1,geometry_only,liu,19,cylinder,success,/mnt/scratch/pmywe/GPU/3D_irregular_packing_stream/hpc/results/all_instances_geometry/liu_seq19_cylinder__minimum_aabb_volume__bottom_top__instance_size__rng42.json,363.45238494873047,361.415940284729,True,,4,0.21149258706492188,0.22764593933058622,4,0.21149258706492188,0.22764593933058622
998,liu_seq19_cylinder,minimum_aabb_volume,all,142x142x142,liu_seq19_cylinder;liu_seq19_cylinder_999999_1,geometry_only,liu,19,cylinder,success,/mnt/scratch/pmywe/GPU/3D_irregular_packing_stream/hpc/results/all_instances_geometry/liu_seq19_cylinder__minimum_aabb_volume__all__instance_size__rng42.json,476.02121090888977,473.9465172290802,True,,5,0.1691940696519375,0.17859001477947795,5,0.1691940696519375,0.17859001477947795
999,liu_seq19_cylinder,minimum_aabb_edges_len,bottom,142x142x142,liu_seq19_cylinder;liu_seq19_cylinder_999999_1,geometry_only,liu,19,cylinder,success,/mnt/scratch/pmywe/GPU/3D_irregular_packing_stream/hpc/results/all_instances_geometry/liu_seq19_cylinder__minimum_aabb_edges_len__bottom__instance_size__rng42.json,390.51241540908813,388.70677518844604,True,,5,0.1691940696519375,0.19869232494844108,5,0.1691940696519375,0.19869232494844108
1000,liu_seq19_cylinder,minimum_aabb_edges_len,bottom_top,142x142x142,liu_seq19_cylinder;liu_seq19_cylinder_999999_1,geometry_only,liu,19,cylinder,success,/mnt/scratch/pmywe/GPU/3D_irregular_packing_stream/hpc/results/all_instances_geometry/liu_seq19_cylinder__minimum_aabb_edges_len__bottom_top__instance_size__rng42.json,426.50345253944397,424.46164441108704,True,,5,0.1691940696519375,0.18000397783257344,5,0.1691940696519375,0.18000397783257344
1001,liu_seq19_cylinder,minimum_aabb_edges_len,all,142x142x142,liu_seq19_cylinder;liu_seq19_cylinder_999999_1,geometry_only,liu,19,cylinder,success,/mnt/scratch/pmywe/GPU/3D_irregular_packing_stream/hpc/results/all_instances_geometry/liu_seq19_cylinder__minimum_aabb_edges_len__all__instance_size__rng42.json,474.5970058441162,472.56053376197815,True,,5,0.1691940696519375,0.18190897593602842,5,0.1691940696519375,0.18190897593602842
1002,liu_seq19_cylinder,maximal_residual_box,bottom,142x142x142,liu_seq19_cylinder;liu_seq19_cylinder_999999_1,geometry_only,liu,19,cylinder,success,/mnt/scratch/pmywe/GPU/3D_irregular_packing_stream/hpc/results/all_instances_geometry/liu_seq19_cylinder__maximal_residual_box__bottom__instance_size__rng42.json,357.76160192489624,355.53218841552734,True,,5,0.1691940696519375,0.2057344590439978,5,0.1691940696519375,0.2057344590439978
1003,liu_seq19_cylinder,maximal_residual_box,bottom_top,142x142x142,liu_seq19_cylinder;liu_seq19_cylinder_999999_1,geometry_only,liu,19,cylinder,success,/mnt/scratch/pmywe/GPU/3D_irregular_packing_stream/hpc/results/all_instances_geometry/liu_seq19_cylinder__maximal_residual_box__bottom_top__instance_size__rng42.json,398.4756681919098,396.51309299468994,True,,5,0.1691940696519375,0.1911784992706622,5,0.1691940696519375,0.1911784992706622
1004,liu_seq19_cylinder,maximal_residual_box,all,142x142x142,liu_seq19_cylinder;liu_seq19_cylinder_999999_1,geometry_only,liu,19,cylinder,success,/mnt/scratch/pmywe/GPU/3D_irregular_packing_stream/hpc/results/all_instances_geometry/liu_seq19_cylinder__maximal_residual_box__all__instance_size__rng42.json,474.0859959125519,472.05678486824036,True,,6,0.14099505804328125,0.16356036237549212,6,0.14099505804328125,0.16356036237549212
1005,liu_seq19_cylinder,overlap_distance,bottom,142x142x142,liu_seq19_cylinder;liu_seq19_cylinder_999999_1,geometry_only,liu,19,cylinder,success,/mnt/scratch/pmywe/GPU/3D_irregular_packing_stream/hpc/results/all_instances_geometry/liu_seq19_cylinder__overlap_distance__bottom__instance_size__rng42.json,487.7441599369049,485.6658399105072,True,,5,0.1691940696519375,0.1894228016138073,5,0.1691940696519375,0.1894228016138073
1006,liu_seq19_cylinder,overlap_distance,bottom_top,142x142x142,liu_seq19_cylinder;liu_seq19_cylinder_999999_1,geometry_only,liu,19,cylinder,success,/mnt/scratch/pmywe/GPU/3D_irregular_packing_stream/hpc/results/all_instances_geometry/liu_seq19_cylinder__overlap_distance__bottom_top__instance_size__rng42.json,629.0633628368378,627.2382690906525,True,,5,0.1691940696519375,0.1852904142712753,5,0.1691940696519375,0.1852904142712753
1007,liu_seq19_cylinder,overlap_distance,all,142x142x142,liu_seq19_cylinder;liu_seq19_cylinder_999999_1,geometry_only,liu,19,cylinder,success,/mnt/scratch/pmywe/GPU/3D_irregular_packing_stream/hpc/results/all_instances_geometry/liu_seq19_cylinder__overlap_distance__all__instance_size__rng42.json,947.0192284584045,944.942752122879,True,,6,0.14099505804328125,0.1472051265573141,6,0.14099505804328125,0.1472051265573141
1008,liu_seq3_cube,minimum_aabb_volume,bottom,101x101x101,liu_seq3_cube;liu_seq3_cube_999999_1,geometry_only,liu,3,cube,success,/mnt/scratch/pmywe/GPU/3D_irregular_packing_stream/hpc/results/all_instances_geometry/liu_seq3_cube__minimum_aabb_volume__bottom__instance_size__rng42.json,107.46690130233765,105.68316531181335,True,,10,0.1846485638662876,0.1922901926502816,10,0.1846485638662876,0.1922901926502816
1009,liu_seq3_cube,minimum_aabb_volume,bottom_top,101x101x101,liu_seq3_cube;liu_seq3_cube_999999_1,geometry_only,liu,3,cube,success,/mnt/scratch/pmywe/GPU/3D_irregular_packing_stream/hpc/results/all_instances_geometry/liu_seq3_cube__minimum_aabb_volume__bottom_top__instance_size__rng42.json,103.9202926158905,102.0856773853302,True,,10,0.1846485638662876,0.1922901926502816,10,0.1846485638662876,0.1922901926502816
1010,liu_seq3_cube,minimum_aabb_volume,all,101x101x101,liu_seq3_cube;liu_seq3_cube_999999_1,geometry_only,liu,3,cube,success,/mnt/scratch/pmywe/GPU/3D_irregular_packing_stream/hpc/results/all_instances_geometry/liu_seq3_cube__minimum_aabb_volume__all__instance_size__rng42.json,117.85580110549927,116.3107078075409,True,,10,0.1846485638662876,0.1922901926502816,10,0.1846485638662876,0.1922901926502816
1011,liu_seq3_cube,minimum_aabb_edges_len,bottom,101x101x101,liu_seq3_cube;liu_seq3_cube_999999_1,geometry_only,liu,3,cube,success,/mnt/scratch/pmywe/GPU/3D_irregular_packing_stream/hpc/results/all_instances_geometry/liu_seq3_cube__minimum_aabb_edges_len__bottom__instance_size__rng42.json,105.35742092132568,103.52472853660583,True,,10,0.1846485638662876,0.1922901926502816,10,0.1846485638662876,0.1922901926502816
1012,liu_seq3_cube,minimum_aabb_edges_len,bottom_top,101x101x101,liu_seq3_cube;liu_seq3_cube_999999_1,geometry_only,liu,3,cube,success,/mnt/scratch/pmywe/GPU/3D_irregular_packing_stream/hpc/results/all_instances_geometry/liu_seq3_cube__minimum_aabb_edges_len__bottom_top__instance_size__rng42.json,100.0217514038086,98.48328924179077,True,,9,0.2051650709625418,0.21492517720549625,9,0.2051650709625418,0.21492517720549625
1013,liu_seq3_cube,minimum_aabb_edges_len,all,101x101x101,liu_seq3_cube;liu_seq3_cube_999999_1,geometry_only,liu,3,cube,success,/mnt/scratch/pmywe/GPU/3D_irregular_packing_stream/hpc/results/all_instances_geometry/liu_seq3_cube__minimum_aabb_edges_len__all__instance_size__rng42.json,112.69697952270508,110.90211701393127,True,,10,0.1846485638662876,0.19833362612802796,10,0.1846485638662876,0.19833362612802796
1014,liu_seq3_cube,maximal_residual_box,bottom,101x101x101,liu_seq3_cube;liu_seq3_cube_999999_1,geometry_only,liu,3,cube,success,/mnt/scratch/pmywe/GPU/3D_irregular_packing_stream/hpc/results/all_instances_geometry/liu_seq3_cube__maximal_residual_box__bottom__instance_size__rng42.json,110.62078189849854,109.08578848838806,True,,10,0.1846485638662876,0.1922901926502816,10,0.1846485638662876,0.1922901926502816
1015,liu_seq3_cube,maximal_residual_box,bottom_top,101x101x101,liu_seq3_cube;liu_seq3_cube_999999_1,geometry_only,liu,3,cube,success,/mnt/scratch/pmywe/GPU/3D_irregular_packing_stream/hpc/results/all_instances_geometry/liu_seq3_cube__maximal_residual_box__bottom_top__instance_size__rng42.json,98.11360383033752,96.35639214515686,True,,9,0.2051650709625418,0.21492517720549625,9,0.2051650709625418,0.21492517720549625
1016,liu_seq3_cube,maximal_residual_box,all,101x101x101,liu_seq3_cube;liu_seq3_cube_999999_1,geometry_only,liu,3,cube,success,/mnt/scratch/pmywe/GPU/3D_irregular_packing_stream/hpc/results/all_instances_geometry/liu_seq3_cube__maximal_residual_box__all__instance_size__rng42.json,106.9421980381012,105.36726689338684,True,,9,0.2051650709625418,0.21543995395520338,9,0.2051650709625418,0.21543995395520338
1017,liu_seq3_cube,overlap_distance,bottom,101x101x101,liu_seq3_cube;liu_seq3_cube_999999_1,geometry_only,liu,3,cube,success,/mnt/scratch/pmywe/GPU/3D_irregular_packing_stream/hpc/results/all_instances_geometry/liu_seq3_cube__overlap_distance__bottom__instance_size__rng42.json,113.83257031440735,111.97011113166809,True,,9,0.2051650709625418,0.20915586804244585,9,0.2051650709625418,0.20915586804244585
1018,liu_seq3_cube,overlap_distance,bottom_top,101x101x101,liu_seq3_cube;liu_seq3_cube_999999_1,geometry_only,liu,3,cube,success,/mnt/scratch/pmywe/GPU/3D_irregular_packing_stream/hpc/results/all_instances_geometry/liu_seq3_cube__overlap_distance__bottom_top__instance_size__rng42.json,128.14402842521667,126.563232421875,True,,9,0.2051650709625418,0.22312532939403146,9,0.2051650709625418,0.22312532939403146
1019,liu_seq3_cube,overlap_distance,all,101x101x101,liu_seq3_cube;liu_seq3_cube_999999_1,geometry_only,liu,3,cube,success,/mnt/scratch/pmywe/GPU/3D_irregular_packing_stream/hpc/results/all_instances_geometry/liu_seq3_cube__overlap_distance__all__instance_size__rng42.json,165.1471540927887,163.34038162231445,True,,9,0.2051650709625418,0.21195844709458692,9,0.2051650709625418,0.21195844709458692
1020,liu_seq3_cylinder,minimum_aabb_volume,bottom,142x142x142,liu_seq3_cylinder;liu_seq3_cylinder_999999_1,geometry_only,liu,3,cylinder,success,/mnt/scratch/pmywe/GPU/3D_irregular_packing_stream/hpc/results/all_instances_geometry/liu_seq3_cylinder__minimum_aabb_volume__bottom__instance_size__rng42.json,362.78526735305786,360.754718542099,True,,5,0.1691940696519375,0.19693662729158626,5,0.1691940696519375,0.19693662729158626
1021,liu_seq3_cylinder,minimum_aabb_volume,bottom_top,142x142x142,liu_seq3_cylinder;liu_seq3_cylinder_999999_1,geometry_only,liu,3,cylinder,success,/mnt/scratch/pmywe/GPU/3D_irregular_packing_stream/hpc/results/all_instances_geometry/liu_seq3_cylinder__minimum_aabb_volume__bottom_top__instance_size__rng42.json,379.6543653011322,377.8523108959198,True,,5,0.1691940696519375,0.20397876138714297,5,0.1691940696519375,0.20397876138714297
1022,liu_seq3_cylinder,minimum_aabb_volume,all,142x142x142,liu_seq3_cylinder;liu_seq3_cylinder_999999_1,geometry_only,liu,3,cylinder,success,/mnt/scratch/pmywe/GPU/3D_irregular_packing_stream/hpc/results/all_instances_geometry/liu_seq3_cylinder__minimum_aabb_volume__all__instance_size__rng42.json,498.93577337265015,496.83924984931946,True,,6,0.14099505804328125,0.15153824129104584,6,0.14099505804328125,0.15153824129104584
1023,liu_seq3_cylinder,minimum_aabb_edges_len,bottom,142x142x142,liu_seq3_cylinder;liu_seq3_cylinder_999999_1,geometry_only,liu,3,cylinder,success,/mnt/scratch/pmywe/GPU/3D_irregular_packing_stream/hpc/results/all_instances_geometry/liu_seq3_cylinder__minimum_aabb_edges_len__bottom__instance_size__rng42.json,395.5474271774292,393.5054657459259,True,,5,0.1691940696519375,0.18942280161380734,5,0.1691940696519375,0.18942280161380734
1024,liu_seq3_cylinder,minimum_aabb_edges_len,bottom_top,142x142x142,liu_seq3_cylinder;liu_seq3_cylinder_999999_1,geometry_only,liu,3,cylinder,success,/mnt/scratch/pmywe/GPU/3D_irregular_packing_stream/hpc/results/all_instances_geometry/liu_seq3_cylinder__minimum_aabb_edges_len__bottom_top__instance_size__rng42.json,433.192834854126,431.38391852378845,True,,5,0.1691940696519375,0.1823806675182506,5,0.1691940696519375,0.1823806675182506
1025,liu_seq3_cylinder,minimum_aabb_edges_len,all,142x142x142,liu_seq3_cylinder;liu_seq3_cylinder_999999_1,geometry_only,liu,3,cylinder,success,/mnt/scratch/pmywe/GPU/3D_irregular_packing_stream/hpc/results/all_instances_geometry/liu_seq3_cylinder__minimum_aabb_edges_len__all__instance_size__rng42.json,474.27867674827576,472.14301800727844,True,,6,0.14099505804328125,0.16356036237549212,6,0.14099505804328125,0.16356036237549212
1026,liu_seq3_cylinder,maximal_residual_box,bottom,142x142x142,liu_seq3_cylinder;liu_seq3_cylinder_999999_1,geometry_only,liu,3,cylinder,success,/mnt/scratch/pmywe/GPU/3D_irregular_packing_stream/hpc/results/all_instances_geometry/liu_seq3_cylinder__maximal_residual_box__bottom__instance_size__rng42.json,394.4290111064911,392.36431217193604,True,,5,0.1691940696519375,0.17811832319725576,5,0.1691940696519375,0.17811832319725576
1027,liu_seq3_cylinder,maximal_residual_box,bottom_top,142x142x142,liu_seq3_cylinder;liu_seq3_cylinder_999999_1,geometry_only,liu,3,cylinder,success,/mnt/scratch/pmywe/GPU/3D_irregular_packing_stream/hpc/results/all_instances_geometry/liu_seq3_cylinder__maximal_residual_box__bottom_top__instance_size__rng42.json,436.03438115119934,434.22168803215027,True,,5,0.1691940696519375,0.17777658859349638,5,0.1691940696519375,0.17777658859349638
1028,liu_seq3_cylinder,maximal_residual_box,all,142x142x142,liu_seq3_cylinder;liu_seq3_cylinder_999999_1,geometry_only,liu,3,cylinder,success,/mnt/scratch/pmywe/GPU/3D_irregular_packing_stream/hpc/results/all_instances_geometry/liu_seq3_cylinder__maximal_residual_box__all__instance_size__rng42.json,480.8751132488251,478.82595014572144,True,,6,0.14099505804328125,0.16356036237549212,6,0.14099505804328125,0.16356036237549212
1029,liu_seq3_cylinder,overlap_distance,bottom,142x142x142,liu_seq3_cylinder;liu_seq3_cylinder_999999_1,geometry_only,liu,3,cylinder,success,/mnt/scratch/pmywe/GPU/3D_irregular_packing_stream/hpc/results/all_instances_geometry/liu_seq3_cylinder__overlap_distance__bottom__instance_size__rng42.json,543.8666732311249,541.7949731349945,True,,5,0.1691940696519375,0.1773060087048453,5,0.1691940696519375,0.1773060087048453
1030,liu_seq3_cylinder,overlap_distance,bottom_top,142x142x142,liu_seq3_cylinder;liu_seq3_cylinder_999999_1,geometry_only,liu,3,cylinder,success,/mnt/scratch/pmywe/GPU/3D_irregular_packing_stream/hpc/results/all_instances_geometry/liu_seq3_cylinder__overlap_distance__bottom_top__instance_size__rng42.json,640.1960346698761,638.3878078460693,True,,6,0.14099505804328125,0.16356036237549212,6,0.14099505804328125,0.16356036237549212
1031,liu_seq3_cylinder,overlap_distance,all,142x142x142,liu_seq3_cylinder;liu_seq3_cylinder_999999_1,geometry_only,liu,3,cylinder,success,/mnt/scratch/pmywe/GPU/3D_irregular_packing_stream/hpc/results/all_instances_geometry/liu_seq3_cylinder__overlap_distance__all__instance_size__rng42.json,943.2543156147003,941.174482345581,True,,6,0.14099505804328125,0.14682777329153635,6,0.14099505804328125,0.14682777329153635
1032,liu_seq53_cube,minimum_aabb_volume,bottom,101x101x101,liu_seq53_cube;liu_seq53_cube_999999_1,geometry_only,liu,53,cube,success,/mnt/scratch/pmywe/GPU/3D_irregular_packing_stream/hpc/results/all_instances_geometry/liu_seq53_cube__minimum_aabb_volume__bottom__instance_size__rng42.json,97.08032894134521,95.30352711677551,True,,9,0.2051650709625418,0.22298350190866553,9,0.2051650709625418,0.22298350190866553
1033,liu_seq53_cube,minimum_aabb_volume,bottom_top,101x101x101,liu_seq53_cube;liu_seq53_cube_999999_1,geometry_only,liu,53,cube,success,/mnt/scratch/pmywe/GPU/3D_irregular_packing_stream/hpc/results/all_instances_geometry/liu_seq53_cube__minimum_aabb_volume__bottom_top__instance_size__rng42.json,97.0826666355133,95.2791440486908,True,,9,0.2051650709625418,0.22298350190866553,9,0.2051650709625418,0.22298350190866553
1034,liu_seq53_cube,minimum_aabb_volume,all,101x101x101,liu_seq53_cube;liu_seq53_cube_999999_1,geometry_only,liu,53,cube,success,/mnt/scratch/pmywe/GPU/3D_irregular_packing_stream/hpc/results/all_instances_geometry/liu_seq53_cube__minimum_aabb_volume__all__instance_size__rng42.json,107.53034901618958,105.74353170394897,True,,10,0.1846485638662876,0.19833362612802796,10,0.1846485638662876,0.19833362612802796
1035,liu_seq53_cube,minimum_aabb_edges_len,bottom,101x101x101,liu_seq53_cube;liu_seq53_cube_999999_1,geometry_only,liu,53,cube,success,/mnt/scratch/pmywe/GPU/3D_irregular_packing_stream/hpc/results/all_instances_geometry/liu_seq53_cube__minimum_aabb_edges_len__bottom__instance_size__rng42.json,98.29934406280518,96.74810647964478,True,,9,0.2051650709625418,0.22298350190866553,9,0.2051650709625418,0.22298350190866553
1036,liu_seq53_cube,minimum_aabb_edges_len,bottom_top,101x101x101,liu_seq53_cube;liu_seq53_cube_999999_1,geometry_only,liu,53,cube,success,/mnt/scratch/pmywe/GPU/3D_irregular_packing_stream/hpc/results/all_instances_geometry/liu_seq53_cube__minimum_aabb_edges_len__bottom_top__instance_size__rng42.json,103.06744527816772,101.30176043510437,True,,9,0.2051650709625418,0.20901404055707992,9,0.2051650709625418,0.20901404055707992
1037,liu_seq53_cube,minimum_aabb_edges_len,all,101x101x101,liu_seq53_cube;liu_seq53_cube_999999_1,geometry_only,liu,53,cube,success,/mnt/scratch/pmywe/GPU/3D_irregular_packing_stream/hpc/results/all_instances_geometry/liu_seq53_cube__minimum_aabb_edges_len__all__instance_size__rng42.json,110.68168997764587,109.14719915390015,True,,10,0.1846485638662876,0.19820755725214714,10,0.1846485638662876,0.19820755725214714
1038,liu_seq53_cube,maximal_residual_box,bottom,101x101x101,liu_seq53_cube;liu_seq53_cube_999999_1,geometry_only,liu,53,cube,success,/mnt/scratch/pmywe/GPU/3D_irregular_packing_stream/hpc/results/all_instances_geometry/liu_seq53_cube__maximal_residual_box__bottom__instance_size__rng42.json,94.15896940231323,92.37224531173706,True,,9,0.2051650709625418,0.22298350190866553,9,0.2051650709625418,0.22298350190866553
1039,liu_seq53_cube,maximal_residual_box,bottom_top,101x101x101,liu_seq53_cube;liu_seq53_cube_999999_1,geometry_only,liu,53,cube,success,/mnt/scratch/pmywe/GPU/3D_irregular_packing_stream/hpc/results/all_instances_geometry/liu_seq53_cube__maximal_residual_box__bottom_top__instance_size__rng42.json,96.60952043533325,95.04407691955566,True,,9,0.2051650709625418,0.22298350190866553,9,0.2051650709625418,0.22298350190866553
1040,liu_seq53_cube,maximal_residual_box,all,101x101x101,liu_seq53_cube;liu_seq53_cube_999999_1,geometry_only,liu,53,cube,success,/mnt/scratch/pmywe/GPU/3D_irregular_packing_stream/hpc/results/all_instances_geometry/liu_seq53_cube__maximal_residual_box__all__instance_size__rng42.json,108.6783676147461,106.89369654655457,True,,10,0.1846485638662876,0.19820755725214714,10,0.1846485638662876,0.19820755725214714
1041,liu_seq53_cube,overlap_distance,bottom,101x101x101,liu_seq53_cube;liu_seq53_cube_999999_1,geometry_only,liu,53,cube,success,/mnt/scratch/pmywe/GPU/3D_irregular_packing_stream/hpc/results/all_instances_geometry/liu_seq53_cube__overlap_distance__bottom__instance_size__rng42.json,112.93871903419495,111.31967115402222,True,,9,0.2051650709625418,0.22298350190866553,9,0.2051650709625418,0.22298350190866553
1042,liu_seq53_cube,overlap_distance,bottom_top,101x101x101,liu_seq53_cube;liu_seq53_cube_999999_1,geometry_only,liu,53,cube,success,/mnt/scratch/pmywe/GPU/3D_irregular_packing_stream/hpc/results/all_instances_geometry/liu_seq53_cube__overlap_distance__bottom_top__instance_size__rng42.json,136.65619206428528,134.86480355262756,True,,9,0.2051650709625418,0.22298350190866553,9,0.2051650709625418,0.22298350190866553
1043,liu_seq53_cube,overlap_distance,all,101x101x101,liu_seq53_cube;liu_seq53_cube_999999_1,geometry_only,liu,53,cube,success,/mnt/scratch/pmywe/GPU/3D_irregular_packing_stream/hpc/results/all_instances_geometry/liu_seq53_cube__overlap_distance__all__instance_size__rng42.json,183.07827925682068,181.52151465415955,True,,10,0.1846485638662876,0.19820755725214714,10,0.1846485638662876,0.19820755725214714
1044,liu_seq53_cylinder,minimum_aabb_volume,bottom,142x142x142,liu_seq53_cylinder;liu_seq53_cylinder_999999_1,geometry_only,liu,53,cylinder,success,/mnt/scratch/pmywe/GPU/3D_irregular_packing_stream/hpc/results/all_instances_geometry/liu_seq53_cylinder__minimum_aabb_volume__bottom__instance_size__rng42.json,414.3866355419159,412.3654260635376,True,,5,0.1691940696519375,0.18272240212201,5,0.1691940696519375,0.18272240212201
1045,liu_seq53_cylinder,minimum_aabb_volume,bottom_top,142x142x142,liu_seq53_cylinder;liu_seq53_cylinder_999999_1,geometry_only,liu,53,cylinder,success,/mnt/scratch/pmywe/GPU/3D_irregular_packing_stream/hpc/results/all_instances_geometry/liu_seq53_cylinder__minimum_aabb_volume__bottom_top__instance_size__rng42.json,430.03320598602295,427.9762499332428,True,,5,0.1691940696519375,0.18272240212201,5,0.1691940696519375,0.18272240212201
1046,liu_seq53_cylinder,minimum_aabb_volume,all,142x142x142,liu_seq53_cylinder;liu_seq53_cylinder_999999_1,geometry_only,liu,53,cylinder,success,/mnt/scratch/pmywe/GPU/3D_irregular_packing_stream/hpc/results/all_instances_geometry/liu_seq53_cylinder__minimum_aabb_volume__all__instance_size__rng42.json,453.46830463409424,451.65963339805603,True,,5,0.1691940696519375,0.18400640819664266,5,0.1691940696519375,0.18400640819664266
1047,liu_seq53_cylinder,minimum_aabb_edges_len,bottom,142x142x142,liu_seq53_cylinder;liu_seq53_cylinder_999999_1,geometry_only,liu,53,cylinder,success,/mnt/scratch/pmywe/GPU/3D_irregular_packing_stream/hpc/results/all_instances_geometry/liu_seq53_cylinder__minimum_aabb_edges_len__bottom__instance_size__rng42.json,380.0260474681854,377.9967346191406,True,,5,0.1691940696519375,0.20432049599090235,5,0.1691940696519375,0.20432049599090235
1048,liu_seq53_cylinder,minimum_aabb_edges_len,bottom_top,142x142x142,liu_seq53_cylinder;liu_seq53_cylinder_999999_1,geometry_only,liu,53,cylinder,success,/mnt/scratch/pmywe/GPU/3D_irregular_packing_stream/hpc/results/all_instances_geometry/liu_seq53_cylinder__minimum_aabb_edges_len__bottom_top__instance_size__rng42.json,411.1828284263611,409.12762212753296,True,,5,0.1691940696519375,0.19023622779978888,5,0.1691940696519375,0.19023622779978888
1049,liu_seq53_cylinder,minimum_aabb_edges_len,all,142x142x142,liu_seq53_cylinder;liu_seq53_cylinder_999999_1,geometry_only,liu,53,cylinder,success,/mnt/scratch/pmywe/GPU/3D_irregular_packing_stream/hpc/results/all_instances_geometry/liu_seq53_cylinder__minimum_aabb_edges_len__all__instance_size__rng42.json,450.1409332752228,448.33482813835144,True,,5,0.1691940696519375,0.18272240212201,5,0.1691940696519375,0.18272240212201
1050,liu_seq53_cylinder,maximal_residual_box,bottom,142x142x142,liu_seq53_cylinder;liu_seq53_cylinder_999999_1,geometry_only,liu,53,cylinder,success,/mnt/scratch/pmywe/GPU/3D_irregular_packing_stream/hpc/results/all_instances_geometry/liu_seq53_cylinder__maximal_residual_box__bottom__instance_size__rng42.json,369.9083080291748,367.88308215141296,True,,4,0.21149258706492188,0.225933931231076,4,0.21149258706492188,0.225933931231076
1051,liu_seq53_cylinder,maximal_residual_box,bottom_top,142x142x142,liu_seq53_cylinder;liu_seq53_cylinder_999999_1,geometry_only,liu,53,cylinder,success,/mnt/scratch/pmywe/GPU/3D_irregular_packing_stream/hpc/results/all_instances_geometry/liu_seq53_cylinder__maximal_residual_box__bottom_top__instance_size__rng42.json,378.0596318244934,375.98917531967163,True,,4,0.21149258706492188,0.23044251567807184,4,0.21149258706492188,0.23044251567807184
1052,liu_seq53_cylinder,maximal_residual_box,all,142x142x142,liu_seq53_cylinder;liu_seq53_cylinder_999999_1,geometry_only,liu,53,cylinder,success,/mnt/scratch/pmywe/GPU/3D_irregular_packing_stream/hpc/results/all_instances_geometry/liu_seq53_cylinder__maximal_residual_box__all__instance_size__rng42.json,458.8804988861084,457.07561588287354,True,,5,0.1691940696519375,0.18272240212201,5,0.1691940696519375,0.18272240212201
1053,liu_seq53_cylinder,overlap_distance,bottom,142x142x142,liu_seq53_cylinder;liu_seq53_cylinder_999999_1,geometry_only,liu,53,cylinder,success,/mnt/scratch/pmywe/GPU/3D_irregular_packing_stream/hpc/results/all_instances_geometry/liu_seq53_cylinder__overlap_distance__bottom__instance_size__rng42.json,513.8061399459839,511.79352378845215,True,,5,0.1691940696519375,0.1902362277997889,5,0.1691940696519375,0.1902362277997889
1054,liu_seq53_cylinder,overlap_distance,bottom_top,142x142x142,liu_seq53_cylinder;liu_seq53_cylinder_999999_1,geometry_only,liu,53,cylinder,success,/mnt/scratch/pmywe/GPU/3D_irregular_packing_stream/hpc/results/all_instances_geometry/liu_seq53_cylinder__overlap_distance__bottom_top__instance_size__rng42.json,602.2035675048828,600.1599311828613,True,,5,0.1691940696519375,0.19727836189534562,5,0.1691940696519375,0.19727836189534562
1055,liu_seq53_cylinder,overlap_distance,all,142x142x142,liu_seq53_cylinder;liu_seq53_cylinder_999999_1,geometry_only,liu,53,cylinder,success,/mnt/scratch/pmywe/GPU/3D_irregular_packing_stream/hpc/results/all_instances_geometry/liu_seq53_cylinder__overlap_distance__all__instance_size__rng42.json,900.2786474227905,898.4666457176208,True,,6,0.14099505804328125,0.15218898223983113,6,0.14099505804328125,0.15218898223983113
1056,liu_seq7_cube,minimum_aabb_volume,bottom,101x101x101,liu_seq7_cube;liu_seq7_cube_999999_1,geometry_only,liu,7,cube,success,/mnt/scratch/pmywe/GPU/3D_irregular_packing_stream/hpc/results/all_instances_geometry/liu_seq7_cube__minimum_aabb_volume__bottom__instance_size__rng42.json,89.5773355960846,87.80069160461426,True,,9,0.2051650709625418,0.216699415995908,9,0.2051650709625418,0.216699415995908
1057,liu_seq7_cube,minimum_aabb_volume,bottom_top,101x101x101,liu_seq7_cube;liu_seq7_cube_999999_1,geometry_only,liu,7,cube,success,/mnt/scratch/pmywe/GPU/3D_irregular_packing_stream/hpc/results/all_instances_geometry/liu_seq7_cube__minimum_aabb_volume__bottom_top__instance_size__rng42.json,90.84046268463135,89.06544089317322,True,,9,0.2051650709625418,0.22298350190866553,9,0.2051650709625418,0.22298350190866553
1058,liu_seq7_cube,minimum_aabb_volume,all,101x101x101,liu_seq7_cube;liu_seq7_cube_999999_1,geometry_only,liu,7,cube,success,/mnt/scratch/pmywe/GPU/3D_irregular_packing_stream/hpc/results/all_instances_geometry/liu_seq7_cube__minimum_aabb_volume__all__instance_size__rng42.json,110.01656484603882,108.21620655059814,True,,10,0.1846485638662876,0.19820755725214714,10,0.1846485638662876,0.19820755725214714
1059,liu_seq7_cube,minimum_aabb_edges_len,bottom,101x101x101,liu_seq7_cube;liu_seq7_cube_999999_1,geometry_only,liu,7,cube,success,/mnt/scratch/pmywe/GPU/3D_irregular_packing_stream/hpc/results/all_instances_geometry/liu_seq7_cube__minimum_aabb_edges_len__bottom__instance_size__rng42.json,89.9654188156128,88.12381863594055,True,,9,0.2051650709625418,0.216699415995908,9,0.2051650709625418,0.216699415995908
1060,liu_seq7_cube,minimum_aabb_edges_len,bottom_top,101x101x101,liu_seq7_cube;liu_seq7_cube_999999_1,geometry_only,liu,7,cube,success,/mnt/scratch/pmywe/GPU/3D_irregular_packing_stream/hpc/results/all_instances_geometry/liu_seq7_cube__minimum_aabb_edges_len__bottom_top__instance_size__rng42.json,92.81366395950317,90.99458408355713,True,,9,0.2051650709625418,0.216699415995908,9,0.2051650709625418,0.216699415995908
1061,liu_seq7_cube,minimum_aabb_edges_len,all,101x101x101,liu_seq7_cube;liu_seq7_cube_999999_1,geometry_only,liu,7,cube,success,/mnt/scratch/pmywe/GPU/3D_irregular_packing_stream/hpc/results/all_instances_geometry/liu_seq7_cube__minimum_aabb_edges_len__all__instance_size__rng42.json,111.04694700241089,109.25282025337219,True,,10,0.1846485638662876,0.19820755725214714,10,0.1846485638662876,0.19820755725214714
1062,liu_seq7_cube,maximal_residual_box,bottom,101x101x101,liu_seq7_cube;liu_seq7_cube_999999_1,geometry_only,liu,7,cube,success,/mnt/scratch/pmywe/GPU/3D_irregular_packing_stream/hpc/results/all_instances_geometry/liu_seq7_cube__maximal_residual_box__bottom__instance_size__rng42.json,90.23774456977844,88.42174458503723,True,,9,0.2051650709625418,0.216699415995908,9,0.2051650709625418,0.216699415995908
1063,liu_seq7_cube,maximal_residual_box,bottom_top,101x101x101,liu_seq7_cube;liu_seq7_cube_999999_1,geometry_only,liu,7,cube,success,/mnt/scratch/pmywe/GPU/3D_irregular_packing_stream/hpc/results/all_instances_geometry/liu_seq7_cube__maximal_residual_box__bottom_top__instance_size__rng42.json,92.43241286277771,90.65387296676636,True,,9,0.2051650709625418,0.21669941599590797,9,0.2051650709625418,0.21669941599590797
1064,liu_seq7_cube,maximal_residual_box,all,101x101x101,liu_seq7_cube;liu_seq7_cube_999999_1,geometry_only,liu,7,cube,success,/mnt/scratch/pmywe/GPU/3D_irregular_packing_stream/hpc/results/all_instances_geometry/liu_seq7_cube__maximal_residual_box__all__instance_size__rng42.json,107.58599734306335,105.78021097183228,True,,10,0.1846485638662876,0.19820755725214714,10,0.1846485638662876,0.19820755725214714
1065,liu_seq7_cube,overlap_distance,bottom,101x101x101,liu_seq7_cube;liu_seq7_cube_999999_1,geometry_only,liu,7,cube,success,/mnt/scratch/pmywe/GPU/3D_irregular_packing_stream/hpc/results/all_instances_geometry/liu_seq7_cube__overlap_distance__bottom__instance_size__rng42.json,110.1815710067749,108.36616206169128,True,,9,0.2051650709625418,0.216699415995908,9,0.2051650709625418,0.216699415995908
1066,liu_seq7_cube,overlap_distance,bottom_top,101x101x101,liu_seq7_cube;liu_seq7_cube_999999_1,geometry_only,liu,7,cube,success,/mnt/scratch/pmywe/GPU/3D_irregular_packing_stream/hpc/results/all_instances_geometry/liu_seq7_cube__overlap_distance__bottom_top__instance_size__rng42.json,129.6929795742035,127.8976628780365,True,,9,0.2051650709625418,0.2105571575685164,9,0.2051650709625418,0.2105571575685164
1067,liu_seq7_cube,overlap_distance,all,101x101x101,liu_seq7_cube;liu_seq7_cube_999999_1,geometry_only,liu,7,cube,success,/mnt/scratch/pmywe/GPU/3D_irregular_packing_stream/hpc/results/all_instances_geometry/liu_seq7_cube__overlap_distance__all__instance_size__rng42.json,188.7611105442047,186.94309902191162,True,,9,0.2051650709625418,0.21478334972013033,9,0.2051650709625418,0.21478334972013033
1068,liu_seq7_cylinder,minimum_aabb_volume,bottom,142x142x142,liu_seq7_cylinder;liu_seq7_cylinder_999999_1,geometry_only,liu,7,cylinder,success,/mnt/scratch/pmywe/GPU/3D_irregular_packing_stream/hpc/results/all_instances_geometry/liu_seq7_cylinder__minimum_aabb_volume__bottom__instance_size__rng42.json,396.34479236602783,394.5295958518982,True,,5,0.1691940696519375,0.1852904142712753,5,0.1691940696519375,0.1852904142712753
1069,liu_seq7_cylinder,minimum_aabb_volume,bottom_top,142x142x142,liu_seq7_cylinder;liu_seq7_cylinder_999999_1,geometry_only,liu,7,cylinder,success,/mnt/scratch/pmywe/GPU/3D_irregular_packing_stream/hpc/results/all_instances_geometry/liu_seq7_cylinder__minimum_aabb_volume__bottom_top__instance_size__rng42.json,414.77738094329834,412.7304890155792,True,,5,0.1691940696519375,0.1852904142712753,5,0.1691940696519375,0.1852904142712753
1070,liu_seq7_cylinder,minimum_aabb_volume,all,142x142x142,liu_seq7_cylinder;liu_seq7_cylinder_999999_1,geometry_only,liu,7,cylinder,success,/mnt/scratch/pmywe/GPU/3D_irregular_packing_stream/hpc/results/all_instances_geometry/liu_seq7_cylinder__minimum_aabb_volume__all__instance_size__rng42.json,461.2428457736969,459.16399025917053,True,,6,0.14099505804328125,0.1634563967927219,6,0.14099505804328125,0.1634563967927219
1071,liu_seq7_cylinder,minimum_aabb_edges_len,bottom,142x142x142,liu_seq7_cylinder;liu_seq7_cylinder_999999_1,geometry_only,liu,7,cylinder,success,/mnt/scratch/pmywe/GPU/3D_irregular_packing_stream/hpc/results/all_instances_geometry/liu_seq7_cylinder__minimum_aabb_edges_len__bottom__instance_size__rng42.json,416.3983976840973,414.6008083820343,True,,5,0.1691940696519375,0.1782482801757186,5,0.1691940696519375,0.1782482801757186
1072,liu_seq7_cylinder,minimum_aabb_edges_len,bottom_top,142x142x142,liu_seq7_cylinder;liu_seq7_cylinder_999999_1,geometry_only,liu,7,cylinder,success,/mnt/scratch/pmywe/GPU/3D_irregular_packing_stream/hpc/results/all_instances_geometry/liu_seq7_cylinder__minimum_aabb_edges_len__bottom_top__instance_size__rng42.json,447.60072088241577,445.5152804851532,True,,5,0.1691940696519375,0.17777658859349638,5,0.1691940696519375,0.17777658859349638
1073,liu_seq7_cylinder,minimum_aabb_edges_len,all,142x142x142,liu_seq7_cylinder;liu_seq7_cylinder_999999_1,geometry_only,liu,7,cylinder,success,/mnt/scratch/pmywe/GPU/3D_irregular_packing_stream/hpc/results/all_instances_geometry/liu_seq7_cylinder__minimum_aabb_edges_len__all__instance_size__rng42.json,457.7043900489807,455.65788316726685,True,,5,0.1691940696519375,0.19104854229219936,5,0.1691940696519375,0.19104854229219936
1074,liu_seq7_cylinder,maximal_residual_box,bottom,142x142x142,liu_seq7_cylinder;liu_seq7_cylinder_999999_1,geometry_only,liu,7,cylinder,success,/mnt/scratch/pmywe/GPU/3D_irregular_packing_stream/hpc/results/all_instances_geometry/liu_seq7_cylinder__maximal_residual_box__bottom__instance_size__rng42.json,380.9885685443878,379.1534175872803,True,,5,0.1691940696519375,0.20432049599090235,5,0.1691940696519375,0.20432049599090235
1075,liu_seq7_cylinder,maximal_residual_box,bottom_top,142x142x142,liu_seq7_cylinder;liu_seq7_cylinder_999999_1,geometry_only,liu,7,cylinder,success,/mnt/scratch/pmywe/GPU/3D_irregular_packing_stream/hpc/results/all_instances_geometry/liu_seq7_cylinder__maximal_residual_box__bottom_top__instance_size__rng42.json,393.84580421447754,391.781254529953,True,,5,0.1691940696519375,0.19856236796997828,5,0.1691940696519375,0.19856236796997828
1076,liu_seq7_cylinder,maximal_residual_box,all,142x142x142,liu_seq7_cylinder;liu_seq7_cylinder_999999_1,geometry_only,liu,7,cylinder,success,/mnt/scratch/pmywe/GPU/3D_irregular_packing_stream/hpc/results/all_instances_geometry/liu_seq7_cylinder__maximal_residual_box__all__instance_size__rng42.json,480.53685903549194,478.4504110813141,True,,5,0.1691940696519375,0.17777658859349638,5,0.1691940696519375,0.17777658859349638
1077,liu_seq7_cylinder,overlap_distance,bottom,142x142x142,liu_seq7_cylinder;liu_seq7_cylinder_999999_1,geometry_only,liu,7,cylinder,success,/mnt/scratch/pmywe/GPU/3D_irregular_packing_stream/hpc/results/all_instances_geometry/liu_seq7_cylinder__overlap_distance__bottom__instance_size__rng42.json,508.16813039779663,506.35394835472107,True,,5,0.1691940696519375,0.17953228625035123,5,0.1691940696519375,0.17953228625035123
1078,liu_seq7_cylinder,overlap_distance,bottom_top,142x142x142,liu_seq7_cylinder;liu_seq7_cylinder_999999_1,geometry_only,liu,7,cylinder,success,/mnt/scratch/pmywe/GPU/3D_irregular_packing_stream/hpc/results/all_instances_geometry/liu_seq7_cylinder__overlap_distance__bottom_top__instance_size__rng42.json,620.2661736011505,618.1846454143524,True,,5,0.1691940696519375,0.17662253949732654,5,0.1691940696519375,0.17662253949732654
1079,liu_seq7_cylinder,overlap_distance,all,142x142x142,liu_seq7_cylinder;liu_seq7_cylinder_999999_1,geometry_only,liu,7,cylinder,success,/mnt/scratch/pmywe/GPU/3D_irregular_packing_stream/hpc/results/all_instances_geometry/liu_seq7_cylinder__overlap_distance__all__instance_size__rng42.json,951.7071278095245,949.6477689743042,True,,6,0.14099505804328125,0.1634563967927219,6,0.14099505804328125,0.1634563967927219
1080,shapesnew_seq13_cube,minimum_aabb_volume,bottom,16x16x16,shapesnew_seq13_cube;shapesnew_seq13_cube_999999_1;shapesnew_seq13_cube_999999_1_COMPLETE,geometry_only,shapesnew,13,cube,success,/mnt/scratch/pmywe/GPU/3D_irregular_packing_stream/hpc/results/all_instances_geometry/shapesnew_seq13_cube__minimum_aabb_volume__bottom__instance_size__rng42.json,3.0916004180908203,2.146989583969116,True,,9,0.2449001736111111,0.2510986328125,9,0.2449001736111111,0.2510986328125
1081,shapesnew_seq13_cube,minimum_aabb_volume,bottom_top,16x16x16,shapesnew_seq13_cube;shapesnew_seq13_cube_999999_1;shapesnew_seq13_cube_999999_1_COMPLETE,geometry_only,shapesnew,13,cube,success,/mnt/scratch/pmywe/GPU/3D_irregular_packing_stream/hpc/results/all_instances_geometry/shapesnew_seq13_cube__minimum_aabb_volume__bottom_top__instance_size__rng42.json,2.9742226600646973,2.1946821212768555,True,,9,0.2449001736111111,0.2510986328125,9,0.2449001736111111,0.2510986328125
1082,shapesnew_seq13_cube,minimum_aabb_volume,all,16x16x16,shapesnew_seq13_cube;shapesnew_seq13_cube_999999_1;shapesnew_seq13_cube_999999_1_COMPLETE,geometry_only,shapesnew,13,cube,success,/mnt/scratch/pmywe/GPU/3D_irregular_packing_stream/hpc/results/all_instances_geometry/shapesnew_seq13_cube__minimum_aabb_volume__all__instance_size__rng42.json,3.0360729694366455,2.262542963027954,True,,10,0.22041015625,0.23350694444444445,10,0.22041015625,0.23350694444444445
1083,shapesnew_seq13_cube,minimum_aabb_edges_len,bottom,16x16x16,shapesnew_seq13_cube;shapesnew_seq13_cube_999999_1;shapesnew_seq13_cube_999999_1_COMPLETE,geometry_only,shapesnew,13,cube,success,/mnt/scratch/pmywe/GPU/3D_irregular_packing_stream/hpc/results/all_instances_geometry/shapesnew_seq13_cube__minimum_aabb_edges_len__bottom__instance_size__rng42.json,2.840888023376465,2.0638439655303955,True,,9,0.2449001736111111,0.25927734375,9,0.2449001736111111,0.25927734375
1084,shapesnew_seq13_cube,minimum_aabb_edges_len,bottom_top,16x16x16,shapesnew_seq13_cube;shapesnew_seq13_cube_999999_1;shapesnew_seq13_cube_999999_1_COMPLETE,geometry_only,shapesnew,13,cube,success,/mnt/scratch/pmywe/GPU/3D_irregular_packing_stream/hpc/results/all_instances_geometry/shapesnew_seq13_cube__minimum_aabb_edges_len__bottom_top__instance_size__rng42.json,2.8551127910614014,2.0780868530273438,True,,9,0.2449001736111111,0.2628173828125,9,0.2449001736111111,0.2628173828125
1085,shapesnew_seq13_cube,minimum_aabb_edges_len,all,16x16x16,shapesnew_seq13_cube;shapesnew_seq13_cube_999999_1;shapesnew_seq13_cube_999999_1_COMPLETE,geometry_only,shapesnew,13,cube,success,/mnt/scratch/pmywe/GPU/3D_irregular_packing_stream/hpc/results/all_instances_geometry/shapesnew_seq13_cube__minimum_aabb_edges_len__all__instance_size__rng42.json,2.926661729812622,2.1508264541625977,True,,9,0.2449001736111111,0.2537841796875,9,0.2449001736111111,0.2537841796875
1086,shapesnew_seq13_cube,maximal_residual_box,bottom,16x16x16,shapesnew_seq13_cube;shapesnew_seq13_cube_999999_1;shapesnew_seq13_cube_999999_1_COMPLETE,geometry_only,shapesnew,13,cube,success,/mnt/scratch/pmywe/GPU/3D_irregular_packing_stream/hpc/results/all_instances_geometry/shapesnew_seq13_cube__maximal_residual_box__bottom__instance_size__rng42.json,2.9241349697113037,2.138857364654541,True,,9,0.2449001736111111,0.2537841796875,9,0.2449001736111111,0.2537841796875
1087,shapesnew_seq13_cube,maximal_residual_box,bottom_top,16x16x16,shapesnew_seq13_cube;shapesnew_seq13_cube_999999_1;shapesnew_seq13_cube_999999_1_COMPLETE,geometry_only,shapesnew,13,cube,success,/mnt/scratch/pmywe/GPU/3D_irregular_packing_stream/hpc/results/all_instances_geometry/shapesnew_seq13_cube__maximal_residual_box__bottom_top__instance_size__rng42.json,3.09948468208313,2.3002309799194336,True,,10,0.22041015625,0.2400173611111111,10,0.22041015625,0.2400173611111111
1088,shapesnew_seq13_cube,maximal_residual_box,all,16x16x16,shapesnew_seq13_cube;shapesnew_seq13_cube_999999_1;shapesnew_seq13_cube_999999_1_COMPLETE,geometry_only,shapesnew,13,cube,success,/mnt/scratch/pmywe/GPU/3D_irregular_packing_stream/hpc/results/all_instances_geometry/shapesnew_seq13_cube__maximal_residual_box__all__instance_size__rng42.json,3.1160285472869873,2.325660467147827,True,,9,0.2449001736111111,0.2476806640625,9,0.2449001736111111,0.2476806640625
1089,shapesnew_seq13_cube,overlap_distance,bottom,16x16x16,shapesnew_seq13_cube;shapesnew_seq13_cube_999999_1;shapesnew_seq13_cube_999999_1_COMPLETE,geometry_only,shapesnew,13,cube,success,/mnt/scratch/pmywe/GPU/3D_irregular_packing_stream/hpc/results/all_instances_geometry/shapesnew_seq13_cube__overlap_distance__bottom__instance_size__rng42.json,3.036095380783081,2.2469723224639893,True,,10,0.22041015625,0.23838975694444445,10,0.22041015625,0.23838975694444445
1090,shapesnew_seq13_cube,overlap_distance,bottom_top,16x16x16,shapesnew_seq13_cube;shapesnew_seq13_cube_999999_1;shapesnew_seq13_cube_999999_1_COMPLETE,geometry_only,shapesnew,13,cube,success,/mnt/scratch/pmywe/GPU/3D_irregular_packing_stream/hpc/results/all_instances_geometry/shapesnew_seq13_cube__overlap_distance__bottom_top__instance_size__rng42.json,3.4275062084198,2.6206276416778564,True,,10,0.22041015625,0.23838975694444445,10,0.22041015625,0.23838975694444445
1091,shapesnew_seq13_cube,overlap_distance,all,16x16x16,shapesnew_seq13_cube;shapesnew_seq13_cube_999999_1;shapesnew_seq13_cube_999999_1_COMPLETE,geometry_only,shapesnew,13,cube,success,/mnt/scratch/pmywe/GPU/3D_irregular_packing_stream/hpc/results/all_instances_geometry/shapesnew_seq13_cube__overlap_distance__all__instance_size__rng42.json,3.8260204792022705,3.0567827224731445,True,,11,0.20037286931818182,0.207421875,11,0.20037286931818182,0.207421875
1092,shapesnew_seq13_cylinder,minimum_aabb_volume,bottom,19x19x19,shapesnew_seq13_cylinder;shapesnew_seq13_cylinder_999999_1,geometry_only,shapesnew,13,cylinder,success,/mnt/scratch/pmywe/GPU/3D_irregular_packing_stream/hpc/results/all_instances_geometry/shapesnew_seq13_cylinder__minimum_aabb_volume__bottom__instance_size__rng42.json,10.922891616821289,10.146344423294067,True,,8,0.20948401023963134,0.23304582340475727,8,0.20948401023963134,0.23304582340475727
1093,shapesnew_seq13_cylinder,minimum_aabb_volume,bottom_top,19x19x19,shapesnew_seq13_cylinder;shapesnew_seq13_cylinder_999999_1,geometry_only,shapesnew,13,cylinder,success,/mnt/scratch/pmywe/GPU/3D_irregular_packing_stream/hpc/results/all_instances_geometry/shapesnew_seq13_cylinder__minimum_aabb_volume__bottom_top__instance_size__rng42.json,11.171079635620117,10.2776620388031,True,,8,0.20948401023963134,0.2282724678957841,8,0.20948401023963134,0.2282724678957841
1094,shapesnew_seq13_cylinder,minimum_aabb_volume,all,19x19x19,shapesnew_seq13_cylinder;shapesnew_seq13_cylinder_999999_1,geometry_only,shapesnew,13,cylinder,success,/mnt/scratch/pmywe/GPU/3D_irregular_packing_stream/hpc/results/all_instances_geometry/shapesnew_seq13_cylinder__minimum_aabb_volume__all__instance_size__rng42.json,11.469902276992798,10.696747779846191,True,,9,0.18620800910189453,0.20391509547916262,9,0.18620800910189453,0.20391509547916262
1095,shapesnew_seq13_cylinder,minimum_aabb_edges_len,bottom,19x19x19,shapesnew_seq13_cylinder;shapesnew_seq13_cylinder_999999_1,geometry_only,shapesnew,13,cylinder,success,/mnt/scratch/pmywe/GPU/3D_irregular_packing_stream/hpc/results/all_instances_geometry/shapesnew_seq13_cylinder__minimum_aabb_edges_len__bottom__instance_size__rng42.json,10.975545167922974,10.189460039138794,True,,8,0.20948401023963134,0.22349911238681092,8,0.20948401023963134,0.22349911238681092
1096,shapesnew_seq13_cylinder,minimum_aabb_edges_len,bottom_top,19x19x19,shapesnew_seq13_cylinder;shapesnew_seq13_cylinder_999999_1,geometry_only,shapesnew,13,cylinder,success,/mnt/scratch/pmywe/GPU/3D_irregular_packing_stream/hpc/results/all_instances_geometry/shapesnew_seq13_cylinder__minimum_aabb_edges_len__bottom_top__instance_size__rng42.json,10.91450023651123,10.147018432617188,True,,8,0.20948401023963134,0.22349911238681092,8,0.20948401023963134,0.22349911238681092
1097,shapesnew_seq13_cylinder,minimum_aabb_edges_len,all,19x19x19,shapesnew_seq13_cylinder;shapesnew_seq13_cylinder_999999_1,geometry_only,shapesnew,13,cylinder,success,/mnt/scratch/pmywe/GPU/3D_irregular_packing_stream/hpc/results/all_instances_geometry/shapesnew_seq13_cylinder__minimum_aabb_edges_len__all__instance_size__rng42.json,11.041968584060669,10.261450290679932,True,,8,0.20948401023963134,0.22349911238681092,8,0.20948401023963134,0.22349911238681092
1098,shapesnew_seq13_cylinder,maximal_residual_box,bottom,19x19x19,shapesnew_seq13_cylinder;shapesnew_seq13_cylinder_999999_1,geometry_only,shapesnew,13,cylinder,success,/mnt/scratch/pmywe/GPU/3D_irregular_packing_stream/hpc/results/all_instances_geometry/shapesnew_seq13_cylinder__maximal_residual_box__bottom__instance_size__rng42.json,10.873722076416016,10.000159740447998,True,,7,0.2394102974167215,0.24416597383121705,7,0.2394102974167215,0.24416597383121705
1099,shapesnew_seq13_cylinder,maximal_residual_box,bottom_top,19x19x19,shapesnew_seq13_cylinder;shapesnew_seq13_cylinder_999999_1,geometry_only,shapesnew,13,cylinder,success,/mnt/scratch/pmywe/GPU/3D_irregular_packing_stream/hpc/results/all_instances_geometry/shapesnew_seq13_cylinder__maximal_residual_box__bottom_top__instance_size__rng42.json,10.843799114227295,10.068474054336548,True,,7,0.2394102974167215,0.24602227875137325,7,0.2394102974167215,0.24602227875137325
1100,shapesnew_seq13_cylinder,maximal_residual_box,all,19x19x19,shapesnew_seq13_cylinder;shapesnew_seq13_cylinder_999999_1,geometry_only,shapesnew,13,cylinder,success,/mnt/scratch/pmywe/GPU/3D_irregular_packing_stream/hpc/results/all_instances_geometry/shapesnew_seq13_cylinder__maximal_residual_box__all__instance_size__rng42.json,11.354811668395996,10.573773384094238,True,,8,0.20948401023963134,0.21331595396766814,8,0.20948401023963134,0.21331595396766814
1101,shapesnew_seq13_cylinder,overlap_distance,bottom,19x19x19,shapesnew_seq13_cylinder;shapesnew_seq13_cylinder_999999_1,geometry_only,shapesnew,13,cylinder,success,/mnt/scratch/pmywe/GPU/3D_irregular_packing_stream/hpc/results/all_instances_geometry/shapesnew_seq13_cylinder__overlap_distance__bottom__instance_size__rng42.json,11.309473276138306,10.531176805496216,True,,8,0.20948401023963134,0.21713463837484667,8,0.20948401023963134,0.21713463837484667
1102,shapesnew_seq13_cylinder,overlap_distance,bottom_top,19x19x19,shapesnew_seq13_cylinder;shapesnew_seq13_cylinder_999999_1,geometry_only,shapesnew,13,cylinder,success,/mnt/scratch/pmywe/GPU/3D_irregular_packing_stream/hpc/results/all_instances_geometry/shapesnew_seq13_cylinder__overlap_distance__bottom_top__instance_size__rng42.json,11.519896268844604,10.738545656204224,True,,8,0.20948401023963134,0.2267874239596591,8,0.20948401023963134,0.2267874239596591
1103,shapesnew_seq13_cylinder,overlap_distance,all,19x19x19,shapesnew_seq13_cylinder;shapesnew_seq13_cylinder_999999_1,geometry_only,shapesnew,13,cylinder,success,/mnt/scratch/pmywe/GPU/3D_irregular_packing_stream/hpc/results/all_instances_geometry/shapesnew_seq13_cylinder__overlap_distance__all__instance_size__rng42.json,12.165473461151123,11.304542541503906,True,,9,0.18620800910189453,0.20391509547916262,9,0.18620800910189453,0.20391509547916262
1104,shapesnew_seq19_cube,minimum_aabb_volume,bottom,16x16x16,shapesnew_seq19_cube;shapesnew_seq19_cube_999999_1,geometry_only,shapesnew,19,cube,success,/mnt/scratch/pmywe/GPU/3D_irregular_packing_stream/hpc/results/all_instances_geometry/shapesnew_seq19_cube__minimum_aabb_volume__bottom__instance_size__rng42.json,2.9067139625549316,2.122019052505493,True,,10,0.22041015625,0.23838975694444445,10,0.22041015625,0.23838975694444445
1105,shapesnew_seq19_cube,minimum_aabb_volume,bottom_top,16x16x16,shapesnew_seq19_cube;shapesnew_seq19_cube_999999_1,geometry_only,shapesnew,19,cube,success,/mnt/scratch/pmywe/GPU/3D_irregular_packing_stream/hpc/results/all_instances_geometry/shapesnew_seq19_cube__minimum_aabb_volume__bottom_top__instance_size__rng42.json,3.494814872741699,2.3299670219421387,True,,10,0.22041015625,0.23274739583333334,10,0.22041015625,0.23274739583333334
1106,shapesnew_seq19_cube,minimum_aabb_volume,all,16x16x16,shapesnew_seq19_cube;shapesnew_seq19_cube_999999_1,geometry_only,shapesnew,19,cube,success,/mnt/scratch/pmywe/GPU/3D_irregular_packing_stream/hpc/results/all_instances_geometry/shapesnew_seq19_cube__minimum_aabb_volume__all__instance_size__rng42.json,3.0553743839263916,2.278878927230835,True,,10,0.22041015625,0.22623697916666666,10,0.22041015625,0.22623697916666666
1107,shapesnew_seq19_cube,minimum_aabb_edges_len,bottom,16x16x16,shapesnew_seq19_cube;shapesnew_seq19_cube_999999_1,geometry_only,shapesnew,19,cube,success,/mnt/scratch/pmywe/GPU/3D_irregular_packing_stream/hpc/results/all_instances_geometry/shapesnew_seq19_cube__minimum_aabb_edges_len__bottom__instance_size__rng42.json,2.909838914871216,2.1216092109680176,True,,10,0.22041015625,0.23274739583333334,10,0.22041015625,0.23274739583333334
1108,shapesnew_seq19_cube,minimum_aabb_edges_len,bottom_top,16x16x16,shapesnew_seq19_cube;shapesnew_seq19_cube_999999_1,geometry_only,shapesnew,19,cube,success,/mnt/scratch/pmywe/GPU/3D_irregular_packing_stream/hpc/results/all_instances_geometry/shapesnew_seq19_cube__minimum_aabb_edges_len__bottom_top__instance_size__rng42.json,3.1361289024353027,2.112309694290161,True,,9,0.2449001736111111,0.251220703125,9,0.2449001736111111,0.251220703125
1109,shapesnew_seq19_cube,minimum_aabb_edges_len,all,16x16x16,shapesnew_seq19_cube;shapesnew_seq19_cube_999999_1,geometry_only,shapesnew,19,cube,success,/mnt/scratch/pmywe/GPU/3D_irregular_packing_stream/hpc/results/all_instances_geometry/shapesnew_seq19_cube__minimum_aabb_edges_len__all__instance_size__rng42.json,3.101773500442505,2.314056634902954,True,,10,0.22041015625,0.2312282986111111,10,0.22041015625,0.2312282986111111
1110,shapesnew_seq19_cube,maximal_residual_box,bottom,16x16x16,shapesnew_seq19_cube;shapesnew_seq19_cube_999999_1,geometry_only,shapesnew,19,cube,success,/mnt/scratch/pmywe/GPU/3D_irregular_packing_stream/hpc/results/all_instances_geometry/shapesnew_seq19_cube__maximal_residual_box__bottom__instance_size__rng42.json,3.103728771209717,2.057516574859619,True,,9,0.2449001736111111,0.248291015625,9,0.2449001736111111,0.248291015625
1111,shapesnew_seq19_cube,maximal_residual_box,bottom_top,16x16x16,shapesnew_seq19_cube;shapesnew_seq19_cube_999999_1,geometry_only,shapesnew,19,cube,success,/mnt/scratch/pmywe/GPU/3D_irregular_packing_stream/hpc/results/all_instances_geometry/shapesnew_seq19_cube__maximal_residual_box__bottom_top__instance_size__rng42.json,3.0336825847625732,2.2616357803344727,True,,10,0.22041015625,0.23350694444444445,10,0.22041015625,0.23350694444444445
1112,shapesnew_seq19_cube,maximal_residual_box,all,16x16x16,shapesnew_seq19_cube;shapesnew_seq19_cube_999999_1,geometry_only,shapesnew,19,cube,success,/mnt/scratch/pmywe/GPU/3D_irregular_packing_stream/hpc/results/all_instances_geometry/shapesnew_seq19_cube__maximal_residual_box__all__instance_size__rng42.json,3.4604923725128174,2.4240596294403076,True,,11,0.20037286931818182,0.21904296875,11,0.20037286931818182,0.21904296875
1113,shapesnew_seq19_cube,overlap_distance,bottom,16x16x16,shapesnew_seq19_cube;shapesnew_seq19_cube_999999_1,geometry_only,shapesnew,19,cube,success,/mnt/scratch/pmywe/GPU/3D_irregular_packing_stream/hpc/results/all_instances_geometry/shapesnew_seq19_cube__overlap_distance__bottom__instance_size__rng42.json,3.1403825283050537,2.354201555252075,True,,10,0.22041015625,0.22786458333333334,10,0.22041015625,0.22786458333333334
1114,shapesnew_seq19_cube,overlap_distance,bottom_top,16x16x16,shapesnew_seq19_cube;shapesnew_seq19_cube_999999_1,geometry_only,shapesnew,19,cube,success,/mnt/scratch/pmywe/GPU/3D_irregular_packing_stream/hpc/results/all_instances_geometry/shapesnew_seq19_cube__overlap_distance__bottom_top__instance_size__rng42.json,3.6263046264648438,2.6191701889038086,True,,10,0.22041015625,0.23274739583333334,10,0.22041015625,0.23274739583333334
1115,shapesnew_seq19_cube,overlap_distance,all,16x16x16,shapesnew_seq19_cube;shapesnew_seq19_cube_999999_1,geometry_only,shapesnew,19,cube,success,/mnt/scratch/pmywe/GPU/3D_irregular_packing_stream/hpc/results/all_instances_geometry/shapesnew_seq19_cube__overlap_distance__all__instance_size__rng42.json,3.4463274478912354,2.6771371364593506,True,,10,0.22041015625,0.2263454861111111,10,0.22041015625,0.2263454861111111
1116,shapesnew_seq19_cylinder,minimum_aabb_volume,bottom,19x19x19,shapesnew_seq19_cylinder;shapesnew_seq19_cylinder_999999_1,geometry_only,shapesnew,19,cylinder,success,/mnt/scratch/pmywe/GPU/3D_irregular_packing_stream/hpc/results/all_instances_geometry/shapesnew_seq19_cylinder__minimum_aabb_volume__bottom__instance_size__rng42.json,10.988237857818604,9.951727151870728,True,,8,0.20948401023963134,0.23304582340475727,8,0.20948401023963134,0.23304582340475727
1117,shapesnew_seq19_cylinder,minimum_aabb_volume,bottom_top,19x19x19,shapesnew_seq19_cylinder;shapesnew_seq19_cylinder_999999_1,geometry_only,shapesnew,19,cylinder,success,/mnt/scratch/pmywe/GPU/3D_irregular_packing_stream/hpc/results/all_instances_geometry/shapesnew_seq19_cylinder__minimum_aabb_volume__bottom_top__instance_size__rng42.json,11.077455282211304,10.293209791183472,True,,8,0.20948401023963134,0.2203168753808288,8,0.20948401023963134,0.2203168753808288
1118,shapesnew_seq19_cylinder,minimum_aabb_volume,all,19x19x19,shapesnew_seq19_cylinder;shapesnew_seq19_cylinder_999999_1,geometry_only,shapesnew,19,cylinder,success,/mnt/scratch/pmywe/GPU/3D_irregular_packing_stream/hpc/results/all_instances_geometry/shapesnew_seq19_cylinder__minimum_aabb_volume__all__instance_size__rng42.json,11.368488311767578,10.36291766166687,True,,9,0.18620800910189453,0.19834618071869392,9,0.18620800910189453,0.19834618071869392
1119,shapesnew_seq19_cylinder,minimum_aabb_edges_len,bottom,19x19x19,shapesnew_seq19_cylinder;shapesnew_seq19_cylinder_999999_1,geometry_only,shapesnew,19,cylinder,success,/mnt/scratch/pmywe/GPU/3D_irregular_packing_stream/hpc/results/all_instances_geometry/shapesnew_seq19_cylinder__minimum_aabb_edges_len__bottom__instance_size__rng42.json,10.991751194000244,10.205402851104736,True,,8,0.20948401023963134,0.22668134939279305,8,0.20948401023963134,0.22668134939279305
1120,shapesnew_seq19_cylinder,minimum_aabb_edges_len,bottom_top,19x19x19,shapesnew_seq19_cylinder;shapesnew_seq19_cylinder_999999_1,geometry_only,shapesnew,19,cylinder,success,/mnt/scratch/pmywe/GPU/3D_irregular_packing_stream/hpc/results/all_instances_geometry/shapesnew_seq19_cylinder__minimum_aabb_edges_len__bottom_top__instance_size__rng42.json,11.237879514694214,10.194285154342651,True,,8,0.20948401023963134,0.2155435198718556,8,0.20948401023963134,0.2155435198718556
1121,shapesnew_seq19_cylinder,minimum_aabb_edges_len,all,19x19x19,shapesnew_seq19_cylinder;shapesnew_seq19_cylinder_999999_1,geometry_only,shapesnew,19,cylinder,success,/mnt/scratch/pmywe/GPU/3D_irregular_packing_stream/hpc/results/all_instances_geometry/shapesnew_seq19_cylinder__minimum_aabb_edges_len__all__instance_size__rng42.json,11.031409502029419,10.132742643356323,True,,8,0.20948401023963134,0.22190799388381985,8,0.20948401023963134,0.22190799388381985
1122,shapesnew_seq19_cylinder,maximal_residual_box,bottom,19x19x19,shapesnew_seq19_cylinder;shapesnew_seq19_cylinder_999999_1,geometry_only,shapesnew,19,cylinder,success,/mnt/scratch/pmywe/GPU/3D_irregular_packing_stream/hpc/results/all_instances_geometry/shapesnew_seq19_cylinder__maximal_residual_box__bottom__instance_size__rng42.json,11.120587825775146,9.965166330337524,True,,8,0.20948401023963134,0.23304582340475727,8,0.20948401023963134,0.23304582340475727
1123,shapesnew_seq19_cylinder,maximal_residual_box,bottom_top,19x19x19,shapesnew_seq19_cylinder;shapesnew_seq19_cylinder_999999_1,geometry_only,shapesnew,19,cylinder,success,/mnt/scratch/pmywe/GPU/3D_irregular_packing_stream/hpc/results/all_instances_geometry/shapesnew_seq19_cylinder__maximal_residual_box__bottom_top__instance_size__rng42.json,11.084682941436768,10.278514623641968,True,,8,0.20948401023963134,0.2282724678957841,8,0.20948401023963134,0.2282724678957841
1124,shapesnew_seq19_cylinder,maximal_residual_box,all,19x19x19,shapesnew_seq19_cylinder;shapesnew_seq19_cylinder_999999_1,geometry_only,shapesnew,19,cylinder,success,/mnt/scratch/pmywe/GPU/3D_irregular_packing_stream/hpc/results/all_instances_geometry/shapesnew_seq19_cylinder__maximal_residual_box__all__instance_size__rng42.json,11.365318059921265,10.330173015594482,True,,9,0.18620800910189453,0.20391509547916262,9,0.18620800910189453,0.20391509547916262
1125,shapesnew_seq19_cylinder,overlap_distance,bottom,19x19x19,shapesnew_seq19_cylinder;shapesnew_seq19_cylinder_999999_1,geometry_only,shapesnew,19,cylinder,success,/mnt/scratch/pmywe/GPU/3D_irregular_packing_stream/hpc/results/all_instances_geometry/shapesnew_seq19_cylinder__overlap_distance__bottom__instance_size__rng42.json,11.233294010162354,10.439685106277466,True,,8,0.20948401023963134,0.2282724678957841,8,0.20948401023963134,0.2282724678957841
1126,shapesnew_seq19_cylinder,overlap_distance,bottom_top,19x19x19,shapesnew_seq19_cylinder;shapesnew_seq19_cylinder_999999_1,geometry_only,shapesnew,19,cylinder,success,/mnt/scratch/pmywe/GPU/3D_irregular_packing_stream/hpc/results/all_instances_geometry/shapesnew_seq19_cylinder__overlap_distance__bottom_top__instance_size__rng42.json,11.963420867919922,10.94048261642456,True,,8,0.20948401023963134,0.2203168753808288,8,0.20948401023963134,0.2203168753808288
1127,shapesnew_seq19_cylinder,overlap_distance,all,19x19x19,shapesnew_seq19_cylinder;shapesnew_seq19_cylinder_999999_1,geometry_only,shapesnew,19,cylinder,success,/mnt/scratch/pmywe/GPU/3D_irregular_packing_stream/hpc/results/all_instances_geometry/shapesnew_seq19_cylinder__overlap_distance__all__instance_size__rng42.json,12.13903021812439,11.352477550506592,True,,8,0.20948401023963134,0.2141645505025967,8,0.20948401023963134,0.2141645505025967
1128,shapesnew_seq3_cube,minimum_aabb_volume,bottom,16x16x16,shapesnew_seq3_cube;shapesnew_seq3_cube_999999_1,geometry_only,shapesnew,3,cube,success,/mnt/scratch/pmywe/GPU/3D_irregular_packing_stream/hpc/results/all_instances_geometry/shapesnew_seq3_cube__minimum_aabb_volume__bottom__instance_size__rng42.json,3.19388747215271,2.1668145656585693,True,,10,0.22041015625,0.2312282986111111,10,0.22041015625,0.2312282986111111
1129,shapesnew_seq3_cube,minimum_aabb_volume,bottom_top,16x16x16,shapesnew_seq3_cube;shapesnew_seq3_cube_999999_1,geometry_only,shapesnew,3,cube,success,/mnt/scratch/pmywe/GPU/3D_irregular_packing_stream/hpc/results/all_instances_geometry/shapesnew_seq3_cube__minimum_aabb_volume__bottom_top__instance_size__rng42.json,2.9580631256103516,2.1674458980560303,True,,10,0.22041015625,0.23274739583333334,10,0.22041015625,0.23274739583333334
1130,shapesnew_seq3_cube,minimum_aabb_volume,all,16x16x16,shapesnew_seq3_cube;shapesnew_seq3_cube_999999_1,geometry_only,shapesnew,3,cube,success,/mnt/scratch/pmywe/GPU/3D_irregular_packing_stream/hpc/results/all_instances_geometry/shapesnew_seq3_cube__minimum_aabb_volume__all__instance_size__rng42.json,3.20080828666687,2.190591335296631,True,,10,0.22041015625,0.23274739583333334,10,0.22041015625,0.23274739583333334
1131,shapesnew_seq3_cube,minimum_aabb_edges_len,bottom,16x16x16,shapesnew_seq3_cube;shapesnew_seq3_cube_999999_1,geometry_only,shapesnew,3,cube,success,/mnt/scratch/pmywe/GPU/3D_irregular_packing_stream/hpc/results/all_instances_geometry/shapesnew_seq3_cube__minimum_aabb_edges_len__bottom__instance_size__rng42.json,2.893590211868286,2.1244571208953857,True,,10,0.22041015625,0.22786458333333334,10,0.22041015625,0.22786458333333334
1132,shapesnew_seq3_cube,minimum_aabb_edges_len,bottom_top,16x16x16,shapesnew_seq3_cube;shapesnew_seq3_cube_999999_1,geometry_only,shapesnew,3,cube,success,/mnt/scratch/pmywe/GPU/3D_irregular_packing_stream/hpc/results/all_instances_geometry/shapesnew_seq3_cube__minimum_aabb_edges_len__bottom_top__instance_size__rng42.json,3.2551651000976562,2.205125331878662,True,,10,0.22041015625,0.22786458333333334,10,0.22041015625,0.22786458333333334
1133,shapesnew_seq3_cube,minimum_aabb_edges_len,all,16x16x16,shapesnew_seq3_cube;shapesnew_seq3_cube_999999_1,geometry_only,shapesnew,3,cube,success,/mnt/scratch/pmywe/GPU/3D_irregular_packing_stream/hpc/results/all_instances_geometry/shapesnew_seq3_cube__minimum_aabb_edges_len__all__instance_size__rng42.json,3.097318649291992,2.311831474304199,True,,10,0.22041015625,0.2312282986111111,10,0.22041015625,0.2312282986111111
1134,shapesnew_seq3_cube,maximal_residual_box,bottom,16x16x16,shapesnew_seq3_cube;shapesnew_seq3_cube_999999_1,geometry_only,shapesnew,3,cube,success,/mnt/scratch/pmywe/GPU/3D_irregular_packing_stream/hpc/results/all_instances_geometry/shapesnew_seq3_cube__maximal_residual_box__bottom__instance_size__rng42.json,3.124330997467041,2.059727907180786,True,,10,0.22041015625,0.23274739583333334,10,0.22041015625,0.23274739583333334
1135,shapesnew_seq3_cube,maximal_residual_box,bottom_top,16x16x16,shapesnew_seq3_cube;shapesnew_seq3_cube_999999_1,geometry_only,shapesnew,3,cube,success,/mnt/scratch/pmywe/GPU/3D_irregular_packing_stream/hpc/results/all_instances_geometry/shapesnew_seq3_cube__maximal_residual_box__bottom_top__instance_size__rng42.json,3.001741886138916,2.1348695755004883,True,,10,0.22041015625,0.23274739583333334,10,0.22041015625,0.23274739583333334
1136,shapesnew_seq3_cube,maximal_residual_box,all,16x16x16,shapesnew_seq3_cube;shapesnew_seq3_cube_999999_1,geometry_only,shapesnew,3,cube,success,/mnt/scratch/pmywe/GPU/3D_irregular_packing_stream/hpc/results/all_instances_geometry/shapesnew_seq3_cube__maximal_residual_box__all__instance_size__rng42.json,3.299617290496826,2.262469530105591,True,,10,0.22041015625,0.23274739583333334,10,0.22041015625,0.23274739583333334
1137,shapesnew_seq3_cube,overlap_distance,bottom,16x16x16,shapesnew_seq3_cube;shapesnew_seq3_cube_999999_1,geometry_only,shapesnew,3,cube,success,/mnt/scratch/pmywe/GPU/3D_irregular_packing_stream/hpc/results/all_instances_geometry/shapesnew_seq3_cube__overlap_distance__bottom__instance_size__rng42.json,2.962920904159546,2.186070442199707,True,,10,0.22041015625,0.23274739583333334,10,0.22041015625,0.23274739583333334
1138,shapesnew_seq3_cube,overlap_distance,bottom_top,16x16x16,shapesnew_seq3_cube;shapesnew_seq3_cube_999999_1,geometry_only,shapesnew,3,cube,success,/mnt/scratch/pmywe/GPU/3D_irregular_packing_stream/hpc/results/all_instances_geometry/shapesnew_seq3_cube__overlap_distance__bottom_top__instance_size__rng42.json,3.6165637969970703,2.497523546218872,True,,10,0.22041015625,0.23274739583333334,10,0.22041015625,0.23274739583333334
1139,shapesnew_seq3_cube,overlap_distance,all,16x16x16,shapesnew_seq3_cube;shapesnew_seq3_cube_999999_1,geometry_only,shapesnew,3,cube,success,/mnt/scratch/pmywe/GPU/3D_irregular_packing_stream/hpc/results/all_instances_geometry/shapesnew_seq3_cube__overlap_distance__all__instance_size__rng42.json,3.6513309478759766,2.8711812496185303,True,,11,0.20037286931818182,0.20947265625,11,0.20037286931818182,0.20947265625
1140,shapesnew_seq3_cylinder,minimum_aabb_volume,bottom,19x19x19,shapesnew_seq3_cylinder;shapesnew_seq3_cylinder_999999_1,geometry_only,shapesnew,3,cylinder,success,/mnt/scratch/pmywe/GPU/3D_irregular_packing_stream/hpc/results/all_instances_geometry/shapesnew_seq3_cylinder__minimum_aabb_volume__bottom__instance_size__rng42.json,10.893533945083618,9.865226984024048,True,,8,0.20948401023963134,0.2275299459277216,8,0.20948401023963134,0.2275299459277216
1141,shapesnew_seq3_cylinder,minimum_aabb_volume,bottom_top,19x19x19,shapesnew_seq3_cylinder;shapesnew_seq3_cylinder_999999_1,geometry_only,shapesnew,3,cylinder,success,/mnt/scratch/pmywe/GPU/3D_irregular_packing_stream/hpc/results/all_instances_geometry/shapesnew_seq3_cylinder__minimum_aabb_volume__bottom_top__instance_size__rng42.json,10.912999629974365,10.146095275878906,True,,8,0.20948401023963134,0.2275299459277216,8,0.20948401023963134,0.2275299459277216
1142,shapesnew_seq3_cylinder,minimum_aabb_volume,all,19x19x19,shapesnew_seq3_cylinder;shapesnew_seq3_cylinder_999999_1,geometry_only,shapesnew,3,cylinder,success,/mnt/scratch/pmywe/GPU/3D_irregular_packing_stream/hpc/results/all_instances_geometry/shapesnew_seq3_cylinder__minimum_aabb_volume__all__instance_size__rng42.json,11.531785488128662,10.51418924331665,True,,9,0.18620800910189453,0.19222037448217832,9,0.18620800910189453,0.19222037448217832
1143,shapesnew_seq3_cylinder,minimum_aabb_edges_len,bottom,19x19x19,shapesnew_seq3_cylinder;shapesnew_seq3_cylinder_999999_1,geometry_only,shapesnew,3,cylinder,success,/mnt/scratch/pmywe/GPU/3D_irregular_packing_stream/hpc/results/all_instances_geometry/shapesnew_seq3_cylinder__minimum_aabb_edges_len__bottom__instance_size__rng42.json,10.749613761901855,9.971578121185303,True,,8,0.20948401023963134,0.2275299459277216,8,0.20948401023963134,0.2275299459277216
1144,shapesnew_seq3_cylinder,minimum_aabb_edges_len,bottom_top,19x19x19,shapesnew_seq3_cylinder;shapesnew_seq3_cylinder_999999_1,geometry_only,shapesnew,3,cylinder,success,/mnt/scratch/pmywe/GPU/3D_irregular_packing_stream/hpc/results/all_instances_geometry/shapesnew_seq3_cylinder__minimum_aabb_edges_len__bottom_top__instance_size__rng42.json,11.011489391326904,9.99668288230896,True,,8,0.20948401023963134,0.22275659041874843,8,0.20948401023963134,0.22275659041874843
1145,shapesnew_seq3_cylinder,minimum_aabb_edges_len,all,19x19x19,shapesnew_seq3_cylinder;shapesnew_seq3_cylinder_999999_1,geometry_only,shapesnew,3,cylinder,success,/mnt/scratch/pmywe/GPU/3D_irregular_packing_stream/hpc/results/all_instances_geometry/shapesnew_seq3_cylinder__minimum_aabb_edges_len__all__instance_size__rng42.json,10.829886198043823,10.051248788833618,True,,8,0.20948401023963134,0.2275299459277216,8,0.20948401023963134,0.2275299459277216
1146,shapesnew_seq3_cylinder,maximal_residual_box,bottom,19x19x19,shapesnew_seq3_cylinder;shapesnew_seq3_cylinder_999999_1,geometry_only,shapesnew,3,cylinder,success,/mnt/scratch/pmywe/GPU/3D_irregular_packing_stream/hpc/results/all_instances_geometry/shapesnew_seq3_cylinder__maximal_residual_box__bottom__instance_size__rng42.json,10.90812087059021,9.86819076538086,True,,8,0.20948401023963134,0.2275299459277216,8,0.20948401023963134,0.2275299459277216
1147,shapesnew_seq3_cylinder,maximal_residual_box,bottom_top,19x19x19,shapesnew_seq3_cylinder;shapesnew_seq3_cylinder_999999_1,geometry_only,shapesnew,3,cylinder,success,/mnt/scratch/pmywe/GPU/3D_irregular_packing_stream/hpc/results/all_instances_geometry/shapesnew_seq3_cylinder__maximal_residual_box__bottom_top__instance_size__rng42.json,10.913738012313843,10.129985809326172,True,,8,0.20948401023963134,0.2275299459277216,8,0.20948401023963134,0.2275299459277216
1148,shapesnew_seq3_cylinder,maximal_residual_box,all,19x19x19,shapesnew_seq3_cylinder;shapesnew_seq3_cylinder_999999_1,geometry_only,shapesnew,3,cylinder,success,/mnt/scratch/pmywe/GPU/3D_irregular_packing_stream/hpc/results/all_instances_geometry/shapesnew_seq3_cylinder__maximal_residual_box__all__instance_size__rng42.json,11.418473482131958,10.377863645553589,True,,9,0.18620800910189453,0.19973840940881107,9,0.18620800910189453,0.19973840940881107
1149,shapesnew_seq3_cylinder,overlap_distance,bottom,19x19x19,shapesnew_seq3_cylinder;shapesnew_seq3_cylinder_999999_1,geometry_only,shapesnew,3,cylinder,success,/mnt/scratch/pmywe/GPU/3D_irregular_packing_stream/hpc/results/all_instances_geometry/shapesnew_seq3_cylinder__overlap_distance__bottom__instance_size__rng42.json,11.413057804107666,10.539333581924438,True,,8,0.20948401023963134,0.22275659041874843,8,0.20948401023963134,0.22275659041874843
1150,shapesnew_seq3_cylinder,overlap_distance,bottom_top,19x19x19,shapesnew_seq3_cylinder;shapesnew_seq3_cylinder_999999_1,geometry_only,shapesnew,3,cylinder,success,/mnt/scratch/pmywe/GPU/3D_irregular_packing_stream/hpc/results/all_instances_geometry/shapesnew_seq3_cylinder__overlap_distance__bottom_top__instance_size__rng42.json,12.05341124534607,10.908773422241211,True,,8,0.20948401023963134,0.2275299459277216,8,0.20948401023963134,0.2275299459277216
1151,shapesnew_seq3_cylinder,overlap_distance,all,19x19x19,shapesnew_seq3_cylinder;shapesnew_seq3_cylinder_999999_1,geometry_only,shapesnew,3,cylinder,success,/mnt/scratch/pmywe/GPU/3D_irregular_packing_stream/hpc/results/all_instances_geometry/shapesnew_seq3_cylinder__overlap_distance__all__instance_size__rng42.json,12.080201387405396,11.292919874191284,True,,8,0.20948401023963134,0.21490707247065918,8,0.20948401023963134,0.21490707247065918
1152,shapesnew_seq53_cube,minimum_aabb_volume,bottom,16x16x16,shapesnew_seq53_cube;shapesnew_seq53_cube_999999_1,geometry_only,shapesnew,53,cube,success,/mnt/scratch/pmywe/GPU/3D_irregular_packing_stream/hpc/results/all_instances_geometry/shapesnew_seq53_cube__minimum_aabb_volume__bottom__instance_size__rng42.json,3.0883331298828125,2.0483644008636475,True,,9,0.2449001736111111,0.2554931640625,9,0.2449001736111111,0.2554931640625
1153,shapesnew_seq53_cube,minimum_aabb_volume,bottom_top,16x16x16,shapesnew_seq53_cube;shapesnew_seq53_cube_999999_1,geometry_only,shapesnew,53,cube,success,/mnt/scratch/pmywe/GPU/3D_irregular_packing_stream/hpc/results/all_instances_geometry/shapesnew_seq53_cube__minimum_aabb_volume__bottom_top__instance_size__rng42.json,2.97029709815979,2.1955008506774902,True,,9,0.2449001736111111,0.2554931640625,9,0.2449001736111111,0.2554931640625
1154,shapesnew_seq53_cube,minimum_aabb_volume,all,16x16x16,shapesnew_seq53_cube;shapesnew_seq53_cube_999999_1,geometry_only,shapesnew,53,cube,success,/mnt/scratch/pmywe/GPU/3D_irregular_packing_stream/hpc/results/all_instances_geometry/shapesnew_seq53_cube__minimum_aabb_volume__all__instance_size__rng42.json,3.3304388523101807,2.30686616897583,True,,10,0.22041015625,0.23350694444444445,10,0.22041015625,0.23350694444444445
1155,shapesnew_seq53_cube,minimum_aabb_edges_len,bottom,16x16x16,shapesnew_seq53_cube;shapesnew_seq53_cube_999999_1,geometry_only,shapesnew,53,cube,success,/mnt/scratch/pmywe/GPU/3D_irregular_packing_stream/hpc/results/all_instances_geometry/shapesnew_seq53_cube__minimum_aabb_edges_len__bottom__instance_size__rng42.json,2.884169340133667,2.1187925338745117,True,,10,0.22041015625,0.2400173611111111,10,0.22041015625,0.2400173611111111
1156,shapesnew_seq53_cube,minimum_aabb_edges_len,bottom_top,16x16x16,shapesnew_seq53_cube;shapesnew_seq53_cube_999999_1,geometry_only,shapesnew,53,cube,success,/mnt/scratch/pmywe/GPU/3D_irregular_packing_stream/hpc/results/all_instances_geometry/shapesnew_seq53_cube__minimum_aabb_edges_len__bottom_top__instance_size__rng42.json,3.2201380729675293,2.1675126552581787,True,,9,0.2449001736111111,0.2510986328125,9,0.2449001736111111,0.2510986328125
1157,shapesnew_seq53_cube,minimum_aabb_edges_len,all,16x16x16,shapesnew_seq53_cube;shapesnew_seq53_cube_999999_1,geometry_only,shapesnew,53,cube,success,/mnt/scratch/pmywe/GPU/3D_irregular_packing_stream/hpc/results/all_instances_geometry/shapesnew_seq53_cube__minimum_aabb_edges_len__all__instance_size__rng42.json,3.0068352222442627,2.2227249145507812,True,,9,0.2449001736111111,0.2498779296875,9,0.2449001736111111,0.2498779296875
1158,shapesnew_seq53_cube,maximal_residual_box,bottom,16x16x16,shapesnew_seq53_cube;shapesnew_seq53_cube_999999_1,geometry_only,shapesnew,53,cube,success,/mnt/scratch/pmywe/GPU/3D_irregular_packing_stream/hpc/results/all_instances_geometry/shapesnew_seq53_cube__maximal_residual_box__bottom__instance_size__rng42.json,3.1138813495635986,2.0924134254455566,True,,9,0.2449001736111111,0.2510986328125,9,0.2449001736111111,0.2510986328125
1159,shapesnew_seq53_cube,maximal_residual_box,bottom_top,16x16x16,shapesnew_seq53_cube;shapesnew_seq53_cube_999999_1,geometry_only,shapesnew,53,cube,success,/mnt/scratch/pmywe/GPU/3D_irregular_packing_stream/hpc/results/all_instances_geometry/shapesnew_seq53_cube__maximal_residual_box__bottom_top__instance_size__rng42.json,3.0672128200531006,2.295140027999878,True,,9,0.2449001736111111,0.2510986328125,9,0.2449001736111111,0.2510986328125
1160,shapesnew_seq53_cube,maximal_residual_box,all,16x16x16,shapesnew_seq53_cube;shapesnew_seq53_cube_999999_1,geometry_only,shapesnew,53,cube,success,/mnt/scratch/pmywe/GPU/3D_irregular_packing_stream/hpc/results/all_instances_geometry/shapesnew_seq53_cube__maximal_residual_box__all__instance_size__rng42.json,3.2391765117645264,2.199387311935425,True,,9,0.2449001736111111,0.2529296875,9,0.2449001736111111,0.2529296875
1161,shapesnew_seq53_cube,overlap_distance,bottom,16x16x16,shapesnew_seq53_cube;shapesnew_seq53_cube_999999_1,geometry_only,shapesnew,53,cube,success,/mnt/scratch/pmywe/GPU/3D_irregular_packing_stream/hpc/results/all_instances_geometry/shapesnew_seq53_cube__overlap_distance__bottom__instance_size__rng42.json,3.0951077938079834,2.3248775005340576,True,,10,0.22041015625,0.22862413194444445,10,0.22041015625,0.22862413194444445
1162,shapesnew_seq53_cube,overlap_distance,bottom_top,16x16x16,shapesnew_seq53_cube;shapesnew_seq53_cube_999999_1,geometry_only,shapesnew,53,cube,success,/mnt/scratch/pmywe/GPU/3D_irregular_packing_stream/hpc/results/all_instances_geometry/shapesnew_seq53_cube__overlap_distance__bottom_top__instance_size__rng42.json,3.514333724975586,2.740802764892578,True,,10,0.22041015625,0.2384982638888889,10,0.22041015625,0.2384982638888889
1163,shapesnew_seq53_cube,overlap_distance,all,16x16x16,shapesnew_seq53_cube;shapesnew_seq53_cube_999999_1,geometry_only,shapesnew,53,cube,success,/mnt/scratch/pmywe/GPU/3D_irregular_packing_stream/hpc/results/all_instances_geometry/shapesnew_seq53_cube__overlap_distance__all__instance_size__rng42.json,3.861133575439453,2.825545310974121,True,,10,0.22041015625,0.22819010416666666,10,0.22041015625,0.22819010416666666
1164,shapesnew_seq53_cylinder,minimum_aabb_volume,bottom,19x19x19,shapesnew_seq53_cylinder;shapesnew_seq53_cylinder_999999_1,geometry_only,shapesnew,53,cylinder,success,/mnt/scratch/pmywe/GPU/3D_irregular_packing_stream/hpc/results/all_instances_geometry/shapesnew_seq53_cylinder__minimum_aabb_volume__bottom__instance_size__rng42.json,10.83120083808899,10.063920736312866,True,,7,0.2394102974167215,0.2468885543807795,7,0.2394102974167215,0.2468885543807795
1165,shapesnew_seq53_cylinder,minimum_aabb_volume,bottom_top,19x19x19,shapesnew_seq53_cylinder;shapesnew_seq53_cylinder_999999_1,geometry_only,shapesnew,53,cylinder,success,/mnt/scratch/pmywe/GPU/3D_irregular_packing_stream/hpc/results/all_instances_geometry/shapesnew_seq53_cylinder__minimum_aabb_volume__bottom_top__instance_size__rng42.json,11.259917974472046,10.17034649848938,True,,8,0.20948401023963134,0.23463694190774834,8,0.20948401023963134,0.23463694190774834
1166,shapesnew_seq53_cylinder,minimum_aabb_volume,all,19x19x19,shapesnew_seq53_cylinder;shapesnew_seq53_cylinder_999999_1,geometry_only,shapesnew,53,cylinder,success,/mnt/scratch/pmywe/GPU/3D_irregular_packing_stream/hpc/results/all_instances_geometry/shapesnew_seq53_cylinder__minimum_aabb_volume__all__instance_size__rng42.json,11.332005977630615,10.476061582565308,True,,9,0.18620800910189453,0.19556172333845956,9,0.18620800910189453,0.19556172333845956
1167,shapesnew_seq53_cylinder,minimum_aabb_edges_len,bottom,19x19x19,shapesnew_seq53_cylinder;shapesnew_seq53_cylinder_999999_1,geometry_only,shapesnew,53,cylinder,success,/mnt/scratch/pmywe/GPU/3D_irregular_packing_stream/hpc/results/all_instances_geometry/shapesnew_seq53_cylinder__minimum_aabb_edges_len__bottom__instance_size__rng42.json,10.981227397918701,9.940045595169067,True,,8,0.20948401023963134,0.23315189797162336,8,0.20948401023963134,0.23315189797162336
1168,shapesnew_seq53_cylinder,minimum_aabb_edges_len,bottom_top,19x19x19,shapesnew_seq53_cylinder;shapesnew_seq53_cylinder_999999_1,geometry_only,shapesnew,53,cylinder,success,/mnt/scratch/pmywe/GPU/3D_irregular_packing_stream/hpc/results/all_instances_geometry/shapesnew_seq53_cylinder__minimum_aabb_edges_len__bottom_top__instance_size__rng42.json,11.010634183883667,10.236833572387695,True,,8,0.20948401023963134,0.22827246789578412,8,0.20948401023963134,0.22827246789578412
1169,shapesnew_seq53_cylinder,minimum_aabb_edges_len,all,19x19x19,shapesnew_seq53_cylinder;shapesnew_seq53_cylinder_999999_1,geometry_only,shapesnew,53,cylinder,success,/mnt/scratch/pmywe/GPU/3D_irregular_packing_stream/hpc/results/all_instances_geometry/shapesnew_seq53_cylinder__minimum_aabb_edges_len__all__instance_size__rng42.json,11.425912857055664,10.31883692741394,True,,9,0.18620800910189453,0.20391509547916262,9,0.18620800910189453,0.20391509547916262
1170,shapesnew_seq53_cylinder,maximal_residual_box,bottom,19x19x19,shapesnew_seq53_cylinder;shapesnew_seq53_cylinder_999999_1,geometry_only,shapesnew,53,cylinder,success,/mnt/scratch/pmywe/GPU/3D_irregular_packing_stream/hpc/results/all_instances_geometry/shapesnew_seq53_cylinder__maximal_residual_box__bottom__instance_size__rng42.json,10.790852546691895,10.005298137664795,True,,7,0.2394102974167215,0.2468885543807795,7,0.2394102974167215,0.2468885543807795
1171,shapesnew_seq53_cylinder,maximal_residual_box,bottom_top,19x19x19,shapesnew_seq53_cylinder;shapesnew_seq53_cylinder_999999_1,geometry_only,shapesnew,53,cylinder,success,/mnt/scratch/pmywe/GPU/3D_irregular_packing_stream/hpc/results/all_instances_geometry/shapesnew_seq53_cylinder__maximal_residual_box__bottom_top__instance_size__rng42.json,11.179837226867676,10.135138034820557,True,,8,0.20948401023963134,0.23463694190774834,8,0.20948401023963134,0.23463694190774834
1172,shapesnew_seq53_cylinder,maximal_residual_box,all,19x19x19,shapesnew_seq53_cylinder;shapesnew_seq53_cylinder_999999_1,geometry_only,shapesnew,53,cylinder,success,/mnt/scratch/pmywe/GPU/3D_irregular_packing_stream/hpc/results/all_instances_geometry/shapesnew_seq53_cylinder__maximal_residual_box__all__instance_size__rng42.json,11.182722330093384,10.389561653137207,True,,8,0.20948401023963134,0.21713463837484667,8,0.20948401023963134,0.21713463837484667
1173,shapesnew_seq53_cylinder,overlap_distance,bottom,19x19x19,shapesnew_seq53_cylinder;shapesnew_seq53_cylinder_999999_1,geometry_only,shapesnew,53,cylinder,success,/mnt/scratch/pmywe/GPU/3D_irregular_packing_stream/hpc/results/all_instances_geometry/shapesnew_seq53_cylinder__overlap_distance__bottom__instance_size__rng42.json,11.358419179916382,10.34579610824585,True,,8,0.20948401023963134,0.22986358639877516,8,0.20948401023963134,0.22986358639877516
1174,shapesnew_seq53_cylinder,overlap_distance,bottom_top,19x19x19,shapesnew_seq53_cylinder;shapesnew_seq53_cylinder_999999_1,geometry_only,shapesnew,53,cylinder,success,/mnt/scratch/pmywe/GPU/3D_irregular_packing_stream/hpc/results/all_instances_geometry/shapesnew_seq53_cylinder__overlap_distance__bottom_top__instance_size__rng42.json,11.738322257995605,10.939675331115723,True,,8,0.20948401023963134,0.2134220285345342,8,0.20948401023963134,0.2134220285345342
1175,shapesnew_seq53_cylinder,overlap_distance,all,19x19x19,shapesnew_seq53_cylinder;shapesnew_seq53_cylinder_999999_1,geometry_only,shapesnew,53,cylinder,success,/mnt/scratch/pmywe/GPU/3D_irregular_packing_stream/hpc/results/all_instances_geometry/shapesnew_seq53_cylinder__overlap_distance__all__instance_size__rng42.json,12.122435808181763,11.088897466659546,True,,8,0.20948401023963134,0.21183091003154314,8,0.20948401023963134,0.21183091003154314
1176,shapesnew_seq7_cube,minimum_aabb_volume,bottom,16x16x16,shapesnew_seq7_cube;shapesnew_seq7_cube_999999_1,geometry_only,shapesnew,7,cube,success,/mnt/scratch/pmywe/GPU/3D_irregular_packing_stream/hpc/results/all_instances_geometry/shapesnew_seq7_cube__minimum_aabb_volume__bottom__instance_size__rng42.json,2.933911085128784,2.0622031688690186,True,,9,0.2449001736111111,0.251220703125,9,0.2449001736111111,0.251220703125
1177,shapesnew_seq7_cube,minimum_aabb_volume,bottom_top,16x16x16,shapesnew_seq7_cube;shapesnew_seq7_cube_999999_1,geometry_only,shapesnew,7,cube,success,/mnt/scratch/pmywe/GPU/3D_irregular_packing_stream/hpc/results/all_instances_geometry/shapesnew_seq7_cube__minimum_aabb_volume__bottom_top__instance_size__rng42.json,3.2392921447753906,2.1681976318359375,True,,9,0.2449001736111111,0.251220703125,9,0.2449001736111111,0.251220703125
1178,shapesnew_seq7_cube,minimum_aabb_volume,all,16x16x16,shapesnew_seq7_cube;shapesnew_seq7_cube_999999_1,geometry_only,shapesnew,7,cube,success,/mnt/scratch/pmywe/GPU/3D_irregular_packing_stream/hpc/results/all_instances_geometry/shapesnew_seq7_cube__minimum_aabb_volume__all__instance_size__rng42.json,3.1184334754943848,2.34562611579895,True,,10,0.22041015625,0.22786458333333334,10,0.22041015625,0.22786458333333334
1179,shapesnew_seq7_cube,minimum_aabb_edges_len,bottom,16x16x16,shapesnew_seq7_cube;shapesnew_seq7_cube_999999_1,geometry_only,shapesnew,7,cube,success,/mnt/scratch/pmywe/GPU/3D_irregular_packing_stream/hpc/results/all_instances_geometry/shapesnew_seq7_cube__minimum_aabb_edges_len__bottom__instance_size__rng42.json,3.0261480808258057,1.9871633052825928,True,,9,0.2449001736111111,0.2545166015625,9,0.2449001736111111,0.2545166015625
1180,shapesnew_seq7_cube,minimum_aabb_edges_len,bottom_top,16x16x16,shapesnew_seq7_cube;shapesnew_seq7_cube_999999_1,geometry_only,shapesnew,7,cube,success,/mnt/scratch/pmywe/GPU/3D_irregular_packing_stream/hpc/results/all_instances_geometry/shapesnew_seq7_cube__minimum_aabb_edges_len__bottom_top__instance_size__rng42.json,2.9609150886535645,2.182121753692627,True,,9,0.2449001736111111,0.2529296875,9,0.2449001736111111,0.2529296875
1181,shapesnew_seq7_cube,minimum_aabb_edges_len,all,16x16x16,shapesnew_seq7_cube;shapesnew_seq7_cube_999999_1,geometry_only,shapesnew,7,cube,success,/mnt/scratch/pmywe/GPU/3D_irregular_packing_stream/hpc/results/all_instances_geometry/shapesnew_seq7_cube__minimum_aabb_edges_len__all__instance_size__rng42.json,3.32861590385437,2.2270233631134033,True,,10,0.22041015625,0.23274739583333334,10,0.22041015625,0.23274739583333334
1182,shapesnew_seq7_cube,maximal_residual_box,bottom,16x16x16,shapesnew_seq7_cube;shapesnew_seq7_cube_999999_1,geometry_only,shapesnew,7,cube,success,/mnt/scratch/pmywe/GPU/3D_irregular_packing_stream/hpc/results/all_instances_geometry/shapesnew_seq7_cube__maximal_residual_box__bottom__instance_size__rng42.json,2.818321704864502,2.0295028686523438,True,,9,0.2449001736111111,0.2529296875,9,0.2449001736111111,0.2529296875
1183,shapesnew_seq7_cube,maximal_residual_box,bottom_top,16x16x16,shapesnew_seq7_cube;shapesnew_seq7_cube_999999_1,geometry_only,shapesnew,7,cube,success,/mnt/scratch/pmywe/GPU/3D_irregular_packing_stream/hpc/results/all_instances_geometry/shapesnew_seq7_cube__maximal_residual_box__bottom_top__instance_size__rng42.json,3.197537660598755,2.1474051475524902,True,,10,0.22041015625,0.2400173611111111,10,0.22041015625,0.2400173611111111
1184,shapesnew_seq7_cube,maximal_residual_box,all,16x16x16,shapesnew_seq7_cube;shapesnew_seq7_cube_999999_1,geometry_only,shapesnew,7,cube,success,/mnt/scratch/pmywe/GPU/3D_irregular_packing_stream/hpc/results/all_instances_geometry/shapesnew_seq7_cube__maximal_residual_box__all__instance_size__rng42.json,3.1299798488616943,2.351808786392212,True,,10,0.22041015625,0.23274739583333334,10,0.22041015625,0.23274739583333334
1185,shapesnew_seq7_cube,overlap_distance,bottom,16x16x16,shapesnew_seq7_cube;shapesnew_seq7_cube_999999_1,geometry_only,shapesnew,7,cube,success,/mnt/scratch/pmywe/GPU/3D_irregular_packing_stream/hpc/results/all_instances_geometry/shapesnew_seq7_cube__overlap_distance__bottom__instance_size__rng42.json,3.248626708984375,2.2147130966186523,True,,10,0.22041015625,0.23274739583333334,10,0.22041015625,0.23274739583333334
1186,shapesnew_seq7_cube,overlap_distance,bottom_top,16x16x16,shapesnew_seq7_cube;shapesnew_seq7_cube_999999_1,geometry_only,shapesnew,7,cube,success,/mnt/scratch/pmywe/GPU/3D_irregular_packing_stream/hpc/results/all_instances_geometry/shapesnew_seq7_cube__overlap_distance__bottom_top__instance_size__rng42.json,3.377802848815918,2.5909416675567627,True,,10,0.22041015625,0.23274739583333334,10,0.22041015625,0.23274739583333334
1187,shapesnew_seq7_cube,overlap_distance,all,16x16x16,shapesnew_seq7_cube;shapesnew_seq7_cube_999999_1,geometry_only,shapesnew,7,cube,success,/mnt/scratch/pmywe/GPU/3D_irregular_packing_stream/hpc/results/all_instances_geometry/shapesnew_seq7_cube__overlap_distance__all__instance_size__rng42.json,3.789689779281616,2.7797815799713135,True,,11,0.20037286931818182,0.20947265625,11,0.20037286931818182,0.20947265625
1188,shapesnew_seq7_cylinder,minimum_aabb_volume,bottom,19x19x19,shapesnew_seq7_cylinder;shapesnew_seq7_cylinder_999999_1,geometry_only,shapesnew,7,cylinder,success,/mnt/scratch/pmywe/GPU/3D_irregular_packing_stream/hpc/results/all_instances_geometry/shapesnew_seq7_cylinder__minimum_aabb_volume__bottom__instance_size__rng42.json,10.82655644416809,10.050237655639648,True,,8,0.20948401023963134,0.23463694190774834,8,0.20948401023963134,0.23463694190774834
1189,shapesnew_seq7_cylinder,minimum_aabb_volume,bottom_top,19x19x19,shapesnew_seq7_cylinder;shapesnew_seq7_cylinder_999999_1,geometry_only,shapesnew,7,cylinder,success,/mnt/scratch/pmywe/GPU/3D_irregular_packing_stream/hpc/results/all_instances_geometry/shapesnew_seq7_cylinder__minimum_aabb_volume__bottom_top__instance_size__rng42.json,11.136573553085327,10.11669397354126,True,,8,0.20948401023963134,0.22668134939279302,8,0.20948401023963134,0.22668134939279302
1190,shapesnew_seq7_cylinder,minimum_aabb_volume,all,19x19x19,shapesnew_seq7_cylinder;shapesnew_seq7_cylinder_999999_1,geometry_only,shapesnew,7,cylinder,success,/mnt/scratch/pmywe/GPU/3D_irregular_packing_stream/hpc/results/all_instances_geometry/shapesnew_seq7_cylinder__minimum_aabb_volume__all__instance_size__rng42.json,11.253613948822021,10.472611427307129,True,,9,0.18620800910189453,0.2053073241692798,9,0.18620800910189453,0.2053073241692798
1191,shapesnew_seq7_cylinder,minimum_aabb_edges_len,bottom,19x19x19,shapesnew_seq7_cylinder;shapesnew_seq7_cylinder_999999_1,geometry_only,shapesnew,7,cylinder,success,/mnt/scratch/pmywe/GPU/3D_irregular_packing_stream/hpc/results/all_instances_geometry/shapesnew_seq7_cylinder__minimum_aabb_edges_len__bottom__instance_size__rng42.json,11.043714761734009,10.006011009216309,True,,8,0.20948401023963134,0.2282724678957841,8,0.20948401023963134,0.2282724678957841
1192,shapesnew_seq7_cylinder,minimum_aabb_edges_len,bottom_top,19x19x19,shapesnew_seq7_cylinder;shapesnew_seq7_cylinder_999999_1,geometry_only,shapesnew,7,cylinder,success,/mnt/scratch/pmywe/GPU/3D_irregular_packing_stream/hpc/results/all_instances_geometry/shapesnew_seq7_cylinder__minimum_aabb_edges_len__bottom_top__instance_size__rng42.json,10.85168194770813,10.067879438400269,True,,8,0.20948401023963134,0.2282724678957841,8,0.20948401023963134,0.2282724678957841
1193,shapesnew_seq7_cylinder,minimum_aabb_edges_len,all,19x19x19,shapesnew_seq7_cylinder;shapesnew_seq7_cylinder_999999_1,geometry_only,shapesnew,7,cylinder,success,/mnt/scratch/pmywe/GPU/3D_irregular_packing_stream/hpc/results/all_instances_geometry/shapesnew_seq7_cylinder__minimum_aabb_edges_len__all__instance_size__rng42.json,11.123831510543823,10.116640567779541,True,,8,0.20948401023963134,0.2275299459277216,8,0.20948401023963134,0.2275299459277216
1194,shapesnew_seq7_cylinder,maximal_residual_box,bottom,19x19x19,shapesnew_seq7_cylinder;shapesnew_seq7_cylinder_999999_1,geometry_only,shapesnew,7,cylinder,success,/mnt/scratch/pmywe/GPU/3D_irregular_packing_stream/hpc/results/all_instances_geometry/shapesnew_seq7_cylinder__maximal_residual_box__bottom__instance_size__rng42.json,10.87338662147522,10.015374422073364,True,,7,0.2394102974167215,0.2507249178824357,7,0.2394102974167215,0.2507249178824357
1195,shapesnew_seq7_cylinder,maximal_residual_box,bottom_top,19x19x19,shapesnew_seq7_cylinder;shapesnew_seq7_cylinder_999999_1,geometry_only,shapesnew,7,cylinder,success,/mnt/scratch/pmywe/GPU/3D_irregular_packing_stream/hpc/results/all_instances_geometry/shapesnew_seq7_cylinder__maximal_residual_box__bottom_top__instance_size__rng42.json,11.122588157653809,10.095536947250366,True,,7,0.2394102974167215,0.24503224946062327,7,0.2394102974167215,0.24503224946062327
1196,shapesnew_seq7_cylinder,maximal_residual_box,all,19x19x19,shapesnew_seq7_cylinder;shapesnew_seq7_cylinder_999999_1,geometry_only,shapesnew,7,cylinder,success,/mnt/scratch/pmywe/GPU/3D_irregular_packing_stream/hpc/results/all_instances_geometry/shapesnew_seq7_cylinder__maximal_residual_box__all__instance_size__rng42.json,11.168721675872803,10.394523859024048,True,,9,0.18620800910189453,0.2053073241692798,9,0.18620800910189453,0.2053073241692798
1197,shapesnew_seq7_cylinder,overlap_distance,bottom,19x19x19,shapesnew_seq7_cylinder;shapesnew_seq7_cylinder_999999_1,geometry_only,shapesnew,7,cylinder,success,/mnt/scratch/pmywe/GPU/3D_irregular_packing_stream/hpc/results/all_instances_geometry/shapesnew_seq7_cylinder__overlap_distance__bottom__instance_size__rng42.json,11.471158742904663,10.32836389541626,True,,8,0.20948401023963134,0.2282724678957841,8,0.20948401023963134,0.2282724678957841
1198,shapesnew_seq7_cylinder,overlap_distance,bottom_top,19x19x19,shapesnew_seq7_cylinder;shapesnew_seq7_cylinder_999999_1,geometry_only,shapesnew,7,cylinder,success,/mnt/scratch/pmywe/GPU/3D_irregular_packing_stream/hpc/results/all_instances_geometry/shapesnew_seq7_cylinder__overlap_distance__bottom_top__instance_size__rng42.json,11.946943044662476,11.162263870239258,True,,8,0.20948401023963134,0.22190799388381985,8,0.20948401023963134,0.22190799388381985
1199,shapesnew_seq7_cylinder,overlap_distance,all,19x19x19,shapesnew_seq7_cylinder;shapesnew_seq7_cylinder_999999_1,geometry_only,shapesnew,7,cylinder,success,/mnt/scratch/pmywe/GPU/3D_irregular_packing_stream/hpc/results/all_instances_geometry/shapesnew_seq7_cylinder__overlap_distance__all__instance_size__rng42.json,12.477491855621338,11.421654462814331,True,,9,0.18620800910189453,0.19973840940881107,9,0.18620800910189453,0.19973840940881107
1200,st04_Example2_normal_seq13_cube,minimum_aabb_volume,bottom,148x148x148,st04_Example2_normal_seq13_cube;st04_Example2_normal_seq13_cube_999999_1,geometry_only,st04_Example2_normal,13,cube,success,/mnt/scratch/pmywe/GPU/3D_irregular_packing_stream/hpc/results/all_instances_geometry/st04_Example2_normal_seq13_cube__minimum_aabb_volume__bottom__instance_size__rng42.json,54.26212954521179,52.91680383682251,True,,2,0.10738597664501609,0.19787728515586442,2,0.10738597664501609,0.19787728515586442
1201,st04_Example2_normal_seq13_cube,minimum_aabb_volume,bottom_top,148x148x148,st04_Example2_normal_seq13_cube;st04_Example2_normal_seq13_cube_999999_1,geometry_only,st04_Example2_normal,13,cube,success,/mnt/scratch/pmywe/GPU/3D_irregular_packing_stream/hpc/results/all_instances_geometry/st04_Example2_normal_seq13_cube__minimum_aabb_volume__bottom_top__instance_size__rng42.json,62.066290855407715,60.6304452419281,True,,2,0.10738597664501609,0.19787728515586442,2,0.10738597664501609,0.19787728515586442
1202,st04_Example2_normal_seq13_cube,minimum_aabb_volume,all,148x148x148,st04_Example2_normal_seq13_cube;st04_Example2_normal_seq13_cube_999999_1,geometry_only,st04_Example2_normal,13,cube,success,/mnt/scratch/pmywe/GPU/3D_irregular_packing_stream/hpc/results/all_instances_geometry/st04_Example2_normal_seq13_cube__minimum_aabb_volume__all__instance_size__rng42.json,95.10495066642761,93.82426142692566,True,,2,0.10738597664501609,0.19787728515586442,2,0.10738597664501609,0.19787728515586442
1203,st04_Example2_normal_seq13_cube,minimum_aabb_edges_len,bottom,148x148x148,st04_Example2_normal_seq13_cube;st04_Example2_normal_seq13_cube_999999_1,geometry_only,st04_Example2_normal,13,cube,success,/mnt/scratch/pmywe/GPU/3D_irregular_packing_stream/hpc/results/all_instances_geometry/st04_Example2_normal_seq13_cube__minimum_aabb_edges_len__bottom__instance_size__rng42.json,57.37992596626282,55.81317090988159,True,,2,0.10738597664501609,0.1922890179258879,2,0.10738597664501609,0.1922890179258879
1204,st04_Example2_normal_seq13_cube,minimum_aabb_edges_len,bottom_top,148x148x148,st04_Example2_normal_seq13_cube;st04_Example2_normal_seq13_cube_999999_1,geometry_only,st04_Example2_normal,13,cube,success,/mnt/scratch/pmywe/GPU/3D_irregular_packing_stream/hpc/results/all_instances_geometry/st04_Example2_normal_seq13_cube__minimum_aabb_edges_len__bottom_top__instance_size__rng42.json,68.63750433921814,67.17445015907288,True,,2,0.10738597664501609,0.1922890179258879,2,0.10738597664501609,0.1922890179258879
1205,st04_Example2_normal_seq13_cube,minimum_aabb_edges_len,all,148x148x148,st04_Example2_normal_seq13_cube;st04_Example2_normal_seq13_cube_999999_1,geometry_only,st04_Example2_normal,13,cube,success,/mnt/scratch/pmywe/GPU/3D_irregular_packing_stream/hpc/results/all_instances_geometry/st04_Example2_normal_seq13_cube__minimum_aabb_edges_len__all__instance_size__rng42.json,95.9751296043396,94.67192530632019,True,,2,0.10738597664501609,0.19787728515586442,2,0.10738597664501609,0.19787728515586442
1206,st04_Example2_normal_seq13_cube,maximal_residual_box,bottom,148x148x148,st04_Example2_normal_seq13_cube;st04_Example2_normal_seq13_cube_999999_1,geometry_only,st04_Example2_normal,13,cube,success,/mnt/scratch/pmywe/GPU/3D_irregular_packing_stream/hpc/results/all_instances_geometry/st04_Example2_normal_seq13_cube__maximal_residual_box__bottom__instance_size__rng42.json,57.35924816131592,55.802467346191406,True,,2,0.10738597664501609,0.19787728515586442,2,0.10738597664501609,0.19787728515586442
1207,st04_Example2_normal_seq13_cube,maximal_residual_box,bottom_top,148x148x148,st04_Example2_normal_seq13_cube;st04_Example2_normal_seq13_cube_999999_1,geometry_only,st04_Example2_normal,13,cube,success,/mnt/scratch/pmywe/GPU/3D_irregular_packing_stream/hpc/results/all_instances_geometry/st04_Example2_normal_seq13_cube__maximal_residual_box__bottom_top__instance_size__rng42.json,63.129526138305664,61.57834076881409,True,,2,0.10738597664501609,0.19787728515586442,2,0.10738597664501609,0.19787728515586442
1208,st04_Example2_normal_seq13_cube,maximal_residual_box,all,148x148x148,st04_Example2_normal_seq13_cube;st04_Example2_normal_seq13_cube_999999_1,geometry_only,st04_Example2_normal,13,cube,success,/mnt/scratch/pmywe/GPU/3D_irregular_packing_stream/hpc/results/all_instances_geometry/st04_Example2_normal_seq13_cube__maximal_residual_box__all__instance_size__rng42.json,93.46032762527466,92.0703649520874,True,,2,0.10738597664501609,0.19787728515586442,2,0.10738597664501609,0.19787728515586442
1209,st04_Example2_normal_seq13_cube,overlap_distance,bottom,148x148x148,st04_Example2_normal_seq13_cube;st04_Example2_normal_seq13_cube_999999_1,geometry_only,st04_Example2_normal,13,cube,success,/mnt/scratch/pmywe/GPU/3D_irregular_packing_stream/hpc/results/all_instances_geometry/st04_Example2_normal_seq13_cube__overlap_distance__bottom__instance_size__rng42.json,213.8415925502777,212.51200199127197,True,,2,0.10738597664501609,0.1922890179258879,2,0.10738597664501609,0.1922890179258879
1210,st04_Example2_normal_seq13_cube,overlap_distance,bottom_top,148x148x148,st04_Example2_normal_seq13_cube;st04_Example2_normal_seq13_cube_999999_1,geometry_only,st04_Example2_normal,13,cube,success,/mnt/scratch/pmywe/GPU/3D_irregular_packing_stream/hpc/results/all_instances_geometry/st04_Example2_normal_seq13_cube__overlap_distance__bottom_top__instance_size__rng42.json,276.74283814430237,275.1577408313751,True,,2,0.10738597664501609,0.17945352447041638,2,0.10738597664501609,0.17945352447041638
1211,st04_Example2_normal_seq13_cube,overlap_distance,all,148x148x148,st04_Example2_normal_seq13_cube;st04_Example2_normal_seq13_cube_999999_1,geometry_only,st04_Example2_normal,13,cube,success,/mnt/scratch/pmywe/GPU/3D_irregular_packing_stream/hpc/results/all_instances_geometry/st04_Example2_normal_seq13_cube__overlap_distance__all__instance_size__rng42.json,559.0832617282867,557.5548255443573,True,,2,0.10738597664501609,0.17945352447041638,2,0.10738597664501609,0.17945352447041638
1212,st04_Example2_normal_seq13_cylinder,minimum_aabb_volume,bottom,180x180x180,st04_Example2_normal_seq13_cylinder;st04_Example2_normal_seq13_cylinder_999999_1,geometry_only,st04_Example2_normal,13,cylinder,success,/mnt/scratch/pmywe/GPU/3D_irregular_packing_stream/hpc/results/all_instances_geometry/st04_Example2_normal_seq13_cylinder__minimum_aabb_volume__bottom__instance_size__rng42.json,438.8665075302124,437.3284955024719,True,,1,0.15200410494919037,0.15200410494919037,1,0.15200410494919037,0.15200410494919037
1213,st04_Example2_normal_seq13_cylinder,minimum_aabb_volume,bottom_top,180x180x180,st04_Example2_normal_seq13_cylinder;st04_Example2_normal_seq13_cylinder_999999_1,geometry_only,st04_Example2_normal,13,cylinder,success,/mnt/scratch/pmywe/GPU/3D_irregular_packing_stream/hpc/results/all_instances_geometry/st04_Example2_normal_seq13_cylinder__minimum_aabb_volume__bottom_top__instance_size__rng42.json,467.7737948894501,465.9188575744629,True,,1,0.15200410494919037,0.15200410494919037,1,0.15200410494919037,0.15200410494919037
1214,st04_Example2_normal_seq13_cylinder,minimum_aabb_volume,all,180x180x180,st04_Example2_normal_seq13_cylinder;st04_Example2_normal_seq13_cylinder_999999_1,geometry_only,st04_Example2_normal,13,cylinder,success,/mnt/scratch/pmywe/GPU/3D_irregular_packing_stream/hpc/results/all_instances_geometry/st04_Example2_normal_seq13_cylinder__minimum_aabb_volume__all__instance_size__rng42.json,540.1117579936981,538.3497841358185,True,,1,0.15200410494919037,0.15200410494919037,1,0.15200410494919037,0.15200410494919037
1215,st04_Example2_normal_seq13_cylinder,minimum_aabb_edges_len,bottom,180x180x180,st04_Example2_normal_seq13_cylinder;st04_Example2_normal_seq13_cylinder_999999_1,geometry_only,st04_Example2_normal,13,cylinder,success,/mnt/scratch/pmywe/GPU/3D_irregular_packing_stream/hpc/results/all_instances_geometry/st04_Example2_normal_seq13_cylinder__minimum_aabb_edges_len__bottom__instance_size__rng42.json,442.5168716907501,440.98021125793457,True,,1,0.15200410494919037,0.15200410494919037,1,0.15200410494919037,0.15200410494919037
1216,st04_Example2_normal_seq13_cylinder,minimum_aabb_edges_len,bottom_top,180x180x180,st04_Example2_normal_seq13_cylinder;st04_Example2_normal_seq13_cylinder_999999_1,geometry_only,st04_Example2_normal,13,cylinder,success,/mnt/scratch/pmywe/GPU/3D_irregular_packing_stream/hpc/results/all_instances_geometry/st04_Example2_normal_seq13_cylinder__minimum_aabb_edges_len__bottom_top__instance_size__rng42.json,473.4398171901703,471.64482402801514,True,,1,0.15200410494919037,0.15200410494919037,1,0.15200410494919037,0.15200410494919037
1217,st04_Example2_normal_seq13_cylinder,minimum_aabb_edges_len,all,180x180x180,st04_Example2_normal_seq13_cylinder;st04_Example2_normal_seq13_cylinder_999999_1,geometry_only,st04_Example2_normal,13,cylinder,success,/mnt/scratch/pmywe/GPU/3D_irregular_packing_stream/hpc/results/all_instances_geometry/st04_Example2_normal_seq13_cylinder__minimum_aabb_edges_len__all__instance_size__rng42.json,561.4262275695801,559.8885526657104,True,,1,0.15200410494919037,0.15200410494919037,1,0.15200410494919037,0.15200410494919037
1218,st04_Example2_normal_seq13_cylinder,maximal_residual_box,bottom,180x180x180,st04_Example2_normal_seq13_cylinder;st04_Example2_normal_seq13_cylinder_999999_1,geometry_only,st04_Example2_normal,13,cylinder,success,/mnt/scratch/pmywe/GPU/3D_irregular_packing_stream/hpc/results/all_instances_geometry/st04_Example2_normal_seq13_cylinder__maximal_residual_box__bottom__instance_size__rng42.json,448.78203320503235,446.9769287109375,True,,1,0.15200410494919037,0.15200410494919037,1,0.15200410494919037,0.15200410494919037
1219,st04_Example2_normal_seq13_cylinder,maximal_residual_box,bottom_top,180x180x180,st04_Example2_normal_seq13_cylinder;st04_Example2_normal_seq13_cylinder_999999_1,geometry_only,st04_Example2_normal,13,cylinder,success,/mnt/scratch/pmywe/GPU/3D_irregular_packing_stream/hpc/results/all_instances_geometry/st04_Example2_normal_seq13_cylinder__maximal_residual_box__bottom_top__instance_size__rng42.json,468.3543293476105,466.5235080718994,True,,1,0.15200410494919037,0.15200410494919037,1,0.15200410494919037,0.15200410494919037
1220,st04_Example2_normal_seq13_cylinder,maximal_residual_box,all,180x180x180,st04_Example2_normal_seq13_cylinder;st04_Example2_normal_seq13_cylinder_999999_1,geometry_only,st04_Example2_normal,13,cylinder,success,/mnt/scratch/pmywe/GPU/3D_irregular_packing_stream/hpc/results/all_instances_geometry/st04_Example2_normal_seq13_cylinder__maximal_residual_box__all__instance_size__rng42.json,537.495335817337,535.7166271209717,True,,1,0.15200410494919037,0.15200410494919037,1,0.15200410494919037,0.15200410494919037
1221,st04_Example2_normal_seq13_cylinder,overlap_distance,bottom,180x180x180,st04_Example2_normal_seq13_cylinder;st04_Example2_normal_seq13_cylinder_999999_1,geometry_only,st04_Example2_normal,13,cylinder,success,/mnt/scratch/pmywe/GPU/3D_irregular_packing_stream/hpc/results/all_instances_geometry/st04_Example2_normal_seq13_cylinder__overlap_distance__bottom__instance_size__rng42.json,842.0481269359589,840.514398097992,True,,1,0.15200410494919037,0.15200410494919037,1,0.15200410494919037,0.15200410494919037
1222,st04_Example2_normal_seq13_cylinder,overlap_distance,bottom_top,180x180x180,st04_Example2_normal_seq13_cylinder;st04_Example2_normal_seq13_cylinder_999999_1,geometry_only,st04_Example2_normal,13,cylinder,success,/mnt/scratch/pmywe/GPU/3D_irregular_packing_stream/hpc/results/all_instances_geometry/st04_Example2_normal_seq13_cylinder__overlap_distance__bottom_top__instance_size__rng42.json,1114.3915140628815,1112.585990190506,True,,1,0.15200410494919037,0.15200410494919037,1,0.15200410494919037,0.15200410494919037
1223,st04_Example2_normal_seq13_cylinder,overlap_distance,all,180x180x180,st04_Example2_normal_seq13_cylinder;st04_Example2_normal_seq13_cylinder_999999_1,geometry_only,st04_Example2_normal,13,cylinder,success,/mnt/scratch/pmywe/GPU/3D_irregular_packing_stream/hpc/results/all_instances_geometry/st04_Example2_normal_seq13_cylinder__overlap_distance__all__instance_size__rng42.json,1314.7949891090393,1313.0423974990845,True,,2,0.07600205247459518,0.13206891130912568,2,0.07600205247459518,0.13206891130912568
1224,st04_Example2_normal_seq19_cube,minimum_aabb_volume,bottom,148x148x148,st04_Example2_normal_seq19_cube;st04_Example2_normal_seq19_cube_999999_1,geometry_only,st04_Example2_normal,19,cube,success,/mnt/scratch/pmywe/GPU/3D_irregular_packing_stream/hpc/results/all_instances_geometry/st04_Example2_normal_seq19_cube__minimum_aabb_volume__bottom__instance_size__rng42.json,57.73148989677429,56.403878927230835,True,,2,0.10738597664501609,0.20193645983456063,2,0.10738597664501609,0.20193645983456063
1225,st04_Example2_normal_seq19_cube,minimum_aabb_volume,bottom_top,148x148x148,st04_Example2_normal_seq19_cube;st04_Example2_normal_seq19_cube_999999_1,geometry_only,st04_Example2_normal,19,cube,success,/mnt/scratch/pmywe/GPU/3D_irregular_packing_stream/hpc/results/all_instances_geometry/st04_Example2_normal_seq19_cube__minimum_aabb_volume__bottom_top__instance_size__rng42.json,67.68101501464844,66.47965788841248,True,,2,0.10738597664501609,0.20193645983456063,2,0.10738597664501609,0.20193645983456063
1226,st04_Example2_normal_seq19_cube,minimum_aabb_volume,all,148x148x148,st04_Example2_normal_seq19_cube;st04_Example2_normal_seq19_cube_999999_1,geometry_only,st04_Example2_normal,19,cube,success,/mnt/scratch/pmywe/GPU/3D_irregular_packing_stream/hpc/results/all_instances_geometry/st04_Example2_normal_seq19_cube__minimum_aabb_volume__all__instance_size__rng42.json,93.94584894180298,92.6492006778717,True,,2,0.10738597664501609,0.1922890179258879,2,0.10738597664501609,0.1922890179258879
1227,st04_Example2_normal_seq19_cube,minimum_aabb_edges_len,bottom,148x148x148,st04_Example2_normal_seq19_cube;st04_Example2_normal_seq19_cube_999999_1,geometry_only,st04_Example2_normal,19,cube,success,/mnt/scratch/pmywe/GPU/3D_irregular_packing_stream/hpc/results/all_instances_geometry/st04_Example2_normal_seq19_cube__minimum_aabb_edges_len__bottom__instance_size__rng42.json,63.60365271568298,62.29043984413147,True,,1,0.21477195329003218,0.21477195329003218,1,0.21477195329003218,0.21477195329003218
1228,st04_Example2_normal_seq19_cube,minimum_aabb_edges_len,bottom_top,148x148x148,st04_Example2_normal_seq19_cube;st04_Example2_normal_seq19_cube_999999_1,geometry_only,st04_Example2_normal,19,cube,success,/mnt/scratch/pmywe/GPU/3D_irregular_packing_stream/hpc/results/all_instances_geometry/st04_Example2_normal_seq19_cube__minimum_aabb_edges_len__bottom_top__instance_size__rng42.json,77.30960750579834,76.01935601234436,True,,1,0.21477195329003218,0.21477195329003218,1,0.21477195329003218,0.21477195329003218
1229,st04_Example2_normal_seq19_cube,minimum_aabb_edges_len,all,148x148x148,st04_Example2_normal_seq19_cube;st04_Example2_normal_seq19_cube_999999_1,geometry_only,st04_Example2_normal,19,cube,success,/mnt/scratch/pmywe/GPU/3D_irregular_packing_stream/hpc/results/all_instances_geometry/st04_Example2_normal_seq19_cube__minimum_aabb_edges_len__all__instance_size__rng42.json,96.21383881568909,94.61867022514343,True,,2,0.10738597664501609,0.15668710392276863,2,0.10738597664501609,0.15668710392276863
1230,st04_Example2_normal_seq19_cube,maximal_residual_box,bottom,148x148x148,st04_Example2_normal_seq19_cube;st04_Example2_normal_seq19_cube_999999_1,geometry_only,st04_Example2_normal,19,cube,success,/mnt/scratch/pmywe/GPU/3D_irregular_packing_stream/hpc/results/all_instances_geometry/st04_Example2_normal_seq19_cube__maximal_residual_box__bottom__instance_size__rng42.json,56.82213878631592,55.48598337173462,True,,2,0.10738597664501609,0.19787728515586442,2,0.10738597664501609,0.19787728515586442
1231,st04_Example2_normal_seq19_cube,maximal_residual_box,bottom_top,148x148x148,st04_Example2_normal_seq19_cube;st04_Example2_normal_seq19_cube_999999_1,geometry_only,st04_Example2_normal,19,cube,success,/mnt/scratch/pmywe/GPU/3D_irregular_packing_stream/hpc/results/all_instances_geometry/st04_Example2_normal_seq19_cube__maximal_residual_box__bottom_top__instance_size__rng42.json,67.80522060394287,66.25048446655273,True,,2,0.10738597664501609,0.19787728515586442,2,0.10738597664501609,0.19787728515586442
1232,st04_Example2_normal_seq19_cube,maximal_residual_box,all,148x148x148,st04_Example2_normal_seq19_cube;st04_Example2_normal_seq19_cube_999999_1,geometry_only,st04_Example2_normal,19,cube,success,/mnt/scratch/pmywe/GPU/3D_irregular_packing_stream/hpc/results/all_instances_geometry/st04_Example2_normal_seq19_cube__maximal_residual_box__all__instance_size__rng42.json,93.67053127288818,92.48340439796448,True,,2,0.10738597664501609,0.1569335725425937,2,0.10738597664501609,0.1569335725425937
1233,st04_Example2_normal_seq19_cube,overlap_distance,bottom,148x148x148,st04_Example2_normal_seq19_cube;st04_Example2_normal_seq19_cube_999999_1,geometry_only,st04_Example2_normal,19,cube,success,/mnt/scratch/pmywe/GPU/3D_irregular_packing_stream/hpc/results/all_instances_geometry/st04_Example2_normal_seq19_cube__overlap_distance__bottom__instance_size__rng42.json,261.67703890800476,260.13198375701904,True,,2,0.10738597664501609,0.18504179170039287,2,0.10738597664501609,0.18504179170039287
1234,st04_Example2_normal_seq19_cube,overlap_distance,bottom_top,148x148x148,st04_Example2_normal_seq19_cube;st04_Example2_normal_seq19_cube_999999_1,geometry_only,st04_Example2_normal,19,cube,success,/mnt/scratch/pmywe/GPU/3D_irregular_packing_stream/hpc/results/all_instances_geometry/st04_Example2_normal_seq19_cube__overlap_distance__bottom_top__instance_size__rng42.json,243.4428744316101,242.12698340415955,True,,2,0.10738597664501609,0.17245276686474642,2,0.10738597664501609,0.17245276686474642
1235,st04_Example2_normal_seq19_cube,overlap_distance,all,148x148x148,st04_Example2_normal_seq19_cube;st04_Example2_normal_seq19_cube_999999_1,geometry_only,st04_Example2_normal,19,cube,success,/mnt/scratch/pmywe/GPU/3D_irregular_packing_stream/hpc/results/all_instances_geometry/st04_Example2_normal_seq19_cube__overlap_distance__all__instance_size__rng42.json,529.2788345813751,527.750714302063,True,,2,0.10738597664501609,0.15668710392276863,2,0.10738597664501609,0.15668710392276863
1236,st04_Example2_normal_seq19_cylinder,minimum_aabb_volume,bottom,180x180x180,st04_Example2_normal_seq19_cylinder;st04_Example2_normal_seq19_cylinder_999999_1,geometry_only,st04_Example2_normal,19,cylinder,success,/mnt/scratch/pmywe/GPU/3D_irregular_packing_stream/hpc/results/all_instances_geometry/st04_Example2_normal_seq19_cylinder__minimum_aabb_volume__bottom__instance_size__rng42.json,450.37490248680115,448.7796428203583,True,,1,0.15200410494919037,0.15200410494919037,1,0.15200410494919037,0.15200410494919037
1237,st04_Example2_normal_seq19_cylinder,minimum_aabb_volume,bottom_top,180x180x180,st04_Example2_normal_seq19_cylinder;st04_Example2_normal_seq19_cylinder_999999_1,geometry_only,st04_Example2_normal,19,cylinder,success,/mnt/scratch/pmywe/GPU/3D_irregular_packing_stream/hpc/results/all_instances_geometry/st04_Example2_normal_seq19_cylinder__minimum_aabb_volume__bottom_top__instance_size__rng42.json,481.05155658721924,479.26518416404724,True,,1,0.15200410494919037,0.15200410494919037,1,0.15200410494919037,0.15200410494919037
1238,st04_Example2_normal_seq19_cylinder,minimum_aabb_volume,all,180x180x180,st04_Example2_normal_seq19_cylinder;st04_Example2_normal_seq19_cylinder_999999_1,geometry_only,st04_Example2_normal,19,cylinder,success,/mnt/scratch/pmywe/GPU/3D_irregular_packing_stream/hpc/results/all_instances_geometry/st04_Example2_normal_seq19_cylinder__minimum_aabb_volume__all__instance_size__rng42.json,547.6250643730164,546.0871102809906,True,,1,0.15200410494919037,0.15200410494919037,1,0.15200410494919037,0.15200410494919037
1239,st04_Example2_normal_seq19_cylinder,minimum_aabb_edges_len,bottom,180x180x180,st04_Example2_normal_seq19_cylinder;st04_Example2_normal_seq19_cylinder_999999_1,geometry_only,st04_Example2_normal,19,cylinder,success,/mnt/scratch/pmywe/GPU/3D_irregular_packing_stream/hpc/results/all_instances_geometry/st04_Example2_normal_seq19_cylinder__minimum_aabb_edges_len__bottom__instance_size__rng42.json,465.49292945861816,463.71895384788513,True,,1,0.15200410494919037,0.15200410494919037,1,0.15200410494919037,0.15200410494919037
1240,st04_Example2_normal_seq19_cylinder,minimum_aabb_edges_len,bottom_top,180x180x180,st04_Example2_normal_seq19_cylinder;st04_Example2_normal_seq19_cylinder_999999_1,geometry_only,st04_Example2_normal,19,cylinder,success,/mnt/scratch/pmywe/GPU/3D_irregular_packing_stream/hpc/results/all_instances_geometry/st04_Example2_normal_seq19_cylinder__minimum_aabb_edges_len__bottom_top__instance_size__rng42.json,492.84746527671814,491.08707451820374,True,,1,0.15200410494919037,0.15200410494919037,1,0.15200410494919037,0.15200410494919037
1241,st04_Example2_normal_seq19_cylinder,minimum_aabb_edges_len,all,180x180x180,st04_Example2_normal_seq19_cylinder;st04_Example2_normal_seq19_cylinder_999999_1,geometry_only,st04_Example2_normal,19,cylinder,success,/mnt/scratch/pmywe/GPU/3D_irregular_packing_stream/hpc/results/all_instances_geometry/st04_Example2_normal_seq19_cylinder__minimum_aabb_edges_len__all__instance_size__rng42.json,565.9549403190613,564.1484620571136,True,,1,0.15200410494919037,0.15200410494919037,1,0.15200410494919037,0.15200410494919037
1242,st04_Example2_normal_seq19_cylinder,maximal_residual_box,bottom,180x180x180,st04_Example2_normal_seq19_cylinder;st04_Example2_normal_seq19_cylinder_999999_1,geometry_only,st04_Example2_normal,19,cylinder,success,/mnt/scratch/pmywe/GPU/3D_irregular_packing_stream/hpc/results/all_instances_geometry/st04_Example2_normal_seq19_cylinder__maximal_residual_box__bottom__instance_size__rng42.json,448.8121716976166,447.30708718299866,True,,1,0.15200410494919037,0.15200410494919037,1,0.15200410494919037,0.15200410494919037
1243,st04_Example2_normal_seq19_cylinder,maximal_residual_box,bottom_top,180x180x180,st04_Example2_normal_seq19_cylinder;st04_Example2_normal_seq19_cylinder_999999_1,geometry_only,st04_Example2_normal,19,cylinder,success,/mnt/scratch/pmywe/GPU/3D_irregular_packing_stream/hpc/results/all_instances_geometry/st04_Example2_normal_seq19_cylinder__maximal_residual_box__bottom_top__instance_size__rng42.json,479.29707288742065,477.56392312049866,True,,1,0.15200410494919037,0.15200410494919037,1,0.15200410494919037,0.15200410494919037
1244,st04_Example2_normal_seq19_cylinder,maximal_residual_box,all,180x180x180,st04_Example2_normal_seq19_cylinder;st04_Example2_normal_seq19_cylinder_999999_1,geometry_only,st04_Example2_normal,19,cylinder,success,/mnt/scratch/pmywe/GPU/3D_irregular_packing_stream/hpc/results/all_instances_geometry/st04_Example2_normal_seq19_cylinder__maximal_residual_box__all__instance_size__rng42.json,541.3246326446533,539.785361289978,True,,1,0.15200410494919037,0.15200410494919037,1,0.15200410494919037,0.15200410494919037
1245,st04_Example2_normal_seq19_cylinder,overlap_distance,bottom,180x180x180,st04_Example2_normal_seq19_cylinder;st04_Example2_normal_seq19_cylinder_999999_1,geometry_only,st04_Example2_normal,19,cylinder,success,/mnt/scratch/pmywe/GPU/3D_irregular_packing_stream/hpc/results/all_instances_geometry/st04_Example2_normal_seq19_cylinder__overlap_distance__bottom__instance_size__rng42.json,771.0296533107758,769.2266888618469,True,,1,0.15200410494919037,0.15200410494919037,1,0.15200410494919037,0.15200410494919037
1246,st04_Example2_normal_seq19_cylinder,overlap_distance,bottom_top,180x180x180,st04_Example2_normal_seq19_cylinder;st04_Example2_normal_seq19_cylinder_999999_1,geometry_only,st04_Example2_normal,19,cylinder,success,/mnt/scratch/pmywe/GPU/3D_irregular_packing_stream/hpc/results/all_instances_geometry/st04_Example2_normal_seq19_cylinder__overlap_distance__bottom_top__instance_size__rng42.json,1109.736445903778,1107.9464824199677,True,,1,0.15200410494919037,0.15200410494919037,1,0.15200410494919037,0.15200410494919037
1247,st04_Example2_normal_seq19_cylinder,overlap_distance,all,180x180x180,st04_Example2_normal_seq19_cylinder;st04_Example2_normal_seq19_cylinder_999999_1,geometry_only,st04_Example2_normal,19,cylinder,success,/mnt/scratch/pmywe/GPU/3D_irregular_packing_stream/hpc/results/all_instances_geometry/st04_Example2_normal_seq19_cylinder__overlap_distance__all__instance_size__rng42.json,1573.3709497451782,1571.4672636985779,True,,2,0.07600205247459518,0.14004696218074042,2,0.07600205247459518,0.14004696218074042
1248,st04_Example2_normal_seq3_cube,minimum_aabb_volume,bottom,148x148x148,st04_Example2_normal_seq3_cube;st04_Example2_normal_seq3_cube_999999_1,geometry_only,st04_Example2_normal,3,cube,success,/mnt/scratch/pmywe/GPU/3D_irregular_packing_stream/hpc/results/all_instances_geometry/st04_Example2_normal_seq3_cube__minimum_aabb_volume__bottom__instance_size__rng42.json,66.50206255912781,64.89440035820007,True,,2,0.10738597664501609,0.18082899828243146,2,0.10738597664501609,0.18082899828243146
1249,st04_Example2_normal_seq3_cube,minimum_aabb_volume,bottom_top,148x148x148,st04_Example2_normal_seq3_cube;st04_Example2_normal_seq3_cube_999999_1,geometry_only,st04_Example2_normal,3,cube,success,/mnt/scratch/pmywe/GPU/3D_irregular_packing_stream/hpc/results/all_instances_geometry/st04_Example2_normal_seq3_cube__minimum_aabb_volume__bottom_top__instance_size__rng42.json,66.55309772491455,64.96672821044922,True,,2,0.10738597664501609,0.20918368606005566,2,0.10738597664501609,0.20918368606005566
1250,st04_Example2_normal_seq3_cube,minimum_aabb_volume,all,148x148x148,st04_Example2_normal_seq3_cube;st04_Example2_normal_seq3_cube_999999_1,geometry_only,st04_Example2_normal,3,cube,success,/mnt/scratch/pmywe/GPU/3D_irregular_packing_stream/hpc/results/all_instances_geometry/st04_Example2_normal_seq3_cube__minimum_aabb_volume__all__instance_size__rng42.json,90.00909161567688,88.47367477416992,True,,2,0.10738597664501609,0.18082899828243146,2,0.10738597664501609,0.18082899828243146
1251,st04_Example2_normal_seq3_cube,minimum_aabb_edges_len,bottom,148x148x148,st04_Example2_normal_seq3_cube;st04_Example2_normal_seq3_cube_999999_1,geometry_only,st04_Example2_normal,3,cube,success,/mnt/scratch/pmywe/GPU/3D_irregular_packing_stream/hpc/results/all_instances_geometry/st04_Example2_normal_seq3_cube__minimum_aabb_edges_len__bottom__instance_size__rng42.json,61.54025101661682,60.01044034957886,True,,1,0.21477195329003218,0.21477195329003218,1,0.21477195329003218,0.21477195329003218
1252,st04_Example2_normal_seq3_cube,minimum_aabb_edges_len,bottom_top,148x148x148,st04_Example2_normal_seq3_cube;st04_Example2_normal_seq3_cube_999999_1,geometry_only,st04_Example2_normal,3,cube,success,/mnt/scratch/pmywe/GPU/3D_irregular_packing_stream/hpc/results/all_instances_geometry/st04_Example2_normal_seq3_cube__minimum_aabb_edges_len__bottom_top__instance_size__rng42.json,78.00875568389893,76.48919653892517,True,,2,0.10738597664501609,0.19634819260458414,2,0.10738597664501609,0.19634819260458414
1253,st04_Example2_normal_seq3_cube,minimum_aabb_edges_len,all,148x148x148,st04_Example2_normal_seq3_cube;st04_Example2_normal_seq3_cube_999999_1,geometry_only,st04_Example2_normal,3,cube,success,/mnt/scratch/pmywe/GPU/3D_irregular_packing_stream/hpc/results/all_instances_geometry/st04_Example2_normal_seq3_cube__minimum_aabb_edges_len__all__instance_size__rng42.json,101.12163305282593,99.59900212287903,True,,2,0.10738597664501609,0.18082899828243146,2,0.10738597664501609,0.18082899828243146
1254,st04_Example2_normal_seq3_cube,maximal_residual_box,bottom,148x148x148,st04_Example2_normal_seq3_cube;st04_Example2_normal_seq3_cube_999999_1,geometry_only,st04_Example2_normal,3,cube,success,/mnt/scratch/pmywe/GPU/3D_irregular_packing_stream/hpc/results/all_instances_geometry/st04_Example2_normal_seq3_cube__maximal_residual_box__bottom__instance_size__rng42.json,60.38286757469177,58.846569299697876,True,,2,0.10738597664501609,0.20918368606005566,2,0.10738597664501609,0.20918368606005566
1255,st04_Example2_normal_seq3_cube,maximal_residual_box,bottom_top,148x148x148,st04_Example2_normal_seq3_cube;st04_Example2_normal_seq3_cube_999999_1,geometry_only,st04_Example2_normal,3,cube,success,/mnt/scratch/pmywe/GPU/3D_irregular_packing_stream/hpc/results/all_instances_geometry/st04_Example2_normal_seq3_cube__maximal_residual_box__bottom_top__instance_size__rng42.json,67.16939902305603,65.63031339645386,True,,2,0.10738597664501609,0.20918368606005566,2,0.10738597664501609,0.20918368606005566
1256,st04_Example2_normal_seq3_cube,maximal_residual_box,all,148x148x148,st04_Example2_normal_seq3_cube;st04_Example2_normal_seq3_cube_999999_1,geometry_only,st04_Example2_normal,3,cube,success,/mnt/scratch/pmywe/GPU/3D_irregular_packing_stream/hpc/results/all_instances_geometry/st04_Example2_normal_seq3_cube__maximal_residual_box__all__instance_size__rng42.json,87.57724452018738,86.0640184879303,True,,2,0.10738597664501609,0.18082899828243146,2,0.10738597664501609,0.18082899828243146
1257,st04_Example2_normal_seq3_cube,overlap_distance,bottom,148x148x148,st04_Example2_normal_seq3_cube;st04_Example2_normal_seq3_cube_999999_1,geometry_only,st04_Example2_normal,3,cube,success,/mnt/scratch/pmywe/GPU/3D_irregular_packing_stream/hpc/results/all_instances_geometry/st04_Example2_normal_seq3_cube__overlap_distance__bottom__instance_size__rng42.json,189.5955774784088,188.08084559440613,True,,2,0.10738597664501609,0.1679935048269599,2,0.10738597664501609,0.1679935048269599
1258,st04_Example2_normal_seq3_cube,overlap_distance,bottom_top,148x148x148,st04_Example2_normal_seq3_cube;st04_Example2_normal_seq3_cube_999999_1,geometry_only,st04_Example2_normal,3,cube,success,/mnt/scratch/pmywe/GPU/3D_irregular_packing_stream/hpc/results/all_instances_geometry/st04_Example2_normal_seq3_cube__overlap_distance__bottom_top__instance_size__rng42.json,280.72246980667114,279.1578109264374,True,,2,0.10738597664501609,0.19634819260458414,2,0.10738597664501609,0.19634819260458414
1259,st04_Example2_normal_seq3_cube,overlap_distance,all,148x148x148,st04_Example2_normal_seq3_cube;st04_Example2_normal_seq3_cube_999999_1,geometry_only,st04_Example2_normal,3,cube,success,/mnt/scratch/pmywe/GPU/3D_irregular_packing_stream/hpc/results/all_instances_geometry/st04_Example2_normal_seq3_cube__overlap_distance__all__instance_size__rng42.json,443.1561439037323,441.6262743473053,True,,2,0.10738597664501609,0.16823997344678499,2,0.10738597664501609,0.16823997344678499
1260,st04_Example2_normal_seq3_cylinder,minimum_aabb_volume,bottom,180x180x180,st04_Example2_normal_seq3_cylinder;st04_Example2_normal_seq3_cylinder_999999_1,geometry_only,st04_Example2_normal,3,cylinder,success,/mnt/scratch/pmywe/GPU/3D_irregular_packing_stream/hpc/results/all_instances_geometry/st04_Example2_normal_seq3_cylinder__minimum_aabb_volume__bottom__instance_size__rng42.json,453.60982275009155,451.8278794288635,True,,1,0.15200410494919037,0.15200410494919037,1,0.15200410494919037,0.15200410494919037
1261,st04_Example2_normal_seq3_cylinder,minimum_aabb_volume,bottom_top,180x180x180,st04_Example2_normal_seq3_cylinder;st04_Example2_normal_seq3_cylinder_999999_1,geometry_only,st04_Example2_normal,3,cylinder,success,/mnt/scratch/pmywe/GPU/3D_irregular_packing_stream/hpc/results/all_instances_geometry/st04_Example2_normal_seq3_cylinder__minimum_aabb_volume__bottom_top__instance_size__rng42.json,479.83580708503723,478.0257320404053,True,,1,0.15200410494919037,0.15200410494919037,1,0.15200410494919037,0.15200410494919037
1262,st04_Example2_normal_seq3_cylinder,minimum_aabb_volume,all,180x180x180,st04_Example2_normal_seq3_cylinder;st04_Example2_normal_seq3_cylinder_999999_1,geometry_only,st04_Example2_normal,3,cylinder,success,/mnt/scratch/pmywe/GPU/3D_irregular_packing_stream/hpc/results/all_instances_geometry/st04_Example2_normal_seq3_cylinder__minimum_aabb_volume__all__instance_size__rng42.json,534.7255065441132,532.9158346652985,True,,1,0.15200410494919037,0.15200410494919037,1,0.15200410494919037,0.15200410494919037
1263,st04_Example2_normal_seq3_cylinder,minimum_aabb_edges_len,bottom,180x180x180,st04_Example2_normal_seq3_cylinder;st04_Example2_normal_seq3_cylinder_999999_1,geometry_only,st04_Example2_normal,3,cylinder,success,/mnt/scratch/pmywe/GPU/3D_irregular_packing_stream/hpc/results/all_instances_geometry/st04_Example2_normal_seq3_cylinder__minimum_aabb_edges_len__bottom__instance_size__rng42.json,462.08424401283264,460.3156316280365,True,,1,0.15200410494919037,0.15200410494919037,1,0.15200410494919037,0.15200410494919037
1264,st04_Example2_normal_seq3_cylinder,minimum_aabb_edges_len,bottom_top,180x180x180,st04_Example2_normal_seq3_cylinder;st04_Example2_normal_seq3_cylinder_999999_1,geometry_only,st04_Example2_normal,3,cylinder,success,/mnt/scratch/pmywe/GPU/3D_irregular_packing_stream/hpc/results/all_instances_geometry/st04_Example2_normal_seq3_cylinder__minimum_aabb_edges_len__bottom_top__instance_size__rng42.json,502.12830328941345,500.3316009044647,True,,1,0.15200410494919037,0.15200410494919037,1,0.15200410494919037,0.15200410494919037
1265,st04_Example2_normal_seq3_cylinder,minimum_aabb_edges_len,all,180x180x180,st04_Example2_normal_seq3_cylinder;st04_Example2_normal_seq3_cylinder_999999_1,geometry_only,st04_Example2_normal,3,cylinder,success,/mnt/scratch/pmywe/GPU/3D_irregular_packing_stream/hpc/results/all_instances_geometry/st04_Example2_normal_seq3_cylinder__minimum_aabb_edges_len__all__instance_size__rng42.json,573.9486668109894,572.1915757656097,True,,1,0.15200410494919037,0.15200410494919037,1,0.15200410494919037,0.15200410494919037
1266,st04_Example2_normal_seq3_cylinder,maximal_residual_box,bottom,180x180x180,st04_Example2_normal_seq3_cylinder;st04_Example2_normal_seq3_cylinder_999999_1,geometry_only,st04_Example2_normal,3,cylinder,success,/mnt/scratch/pmywe/GPU/3D_irregular_packing_stream/hpc/results/all_instances_geometry/st04_Example2_normal_seq3_cylinder__maximal_residual_box__bottom__instance_size__rng42.json,453.674099445343,451.89665603637695,True,,1,0.15200410494919037,0.15200410494919037,1,0.15200410494919037,0.15200410494919037
1267,st04_Example2_normal_seq3_cylinder,maximal_residual_box,bottom_top,180x180x180,st04_Example2_normal_seq3_cylinder;st04_Example2_normal_seq3_cylinder_999999_1,geometry_only,st04_Example2_normal,3,cylinder,success,/mnt/scratch/pmywe/GPU/3D_irregular_packing_stream/hpc/results/all_instances_geometry/st04_Example2_normal_seq3_cylinder__maximal_residual_box__bottom_top__instance_size__rng42.json,481.5333800315857,479.7526602745056,True,,1,0.15200410494919037,0.15200410494919037,1,0.15200410494919037,0.15200410494919037
1268,st04_Example2_normal_seq3_cylinder,maximal_residual_box,all,180x180x180,st04_Example2_normal_seq3_cylinder;st04_Example2_normal_seq3_cylinder_999999_1,geometry_only,st04_Example2_normal,3,cylinder,success,/mnt/scratch/pmywe/GPU/3D_irregular_packing_stream/hpc/results/all_instances_geometry/st04_Example2_normal_seq3_cylinder__maximal_residual_box__all__instance_size__rng42.json,552.3780019283295,550.6191825866699,True,,1,0.15200410494919037,0.15200410494919037,1,0.15200410494919037,0.15200410494919037
1269,st04_Example2_normal_seq3_cylinder,overlap_distance,bottom,180x180x180,st04_Example2_normal_seq3_cylinder;st04_Example2_normal_seq3_cylinder_999999_1,geometry_only,st04_Example2_normal,3,cylinder,success,/mnt/scratch/pmywe/GPU/3D_irregular_packing_stream/hpc/results/all_instances_geometry/st04_Example2_normal_seq3_cylinder__overlap_distance__bottom__instance_size__rng42.json,815.5512101650238,813.8004655838013,True,,1,0.15200410494919037,0.15200410494919037,1,0.15200410494919037,0.15200410494919037
1270,st04_Example2_normal_seq3_cylinder,overlap_distance,bottom_top,180x180x180,st04_Example2_normal_seq3_cylinder;st04_Example2_normal_seq3_cylinder_999999_1,geometry_only,st04_Example2_normal,3,cylinder,success,/mnt/scratch/pmywe/GPU/3D_irregular_packing_stream/hpc/results/all_instances_geometry/st04_Example2_normal_seq3_cylinder__overlap_distance__bottom_top__instance_size__rng42.json,1117.1235024929047,1115.3370854854584,True,,1,0.15200410494919037,0.15200410494919037,1,0.15200410494919037,0.15200410494919037
1271,st04_Example2_normal_seq3_cylinder,overlap_distance,all,180x180x180,st04_Example2_normal_seq3_cylinder;st04_Example2_normal_seq3_cylinder_999999_1,geometry_only,st04_Example2_normal,3,cylinder,success,/mnt/scratch/pmywe/GPU/3D_irregular_packing_stream/hpc/results/all_instances_geometry/st04_Example2_normal_seq3_cylinder__overlap_distance__all__instance_size__rng42.json,1638.9936785697937,1637.2283120155334,True,,2,0.07600205247459518,0.1319361730301135,2,0.07600205247459518,0.1319361730301135
1272,st04_Example2_normal_seq53_cube,minimum_aabb_volume,bottom,148x148x148,st04_Example2_normal_seq53_cube;st04_Example2_normal_seq53_cube_999999_1,geometry_only,st04_Example2_normal,53,cube,success,/mnt/scratch/pmywe/GPU/3D_irregular_packing_stream/hpc/results/all_instances_geometry/st04_Example2_normal_seq53_cube__minimum_aabb_volume__bottom__instance_size__rng42.json,60.998427867889404,59.45467400550842,True,,2,0.10738597664501609,0.18082899828243146,2,0.10738597664501609,0.18082899828243146
1273,st04_Example2_normal_seq53_cube,minimum_aabb_volume,bottom_top,148x148x148,st04_Example2_normal_seq53_cube;st04_Example2_normal_seq53_cube_999999_1,geometry_only,st04_Example2_normal,53,cube,success,/mnt/scratch/pmywe/GPU/3D_irregular_packing_stream/hpc/results/all_instances_geometry/st04_Example2_normal_seq53_cube__minimum_aabb_volume__bottom_top__instance_size__rng42.json,69.50759553909302,67.95434522628784,True,,2,0.10738597664501609,0.18082899828243146,2,0.10738597664501609,0.18082899828243146
1274,st04_Example2_normal_seq53_cube,minimum_aabb_volume,all,148x148x148,st04_Example2_normal_seq53_cube;st04_Example2_normal_seq53_cube_999999_1,geometry_only,st04_Example2_normal,53,cube,success,/mnt/scratch/pmywe/GPU/3D_irregular_packing_stream/hpc/results/all_instances_geometry/st04_Example2_normal_seq53_cube__minimum_aabb_volume__all__instance_size__rng42.json,95.92944121360779,94.40625333786011,True,,2,0.10738597664501609,0.15540447999131346,2,0.10738597664501609,0.15540447999131346
1275,st04_Example2_normal_seq53_cube,minimum_aabb_edges_len,bottom,148x148x148,st04_Example2_normal_seq53_cube;st04_Example2_normal_seq53_cube_999999_1,geometry_only,st04_Example2_normal,53,cube,success,/mnt/scratch/pmywe/GPU/3D_irregular_packing_stream/hpc/results/all_instances_geometry/st04_Example2_normal_seq53_cube__minimum_aabb_edges_len__bottom__instance_size__rng42.json,64.47441220283508,62.906803369522095,True,,2,0.10738597664501609,0.1994403095571832,2,0.10738597664501609,0.1994403095571832
1276,st04_Example2_normal_seq53_cube,minimum_aabb_edges_len,bottom_top,148x148x148,st04_Example2_normal_seq53_cube;st04_Example2_normal_seq53_cube_999999_1,geometry_only,st04_Example2_normal,53,cube,success,/mnt/scratch/pmywe/GPU/3D_irregular_packing_stream/hpc/results/all_instances_geometry/st04_Example2_normal_seq53_cube__minimum_aabb_edges_len__bottom_top__instance_size__rng42.json,77.71851587295532,76.16354560852051,True,,2,0.10738597664501609,0.18934743499891418,2,0.10738597664501609,0.18934743499891418
1277,st04_Example2_normal_seq53_cube,minimum_aabb_edges_len,all,148x148x148,st04_Example2_normal_seq53_cube;st04_Example2_normal_seq53_cube_999999_1,geometry_only,st04_Example2_normal,53,cube,success,/mnt/scratch/pmywe/GPU/3D_irregular_packing_stream/hpc/results/all_instances_geometry/st04_Example2_normal_seq53_cube__minimum_aabb_edges_len__all__instance_size__rng42.json,98.29510712623596,96.75107169151306,True,,2,0.10738597664501609,0.20218292845438574,2,0.10738597664501609,0.20218292845438574
1278,st04_Example2_normal_seq53_cube,maximal_residual_box,bottom,148x148x148,st04_Example2_normal_seq53_cube;st04_Example2_normal_seq53_cube_999999_1,geometry_only,st04_Example2_normal,53,cube,success,/mnt/scratch/pmywe/GPU/3D_irregular_packing_stream/hpc/results/all_instances_geometry/st04_Example2_normal_seq53_cube__maximal_residual_box__bottom__instance_size__rng42.json,60.100841760635376,58.53553581237793,True,,2,0.10738597664501609,0.18082899828243146,2,0.10738597664501609,0.18082899828243146
1279,st04_Example2_normal_seq53_cube,maximal_residual_box,bottom_top,148x148x148,st04_Example2_normal_seq53_cube;st04_Example2_normal_seq53_cube_999999_1,geometry_only,st04_Example2_normal,53,cube,success,/mnt/scratch/pmywe/GPU/3D_irregular_packing_stream/hpc/results/all_instances_geometry/st04_Example2_normal_seq53_cube__maximal_residual_box__bottom_top__instance_size__rng42.json,68.32074236869812,66.7782256603241,True,,2,0.10738597664501609,0.18082899828243146,2,0.10738597664501609,0.18082899828243146
1280,st04_Example2_normal_seq53_cube,maximal_residual_box,all,148x148x148,st04_Example2_normal_seq53_cube;st04_Example2_normal_seq53_cube_999999_1,geometry_only,st04_Example2_normal,53,cube,success,/mnt/scratch/pmywe/GPU/3D_irregular_packing_stream/hpc/results/all_instances_geometry/st04_Example2_normal_seq53_cube__maximal_residual_box__all__instance_size__rng42.json,97.51825594902039,95.94173407554626,True,,2,0.10738597664501609,0.15540447999131346,2,0.10738597664501609,0.15540447999131346
1281,st04_Example2_normal_seq53_cube,overlap_distance,bottom,148x148x148,st04_Example2_normal_seq53_cube;st04_Example2_normal_seq53_cube_999999_1,geometry_only,st04_Example2_normal,53,cube,success,/mnt/scratch/pmywe/GPU/3D_irregular_packing_stream/hpc/results/all_instances_geometry/st04_Example2_normal_seq53_cube__overlap_distance__bottom__instance_size__rng42.json,220.25211358070374,218.70359921455383,True,,2,0.10738597664501609,0.18934743499891418,2,0.10738597664501609,0.18934743499891418
1282,st04_Example2_normal_seq53_cube,overlap_distance,bottom_top,148x148x148,st04_Example2_normal_seq53_cube;st04_Example2_normal_seq53_cube_999999_1,geometry_only,st04_Example2_normal,53,cube,success,/mnt/scratch/pmywe/GPU/3D_irregular_packing_stream/hpc/results/all_instances_geometry/st04_Example2_normal_seq53_cube__overlap_distance__bottom_top__instance_size__rng42.json,287.08961725234985,285.5082321166992,True,,2,0.10738597664501609,0.18934743499891418,2,0.10738597664501609,0.18934743499891418
1283,st04_Example2_normal_seq53_cube,overlap_distance,all,148x148x148,st04_Example2_normal_seq53_cube;st04_Example2_normal_seq53_cube_999999_1,geometry_only,st04_Example2_normal,53,cube,success,/mnt/scratch/pmywe/GPU/3D_irregular_packing_stream/hpc/results/all_instances_geometry/st04_Example2_normal_seq53_cube__overlap_distance__all__instance_size__rng42.json,497.17160964012146,495.6592071056366,True,,2,0.10738597664501609,0.19634819260458414,2,0.10738597664501609,0.19634819260458414
1284,st04_Example2_normal_seq53_cylinder,minimum_aabb_volume,bottom,180x180x180,st04_Example2_normal_seq53_cylinder;st04_Example2_normal_seq53_cylinder_999999_1,geometry_only,st04_Example2_normal,53,cylinder,success,/mnt/scratch/pmywe/GPU/3D_irregular_packing_stream/hpc/results/all_instances_geometry/st04_Example2_normal_seq53_cylinder__minimum_aabb_volume__bottom__instance_size__rng42.json,448.61400747299194,446.77122020721436,True,,1,0.15200410494919037,0.15200410494919037,1,0.15200410494919037,0.15200410494919037
1285,st04_Example2_normal_seq53_cylinder,minimum_aabb_volume,bottom_top,180x180x180,st04_Example2_normal_seq53_cylinder;st04_Example2_normal_seq53_cylinder_999999_1,geometry_only,st04_Example2_normal,53,cylinder,success,/mnt/scratch/pmywe/GPU/3D_irregular_packing_stream/hpc/results/all_instances_geometry/st04_Example2_normal_seq53_cylinder__minimum_aabb_volume__bottom_top__instance_size__rng42.json,481.5018949508667,479.7339210510254,True,,1,0.15200410494919037,0.15200410494919037,1,0.15200410494919037,0.15200410494919037
1286,st04_Example2_normal_seq53_cylinder,minimum_aabb_volume,all,180x180x180,st04_Example2_normal_seq53_cylinder;st04_Example2_normal_seq53_cylinder_999999_1,geometry_only,st04_Example2_normal,53,cylinder,success,/mnt/scratch/pmywe/GPU/3D_irregular_packing_stream/hpc/results/all_instances_geometry/st04_Example2_normal_seq53_cylinder__minimum_aabb_volume__all__instance_size__rng42.json,537.263993024826,535.4482574462891,True,,2,0.07600205247459518,0.14804902820151852,2,0.07600205247459518,0.14804902820151852
1287,st04_Example2_normal_seq53_cylinder,minimum_aabb_edges_len,bottom,180x180x180,st04_Example2_normal_seq53_cylinder;st04_Example2_normal_seq53_cylinder_999999_1,geometry_only,st04_Example2_normal,53,cylinder,success,/mnt/scratch/pmywe/GPU/3D_irregular_packing_stream/hpc/results/all_instances_geometry/st04_Example2_normal_seq53_cylinder__minimum_aabb_edges_len__bottom__instance_size__rng42.json,461.29278802871704,459.529803276062,True,,1,0.15200410494919037,0.15200410494919037,1,0.15200410494919037,0.15200410494919037
1288,st04_Example2_normal_seq53_cylinder,minimum_aabb_edges_len,bottom_top,180x180x180,st04_Example2_normal_seq53_cylinder;st04_Example2_normal_seq53_cylinder_999999_1,geometry_only,st04_Example2_normal,53,cylinder,success,/mnt/scratch/pmywe/GPU/3D_irregular_packing_stream/hpc/results/all_instances_geometry/st04_Example2_normal_seq53_cylinder__minimum_aabb_edges_len__bottom_top__instance_size__rng42.json,491.8917648792267,490.1090795993805,True,,1,0.15200410494919037,0.15200410494919037,1,0.15200410494919037,0.15200410494919037
1289,st04_Example2_normal_seq53_cylinder,minimum_aabb_edges_len,all,180x180x180,st04_Example2_normal_seq53_cylinder;st04_Example2_normal_seq53_cylinder_999999_1,geometry_only,st04_Example2_normal,53,cylinder,success,/mnt/scratch/pmywe/GPU/3D_irregular_packing_stream/hpc/results/all_instances_geometry/st04_Example2_normal_seq53_cylinder__minimum_aabb_edges_len__all__instance_size__rng42.json,571.245521068573,569.450038433075,True,,1,0.15200410494919037,0.15200410494919037,1,0.15200410494919037,0.15200410494919037
1290,st04_Example2_normal_seq53_cylinder,maximal_residual_box,bottom,180x180x180,st04_Example2_normal_seq53_cylinder;st04_Example2_normal_seq53_cylinder_999999_1,geometry_only,st04_Example2_normal,53,cylinder,success,/mnt/scratch/pmywe/GPU/3D_irregular_packing_stream/hpc/results/all_instances_geometry/st04_Example2_normal_seq53_cylinder__maximal_residual_box__bottom__instance_size__rng42.json,452.4725697040558,450.6350998878479,True,,1,0.15200410494919037,0.15200410494919037,1,0.15200410494919037,0.15200410494919037
1291,st04_Example2_normal_seq53_cylinder,maximal_residual_box,bottom_top,180x180x180,st04_Example2_normal_seq53_cylinder;st04_Example2_normal_seq53_cylinder_999999_1,geometry_only,st04_Example2_normal,53,cylinder,success,/mnt/scratch/pmywe/GPU/3D_irregular_packing_stream/hpc/results/all_instances_geometry/st04_Example2_normal_seq53_cylinder__maximal_residual_box__bottom_top__instance_size__rng42.json,480.9015669822693,479.09568762779236,True,,1,0.15200410494919037,0.15200410494919037,1,0.15200410494919037,0.15200410494919037
1292,st04_Example2_normal_seq53_cylinder,maximal_residual_box,all,180x180x180,st04_Example2_normal_seq53_cylinder;st04_Example2_normal_seq53_cylinder_999999_1,geometry_only,st04_Example2_normal,53,cylinder,success,/mnt/scratch/pmywe/GPU/3D_irregular_packing_stream/hpc/results/all_instances_geometry/st04_Example2_normal_seq53_cylinder__maximal_residual_box__all__instance_size__rng42.json,540.9330849647522,539.1085159778595,True,,1,0.15200410494919037,0.15200410494919037,1,0.15200410494919037,0.15200410494919037
1293,st04_Example2_normal_seq53_cylinder,overlap_distance,bottom,180x180x180,st04_Example2_normal_seq53_cylinder;st04_Example2_normal_seq53_cylinder_999999_1,geometry_only,st04_Example2_normal,53,cylinder,success,/mnt/scratch/pmywe/GPU/3D_irregular_packing_stream/hpc/results/all_instances_geometry/st04_Example2_normal_seq53_cylinder__overlap_distance__bottom__instance_size__rng42.json,798.560240983963,796.745037317276,True,,1,0.15200410494919037,0.15200410494919037,1,0.15200410494919037,0.15200410494919037
1294,st04_Example2_normal_seq53_cylinder,overlap_distance,bottom_top,180x180x180,st04_Example2_normal_seq53_cylinder;st04_Example2_normal_seq53_cylinder_999999_1,geometry_only,st04_Example2_normal,53,cylinder,success,/mnt/scratch/pmywe/GPU/3D_irregular_packing_stream/hpc/results/all_instances_geometry/st04_Example2_normal_seq53_cylinder__overlap_distance__bottom_top__instance_size__rng42.json,1121.238049507141,1119.228393316269,True,,1,0.15200410494919037,0.15200410494919037,1,0.15200410494919037,0.15200410494919037
1295,st04_Example2_normal_seq53_cylinder,overlap_distance,all,180x180x180,st04_Example2_normal_seq53_cylinder;st04_Example2_normal_seq53_cylinder_999999_1,geometry_only,st04_Example2_normal,53,cylinder,success,/mnt/scratch/pmywe/GPU/3D_irregular_packing_stream/hpc/results/all_instances_geometry/st04_Example2_normal_seq53_cylinder__overlap_distance__all__instance_size__rng42.json,1722.3643114566803,1720.5574233531952,True,,1,0.15200410494919037,0.15200410494919037,1,0.15200410494919037,0.15200410494919037
1296,st04_Example2_normal_seq7_cube,minimum_aabb_volume,bottom,148x148x148,st04_Example2_normal_seq7_cube;st04_Example2_normal_seq7_cube_999999_1,geometry_only,st04_Example2_normal,7,cube,success,/mnt/scratch/pmywe/GPU/3D_irregular_packing_stream/hpc/results/all_instances_geometry/st04_Example2_normal_seq7_cube__minimum_aabb_volume__bottom__instance_size__rng42.json,55.741753816604614,54.088356733322144,True,,2,0.10738597664501609,0.20918368606005566,2,0.10738597664501609,0.20918368606005566
1297,st04_Example2_normal_seq7_cube,minimum_aabb_volume,bottom_top,148x148x148,st04_Example2_normal_seq7_cube;st04_Example2_normal_seq7_cube_999999_1,geometry_only,st04_Example2_normal,7,cube,success,/mnt/scratch/pmywe/GPU/3D_irregular_packing_stream/hpc/results/all_instances_geometry/st04_Example2_normal_seq7_cube__minimum_aabb_volume__bottom_top__instance_size__rng42.json,64.67521286010742,63.25374507904053,True,,2,0.10738597664501609,0.20918368606005566,2,0.10738597664501609,0.20918368606005566
1298,st04_Example2_normal_seq7_cube,minimum_aabb_volume,all,148x148x148,st04_Example2_normal_seq7_cube;st04_Example2_normal_seq7_cube_999999_1,geometry_only,st04_Example2_normal,7,cube,success,/mnt/scratch/pmywe/GPU/3D_irregular_packing_stream/hpc/results/all_instances_geometry/st04_Example2_normal_seq7_cube__minimum_aabb_volume__all__instance_size__rng42.json,96.92722487449646,95.33842492103577,True,,2,0.10738597664501609,0.18813390865299193,2,0.10738597664501609,0.18813390865299193
1299,st04_Example2_normal_seq7_cube,minimum_aabb_edges_len,bottom,148x148x148,st04_Example2_normal_seq7_cube;st04_Example2_normal_seq7_cube_999999_1,geometry_only,st04_Example2_normal,7,cube,success,/mnt/scratch/pmywe/GPU/3D_irregular_packing_stream/hpc/results/all_instances_geometry/st04_Example2_normal_seq7_cube__minimum_aabb_edges_len__bottom__instance_size__rng42.json,67.54782152175903,65.91831398010254,True,,1,0.21477195329003218,0.21477195329003218,1,0.21477195329003218,0.21477195329003218
1300,st04_Example2_normal_seq7_cube,minimum_aabb_edges_len,bottom_top,148x148x148,st04_Example2_normal_seq7_cube;st04_Example2_normal_seq7_cube_999999_1,geometry_only,st04_Example2_normal,7,cube,success,/mnt/scratch/pmywe/GPU/3D_irregular_packing_stream/hpc/results/all_instances_geometry/st04_Example2_normal_seq7_cube__minimum_aabb_edges_len__bottom_top__instance_size__rng42.json,76.82702326774597,75.28210878372192,True,,2,0.10738597664501609,0.2050285767871597,2,0.10738597664501609,0.2050285767871597
1301,st04_Example2_normal_seq7_cube,minimum_aabb_edges_len,all,148x148x148,st04_Example2_normal_seq7_cube;st04_Example2_normal_seq7_cube_999999_1,geometry_only,st04_Example2_normal,7,cube,success,/mnt/scratch/pmywe/GPU/3D_irregular_packing_stream/hpc/results/all_instances_geometry/st04_Example2_normal_seq7_cube__minimum_aabb_edges_len__all__instance_size__rng42.json,92.8806722164154,91.32971811294556,True,,2,0.10738597664501609,0.2050285767871597,2,0.10738597664501609,0.2050285767871597
1302,st04_Example2_normal_seq7_cube,maximal_residual_box,bottom,148x148x148,st04_Example2_normal_seq7_cube;st04_Example2_normal_seq7_cube_999999_1,geometry_only,st04_Example2_normal,7,cube,success,/mnt/scratch/pmywe/GPU/3D_irregular_packing_stream/hpc/results/all_instances_geometry/st04_Example2_normal_seq7_cube__maximal_residual_box__bottom__instance_size__rng42.json,58.371906995773315,56.8155837059021,True,,2,0.10738597664501609,0.2050285767871597,2,0.10738597664501609,0.2050285767871597
1303,st04_Example2_normal_seq7_cube,maximal_residual_box,bottom_top,148x148x148,st04_Example2_normal_seq7_cube;st04_Example2_normal_seq7_cube_999999_1,geometry_only,st04_Example2_normal,7,cube,success,/mnt/scratch/pmywe/GPU/3D_irregular_packing_stream/hpc/results/all_instances_geometry/st04_Example2_normal_seq7_cube__maximal_residual_box__bottom_top__instance_size__rng42.json,68.2557578086853,66.82534646987915,True,,2,0.10738597664501609,0.2050285767871597,2,0.10738597664501609,0.2050285767871597
1304,st04_Example2_normal_seq7_cube,maximal_residual_box,all,148x148x148,st04_Example2_normal_seq7_cube;st04_Example2_normal_seq7_cube_999999_1,geometry_only,st04_Example2_normal,7,cube,success,/mnt/scratch/pmywe/GPU/3D_irregular_packing_stream/hpc/results/all_instances_geometry/st04_Example2_normal_seq7_cube__maximal_residual_box__all__instance_size__rng42.json,90.96688866615295,89.40297174453735,True,,2,0.10738597664501609,0.18528826032021795,2,0.10738597664501609,0.18528826032021795
1305,st04_Example2_normal_seq7_cube,overlap_distance,bottom,148x148x148,st04_Example2_normal_seq7_cube;st04_Example2_normal_seq7_cube_999999_1,geometry_only,st04_Example2_normal,7,cube,success,/mnt/scratch/pmywe/GPU/3D_irregular_packing_stream/hpc/results/all_instances_geometry/st04_Example2_normal_seq7_cube__overlap_distance__bottom__instance_size__rng42.json,214.8674144744873,213.29368090629578,True,,2,0.10738597664501609,0.1994403095571832,2,0.10738597664501609,0.1994403095571832
1306,st04_Example2_normal_seq7_cube,overlap_distance,bottom_top,148x148x148,st04_Example2_normal_seq7_cube;st04_Example2_normal_seq7_cube_999999_1,geometry_only,st04_Example2_normal,7,cube,success,/mnt/scratch/pmywe/GPU/3D_irregular_packing_stream/hpc/results/all_instances_geometry/st04_Example2_normal_seq7_cube__overlap_distance__bottom_top__instance_size__rng42.json,247.6267647743225,246.07469582557678,True,,2,0.10738597664501609,0.18528826032021795,2,0.10738597664501609,0.18528826032021795
1307,st04_Example2_normal_seq7_cube,overlap_distance,all,148x148x148,st04_Example2_normal_seq7_cube;st04_Example2_normal_seq7_cube_999999_1,geometry_only,st04_Example2_normal,7,cube,success,/mnt/scratch/pmywe/GPU/3D_irregular_packing_stream/hpc/results/all_instances_geometry/st04_Example2_normal_seq7_cube__overlap_distance__all__instance_size__rng42.json,531.8042392730713,530.2454416751862,True,,2,0.10738597664501609,0.18685128472153673,2,0.10738597664501609,0.18685128472153673
1308,st04_Example2_normal_seq7_cylinder,minimum_aabb_volume,bottom,180x180x180,st04_Example2_normal_seq7_cylinder;st04_Example2_normal_seq7_cylinder_999999_1,geometry_only,st04_Example2_normal,7,cylinder,success,/mnt/scratch/pmywe/GPU/3D_irregular_packing_stream/hpc/results/all_instances_geometry/st04_Example2_normal_seq7_cylinder__minimum_aabb_volume__bottom__instance_size__rng42.json,451.2560706138611,449.4220435619354,True,,1,0.15200410494919037,0.15200410494919037,1,0.15200410494919037,0.15200410494919037
1309,st04_Example2_normal_seq7_cylinder,minimum_aabb_volume,bottom_top,180x180x180,st04_Example2_normal_seq7_cylinder;st04_Example2_normal_seq7_cylinder_999999_1,geometry_only,st04_Example2_normal,7,cylinder,success,/mnt/scratch/pmywe/GPU/3D_irregular_packing_stream/hpc/results/all_instances_geometry/st04_Example2_normal_seq7_cylinder__minimum_aabb_volume__bottom_top__instance_size__rng42.json,483.33882784843445,481.52665185928345,True,,1,0.15200410494919037,0.15200410494919037,1,0.15200410494919037,0.15200410494919037
1310,st04_Example2_normal_seq7_cylinder,minimum_aabb_volume,all,180x180x180,st04_Example2_normal_seq7_cylinder;st04_Example2_normal_seq7_cylinder_999999_1,geometry_only,st04_Example2_normal,7,cylinder,success,/mnt/scratch/pmywe/GPU/3D_irregular_packing_stream/hpc/results/all_instances_geometry/st04_Example2_normal_seq7_cylinder__minimum_aabb_volume__all__instance_size__rng42.json,549.9662654399872,548.1422486305237,True,,1,0.15200410494919037,0.15200410494919037,1,0.15200410494919037,0.15200410494919037
1311,st04_Example2_normal_seq7_cylinder,minimum_aabb_edges_len,bottom,180x180x180,st04_Example2_normal_seq7_cylinder;st04_Example2_normal_seq7_cylinder_999999_1,geometry_only,st04_Example2_normal,7,cylinder,success,/mnt/scratch/pmywe/GPU/3D_irregular_packing_stream/hpc/results/all_instances_geometry/st04_Example2_normal_seq7_cylinder__minimum_aabb_edges_len__bottom__instance_size__rng42.json,453.2441394329071,451.33815360069275,True,,1,0.15200410494919037,0.15200410494919037,1,0.15200410494919037,0.15200410494919037
1312,st04_Example2_normal_seq7_cylinder,minimum_aabb_edges_len,bottom_top,180x180x180,st04_Example2_normal_seq7_cylinder;st04_Example2_normal_seq7_cylinder_999999_1,geometry_only,st04_Example2_normal,7,cylinder,success,/mnt/scratch/pmywe/GPU/3D_irregular_packing_stream/hpc/results/all_instances_geometry/st04_Example2_normal_seq7_cylinder__minimum_aabb_edges_len__bottom_top__instance_size__rng42.json,498.8326852321625,497.05331683158875,True,,1,0.15200410494919037,0.15200410494919037,1,0.15200410494919037,0.15200410494919037
1313,st04_Example2_normal_seq7_cylinder,minimum_aabb_edges_len,all,180x180x180,st04_Example2_normal_seq7_cylinder;st04_Example2_normal_seq7_cylinder_999999_1,geometry_only,st04_Example2_normal,7,cylinder,success,/mnt/scratch/pmywe/GPU/3D_irregular_packing_stream/hpc/results/all_instances_geometry/st04_Example2_normal_seq7_cylinder__minimum_aabb_edges_len__all__instance_size__rng42.json,579.6518769264221,577.8615653514862,True,,1,0.15200410494919037,0.15200410494919037,1,0.15200410494919037,0.15200410494919037
1314,st04_Example2_normal_seq7_cylinder,maximal_residual_box,bottom,180x180x180,st04_Example2_normal_seq7_cylinder;st04_Example2_normal_seq7_cylinder_999999_1,geometry_only,st04_Example2_normal,7,cylinder,success,/mnt/scratch/pmywe/GPU/3D_irregular_packing_stream/hpc/results/all_instances_geometry/st04_Example2_normal_seq7_cylinder__maximal_residual_box__bottom__instance_size__rng42.json,451.596232175827,449.79341435432434,True,,1,0.15200410494919037,0.15200410494919037,1,0.15200410494919037,0.15200410494919037
1315,st04_Example2_normal_seq7_cylinder,maximal_residual_box,bottom_top,180x180x180,st04_Example2_normal_seq7_cylinder;st04_Example2_normal_seq7_cylinder_999999_1,geometry_only,st04_Example2_normal,7,cylinder,success,/mnt/scratch/pmywe/GPU/3D_irregular_packing_stream/hpc/results/all_instances_geometry/st04_Example2_normal_seq7_cylinder__maximal_residual_box__bottom_top__instance_size__rng42.json,480.9557554721832,479.1476752758026,True,,1,0.15200410494919037,0.15200410494919037,1,0.15200410494919037,0.15200410494919037
1316,st04_Example2_normal_seq7_cylinder,maximal_residual_box,all,180x180x180,st04_Example2_normal_seq7_cylinder;st04_Example2_normal_seq7_cylinder_999999_1,geometry_only,st04_Example2_normal,7,cylinder,success,/mnt/scratch/pmywe/GPU/3D_irregular_packing_stream/hpc/results/all_instances_geometry/st04_Example2_normal_seq7_cylinder__maximal_residual_box__all__instance_size__rng42.json,562.5976667404175,560.4148898124695,True,,2,0.07600205247459518,0.13315112125824302,2,0.07600205247459518,0.13315112125824302
1317,st04_Example2_normal_seq7_cylinder,overlap_distance,bottom,180x180x180,st04_Example2_normal_seq7_cylinder;st04_Example2_normal_seq7_cylinder_999999_1,geometry_only,st04_Example2_normal,7,cylinder,success,/mnt/scratch/pmywe/GPU/3D_irregular_packing_stream/hpc/results/all_instances_geometry/st04_Example2_normal_seq7_cylinder__overlap_distance__bottom__instance_size__rng42.json,788.9291145801544,787.1374533176422,True,,1,0.15200410494919037,0.15200410494919037,1,0.15200410494919037,0.15200410494919037
1318,st04_Example2_normal_seq7_cylinder,overlap_distance,bottom_top,180x180x180,st04_Example2_normal_seq7_cylinder;st04_Example2_normal_seq7_cylinder_999999_1,geometry_only,st04_Example2_normal,7,cylinder,success,/mnt/scratch/pmywe/GPU/3D_irregular_packing_stream/hpc/results/all_instances_geometry/st04_Example2_normal_seq7_cylinder__overlap_distance__bottom_top__instance_size__rng42.json,989.1510186195374,987.3918128013611,True,,1,0.15200410494919037,0.15200410494919037,1,0.15200410494919037,0.15200410494919037
1319,st04_Example2_normal_seq7_cylinder,overlap_distance,all,180x180x180,st04_Example2_normal_seq7_cylinder;st04_Example2_normal_seq7_cylinder_999999_1,geometry_only,st04_Example2_normal,7,cylinder,success,/mnt/scratch/pmywe/GPU/3D_irregular_packing_stream/hpc/results/all_instances_geometry/st04_Example2_normal_seq7_cylinder__overlap_distance__all__instance_size__rng42.json,1626.7998094558716,1625.0403769016266,True,,1,0.15200410494919037,0.15200410494919037,1,0.15200410494919037,0.15200410494919037
1320,st04_Example3_normal_seq13_cube,minimum_aabb_volume,bottom,148x148x148,st04_Example3_normal_seq13_cube;st04_Example3_normal_seq13_cube_999999_1,geometry_only,st04_Example3_normal,13,cube,success,/mnt/scratch/pmywe/GPU/3D_irregular_packing_stream/hpc/results/all_instances_geometry/st04_Example3_normal_seq13_cube__minimum_aabb_volume__bottom__instance_size__rng42.json,94.48152470588684,92.63470005989075,True,,2,0.16107896496752414,0.23954806477405088,2,0.16107896496752414,0.23954806477405088
1321,st04_Example3_normal_seq13_cube,minimum_aabb_volume,bottom_top,148x148x148,st04_Example3_normal_seq13_cube;st04_Example3_normal_seq13_cube_999999_1,geometry_only,st04_Example3_normal,13,cube,success,/mnt/scratch/pmywe/GPU/3D_irregular_packing_stream/hpc/results/all_instances_geometry/st04_Example3_normal_seq13_cube__minimum_aabb_volume__bottom_top__instance_size__rng42.json,112.10674953460693,110.3154284954071,True,,2,0.16107896496752414,0.22861121256391526,2,0.16107896496752414,0.22861121256391526
1322,st04_Example3_normal_seq13_cube,minimum_aabb_volume,all,148x148x148,st04_Example3_normal_seq13_cube;st04_Example3_normal_seq13_cube_999999_1,geometry_only,st04_Example3_normal,13,cube,success,/mnt/scratch/pmywe/GPU/3D_irregular_packing_stream/hpc/results/all_instances_geometry/st04_Example3_normal_seq13_cube__minimum_aabb_volume__all__instance_size__rng42.json,150.08097863197327,148.34081077575684,True,,2,0.16107896496752414,0.24074154048131405,2,0.16107896496752414,0.24074154048131405
1323,st04_Example3_normal_seq13_cube,minimum_aabb_edges_len,bottom,148x148x148,st04_Example3_normal_seq13_cube;st04_Example3_normal_seq13_cube_999999_1,geometry_only,st04_Example3_normal,13,cube,success,/mnt/scratch/pmywe/GPU/3D_irregular_packing_stream/hpc/results/all_instances_geometry/st04_Example3_normal_seq13_cube__minimum_aabb_edges_len__bottom__instance_size__rng42.json,104.38057065010071,102.6198034286499,True,,2,0.16107896496752414,0.22445610329101928,2,0.16107896496752414,0.22445610329101928
1324,st04_Example3_normal_seq13_cube,minimum_aabb_edges_len,bottom_top,148x148x148,st04_Example3_normal_seq13_cube;st04_Example3_normal_seq13_cube_999999_1,geometry_only,st04_Example3_normal,13,cube,success,/mnt/scratch/pmywe/GPU/3D_irregular_packing_stream/hpc/results/all_instances_geometry/st04_Example3_normal_seq13_cube__minimum_aabb_edges_len__bottom_top__instance_size__rng42.json,111.43281650543213,109.69579243659973,True,,2,0.16107896496752414,0.2620310001381952,2,0.16107896496752414,0.2620310001381952
1325,st04_Example3_normal_seq13_cube,minimum_aabb_edges_len,all,148x148x148,st04_Example3_normal_seq13_cube;st04_Example3_normal_seq13_cube_999999_1,geometry_only,st04_Example3_normal,13,cube,success,/mnt/scratch/pmywe/GPU/3D_irregular_packing_stream/hpc/results/all_instances_geometry/st04_Example3_normal_seq13_cube__minimum_aabb_edges_len__all__instance_size__rng42.json,163.3988115787506,161.65943932533264,True,,2,0.16107896496752414,0.23954806477405088,2,0.16107896496752414,0.23954806477405088
1326,st04_Example3_normal_seq13_cube,maximal_residual_box,bottom,148x148x148,st04_Example3_normal_seq13_cube;st04_Example3_normal_seq13_cube_999999_1,geometry_only,st04_Example3_normal,13,cube,success,/mnt/scratch/pmywe/GPU/3D_irregular_packing_stream/hpc/results/all_instances_geometry/st04_Example3_normal_seq13_cube__maximal_residual_box__bottom__instance_size__rng42.json,92.89182829856873,91.12915587425232,True,,2,0.16107896496752414,0.2673795851183543,2,0.16107896496752414,0.2673795851183543
1327,st04_Example3_normal_seq13_cube,maximal_residual_box,bottom_top,148x148x148,st04_Example3_normal_seq13_cube;st04_Example3_normal_seq13_cube_999999_1,geometry_only,st04_Example3_normal,13,cube,success,/mnt/scratch/pmywe/GPU/3D_irregular_packing_stream/hpc/results/all_instances_geometry/st04_Example3_normal_seq13_cube__maximal_residual_box__bottom_top__instance_size__rng42.json,100.03041982650757,98.27953839302063,True,,2,0.16107896496752414,0.2673795851183543,2,0.16107896496752414,0.2673795851183543
1328,st04_Example3_normal_seq13_cube,maximal_residual_box,all,148x148x148,st04_Example3_normal_seq13_cube;st04_Example3_normal_seq13_cube_999999_1,geometry_only,st04_Example3_normal,13,cube,success,/mnt/scratch/pmywe/GPU/3D_irregular_packing_stream/hpc/results/all_instances_geometry/st04_Example3_normal_seq13_cube__maximal_residual_box__all__instance_size__rng42.json,163.3404610157013,161.6284897327423,True,,2,0.16107896496752414,0.22618940388525852,2,0.16107896496752414,0.22618940388525852
1329,st04_Example3_normal_seq13_cube,overlap_distance,bottom,148x148x148,st04_Example3_normal_seq13_cube;st04_Example3_normal_seq13_cube_999999_1,geometry_only,st04_Example3_normal,13,cube,success,/mnt/scratch/pmywe/GPU/3D_irregular_packing_stream/hpc/results/all_instances_geometry/st04_Example3_normal_seq13_cube__overlap_distance__bottom__instance_size__rng42.json,421.95664954185486,420.22149562835693,True,,2,0.16107896496752414,0.23359024885001875,2,0.16107896496752414,0.23359024885001875
1330,st04_Example3_normal_seq13_cube,overlap_distance,bottom_top,148x148x148,st04_Example3_normal_seq13_cube;st04_Example3_normal_seq13_cube_999999_1,geometry_only,st04_Example3_normal,13,cube,success,/mnt/scratch/pmywe/GPU/3D_irregular_packing_stream/hpc/results/all_instances_geometry/st04_Example3_normal_seq13_cube__overlap_distance__bottom_top__instance_size__rng42.json,393.5282566547394,391.7530744075775,True,,2,0.16107896496752414,0.22813647513474028,2,0.16107896496752414,0.22813647513474028
1331,st04_Example3_normal_seq13_cube,overlap_distance,all,148x148x148,st04_Example3_normal_seq13_cube;st04_Example3_normal_seq13_cube_999999_1,geometry_only,st04_Example3_normal,13,cube,success,/mnt/scratch/pmywe/GPU/3D_irregular_packing_stream/hpc/results/all_instances_geometry/st04_Example3_normal_seq13_cube__overlap_distance__all__instance_size__rng42.json,799.0017197132111,797.2265746593475,True,,2,0.16107896496752414,0.201973167926875,2,0.16107896496752414,0.201973167926875
1332,st04_Example3_normal_seq13_cylinder,minimum_aabb_volume,bottom,180x180x180,st04_Example3_normal_seq13_cylinder;st04_Example3_normal_seq13_cylinder_999999_1,geometry_only,st04_Example3_normal,13,cylinder,success,/mnt/scratch/pmywe/GPU/3D_irregular_packing_stream/hpc/results/all_instances_geometry/st04_Example3_normal_seq13_cylinder__minimum_aabb_volume__bottom__instance_size__rng42.json,611.4051561355591,609.301340341568,True,,2,0.11400307871189277,0.21118616526928777,2,0.11400307871189277,0.21118616526928777
1333,st04_Example3_normal_seq13_cylinder,minimum_aabb_volume,bottom_top,180x180x180,st04_Example3_normal_seq13_cylinder;st04_Example3_normal_seq13_cylinder_999999_1,geometry_only,st04_Example3_normal,13,cylinder,success,/mnt/scratch/pmywe/GPU/3D_irregular_packing_stream/hpc/results/all_instances_geometry/st04_Example3_normal_seq13_cylinder__minimum_aabb_volume__bottom_top__instance_size__rng42.json,647.8091332912445,645.6945259571075,True,,2,0.11400307871189277,0.21118616526928777,2,0.11400307871189277,0.21118616526928777
1334,st04_Example3_normal_seq13_cylinder,minimum_aabb_volume,all,180x180x180,st04_Example3_normal_seq13_cylinder;st04_Example3_normal_seq13_cylinder_999999_1,geometry_only,st04_Example3_normal,13,cylinder,success,/mnt/scratch/pmywe/GPU/3D_irregular_packing_stream/hpc/results/all_instances_geometry/st04_Example3_normal_seq13_cylinder__minimum_aabb_volume__all__instance_size__rng42.json,765.0846214294434,763.0073163509369,True,,2,0.11400307871189277,0.19319205064023823,2,0.11400307871189277,0.19319205064023823
1335,st04_Example3_normal_seq13_cylinder,minimum_aabb_edges_len,bottom,180x180x180,st04_Example3_normal_seq13_cylinder;st04_Example3_normal_seq13_cylinder_999999_1,geometry_only,st04_Example3_normal,13,cylinder,success,/mnt/scratch/pmywe/GPU/3D_irregular_packing_stream/hpc/results/all_instances_geometry/st04_Example3_normal_seq13_cylinder__minimum_aabb_edges_len__bottom__instance_size__rng42.json,643.67702460289,641.5955543518066,True,,2,0.11400307871189277,0.19319205064023823,2,0.11400307871189277,0.19319205064023823
1336,st04_Example3_normal_seq13_cylinder,minimum_aabb_edges_len,bottom_top,180x180x180,st04_Example3_normal_seq13_cylinder;st04_Example3_normal_seq13_cylinder_999999_1,geometry_only,st04_Example3_normal,13,cylinder,success,/mnt/scratch/pmywe/GPU/3D_irregular_packing_stream/hpc/results/all_instances_geometry/st04_Example3_normal_seq13_cylinder__minimum_aabb_edges_len__bottom_top__instance_size__rng42.json,706.8404099941254,704.7450232505798,True,,2,0.11400307871189277,0.1983212498624618,2,0.11400307871189277,0.1983212498624618
1337,st04_Example3_normal_seq13_cylinder,minimum_aabb_edges_len,all,180x180x180,st04_Example3_normal_seq13_cylinder;st04_Example3_normal_seq13_cylinder_999999_1,geometry_only,st04_Example3_normal,13,cylinder,success,/mnt/scratch/pmywe/GPU/3D_irregular_packing_stream/hpc/results/all_instances_geometry/st04_Example3_normal_seq13_cylinder__minimum_aabb_edges_len__all__instance_size__rng42.json,771.7668781280518,769.7005214691162,True,,2,0.11400307871189277,0.20227632661013364,2,0.11400307871189277,0.20227632661013364
1338,st04_Example3_normal_seq13_cylinder,maximal_residual_box,bottom,180x180x180,st04_Example3_normal_seq13_cylinder;st04_Example3_normal_seq13_cylinder_999999_1,geometry_only,st04_Example3_normal,13,cylinder,success,/mnt/scratch/pmywe/GPU/3D_irregular_packing_stream/hpc/results/all_instances_geometry/st04_Example3_normal_seq13_cylinder__maximal_residual_box__bottom__instance_size__rng42.json,644.5669345855713,642.4172897338867,True,,2,0.11400307871189277,0.19319205064023823,2,0.11400307871189277,0.19319205064023823
1339,st04_Example3_normal_seq13_cylinder,maximal_residual_box,bottom_top,180x180x180,st04_Example3_normal_seq13_cylinder;st04_Example3_normal_seq13_cylinder_999999_1,geometry_only,st04_Example3_normal,13,cylinder,success,/mnt/scratch/pmywe/GPU/3D_irregular_packing_stream/hpc/results/all_instances_geometry/st04_Example3_normal_seq13_cylinder__maximal_residual_box__bottom_top__instance_size__rng42.json,680.8682346343994,678.7058436870575,True,,2,0.11400307871189277,0.19319205064023823,2,0.11400307871189277,0.19319205064023823
1340,st04_Example3_normal_seq13_cylinder,maximal_residual_box,all,180x180x180,st04_Example3_normal_seq13_cylinder;st04_Example3_normal_seq13_cylinder_999999_1,geometry_only,st04_Example3_normal,13,cylinder,success,/mnt/scratch/pmywe/GPU/3D_irregular_packing_stream/hpc/results/all_instances_geometry/st04_Example3_normal_seq13_cylinder__maximal_residual_box__all__instance_size__rng42.json,780.6555261611938,778.567224740982,True,,2,0.11400307871189277,0.18123490787178828,2,0.11400307871189277,0.18123490787178828
1341,st04_Example3_normal_seq13_cylinder,overlap_distance,bottom,180x180x180,st04_Example3_normal_seq13_cylinder;st04_Example3_normal_seq13_cylinder_999999_1,geometry_only,st04_Example3_normal,13,cylinder,success,/mnt/scratch/pmywe/GPU/3D_irregular_packing_stream/hpc/results/all_instances_geometry/st04_Example3_normal_seq13_cylinder__overlap_distance__bottom__instance_size__rng42.json,1069.4494233131409,1067.364175081253,True,,2,0.11400307871189277,0.18923697389256638,2,0.11400307871189277,0.18923697389256638
1342,st04_Example3_normal_seq13_cylinder,overlap_distance,bottom_top,180x180x180,st04_Example3_normal_seq13_cylinder;st04_Example3_normal_seq13_cylinder_999999_1,geometry_only,st04_Example3_normal,13,cylinder,success,/mnt/scratch/pmywe/GPU/3D_irregular_packing_stream/hpc/results/all_instances_geometry/st04_Example3_normal_seq13_cylinder__overlap_distance__bottom_top__instance_size__rng42.json,1558.0452206134796,1555.970824956894,True,,2,0.11400307871189277,0.19319205064023823,2,0.11400307871189277,0.19319205064023823
1343,st04_Example3_normal_seq13_cylinder,overlap_distance,all,180x180x180,st04_Example3_normal_seq13_cylinder;st04_Example3_normal_seq13_cylinder_999999_1,geometry_only,st04_Example3_normal,13,cylinder,success,/mnt/scratch/pmywe/GPU/3D_irregular_packing_stream/hpc/results/all_instances_geometry/st04_Example3_normal_seq13_cylinder__overlap_distance__all__instance_size__rng42.json,2468.9627804756165,2466.890635251999,True,,2,0.11400307871189277,0.16659854773485583,2,0.11400307871189277,0.16659854773485583
1344,st04_Example3_normal_seq19_cube,minimum_aabb_volume,bottom,148x148x148,st04_Example3_normal_seq19_cube;st04_Example3_normal_seq19_cube_999999_1,geometry_only,st04_Example3_normal,19,cube,success,/mnt/scratch/pmywe/GPU/3D_irregular_packing_stream/hpc/results/all_instances_geometry/st04_Example3_normal_seq19_cube__minimum_aabb_volume__bottom__instance_size__rng42.json,95.56095361709595,93.81231999397278,True,,2,0.16107896496752414,0.19203206127968728,2,0.16107896496752414,0.19203206127968728
1345,st04_Example3_normal_seq19_cube,minimum_aabb_volume,bottom_top,148x148x148,st04_Example3_normal_seq19_cube;st04_Example3_normal_seq19_cube_999999_1,geometry_only,st04_Example3_normal,19,cube,success,/mnt/scratch/pmywe/GPU/3D_irregular_packing_stream/hpc/results/all_instances_geometry/st04_Example3_normal_seq19_cube__minimum_aabb_volume__bottom_top__instance_size__rng42.json,111.68924760818481,109.90694999694824,True,,2,0.16107896496752414,0.19203206127968728,2,0.16107896496752414,0.19203206127968728
1346,st04_Example3_normal_seq19_cube,minimum_aabb_volume,all,148x148x148,st04_Example3_normal_seq19_cube;st04_Example3_normal_seq19_cube_999999_1,geometry_only,st04_Example3_normal,19,cube,success,/mnt/scratch/pmywe/GPU/3D_irregular_packing_stream/hpc/results/all_instances_geometry/st04_Example3_normal_seq19_cube__minimum_aabb_volume__all__instance_size__rng42.json,154.30657839775085,152.5424463748932,True,,2,0.16107896496752414,0.18228868477681479,2,0.16107896496752414,0.18228868477681479
1347,st04_Example3_normal_seq19_cube,minimum_aabb_edges_len,bottom,148x148x148,st04_Example3_normal_seq19_cube;st04_Example3_normal_seq19_cube_999999_1,geometry_only,st04_Example3_normal,19,cube,success,/mnt/scratch/pmywe/GPU/3D_irregular_packing_stream/hpc/results/all_instances_geometry/st04_Example3_normal_seq19_cube__minimum_aabb_edges_len__bottom__instance_size__rng42.json,93.92616748809814,92.1564474105835,True,,2,0.16107896496752414,0.21064337255443902,2,0.16107896496752414,0.21064337255443902
1348,st04_Example3_normal_seq19_cube,minimum_aabb_edges_len,bottom_top,148x148x148,st04_Example3_normal_seq19_cube;st04_Example3_normal_seq19_cube_999999_1,geometry_only,st04_Example3_normal,19,cube,success,/mnt/scratch/pmywe/GPU/3D_irregular_packing_stream/hpc/results/all_instances_geometry/st04_Example3_normal_seq19_cube__minimum_aabb_edges_len__bottom_top__instance_size__rng42.json,119.81130242347717,118.08474969863892,True,,2,0.16107896496752414,0.230130125560184,2,0.16107896496752414,0.230130125560184
1349,st04_Example3_normal_seq19_cube,minimum_aabb_edges_len,all,148x148x148,st04_Example3_normal_seq19_cube;st04_Example3_normal_seq19_cube_999999_1,geometry_only,st04_Example3_normal,19,cube,success,/mnt/scratch/pmywe/GPU/3D_irregular_packing_stream/hpc/results/all_instances_geometry/st04_Example3_normal_seq19_cube__minimum_aabb_edges_len__all__instance_size__rng42.json,155.84703993797302,154.09337973594666,True,,2,0.16107896496752414,0.1878769520067913,2,0.16107896496752414,0.1878769520067913
1350,st04_Example3_normal_seq19_cube,maximal_residual_box,bottom,148x148x148,st04_Example3_normal_seq19_cube;st04_Example3_normal_seq19_cube_999999_1,geometry_only,st04_Example3_normal,19,cube,success,/mnt/scratch/pmywe/GPU/3D_irregular_packing_stream/hpc/results/all_instances_geometry/st04_Example3_normal_seq19_cube__maximal_residual_box__bottom__instance_size__rng42.json,92.02537870407104,90.25914096832275,True,,2,0.16107896496752414,0.21064337255443902,2,0.16107896496752414,0.21064337255443902
1351,st04_Example3_normal_seq19_cube,maximal_residual_box,bottom_top,148x148x148,st04_Example3_normal_seq19_cube;st04_Example3_normal_seq19_cube_999999_1,geometry_only,st04_Example3_normal,19,cube,success,/mnt/scratch/pmywe/GPU/3D_irregular_packing_stream/hpc/results/all_instances_geometry/st04_Example3_normal_seq19_cube__maximal_residual_box__bottom_top__instance_size__rng42.json,110.23533511161804,108.4704201221466,True,,2,0.16107896496752414,0.21064337255443902,2,0.16107896496752414,0.21064337255443902
1352,st04_Example3_normal_seq19_cube,maximal_residual_box,all,148x148x148,st04_Example3_normal_seq19_cube;st04_Example3_normal_seq19_cube_999999_1,geometry_only,st04_Example3_normal,19,cube,success,/mnt/scratch/pmywe/GPU/3D_irregular_packing_stream/hpc/results/all_instances_geometry/st04_Example3_normal_seq19_cube__maximal_residual_box__all__instance_size__rng42.json,152.41341137886047,150.67917943000793,True,,2,0.16107896496752414,0.2203867490573115,2,0.16107896496752414,0.2203867490573115
1353,st04_Example3_normal_seq19_cube,overlap_distance,bottom,148x148x148,st04_Example3_normal_seq19_cube;st04_Example3_normal_seq19_cube_999999_1,geometry_only,st04_Example3_normal,19,cube,success,/mnt/scratch/pmywe/GPU/3D_irregular_packing_stream/hpc/results/all_instances_geometry/st04_Example3_normal_seq19_cube__overlap_distance__bottom__instance_size__rng42.json,288.56988763809204,286.8143255710602,True,,2,0.16107896496752414,0.21064337255443902,2,0.16107896496752414,0.21064337255443902
1354,st04_Example3_normal_seq19_cube,overlap_distance,bottom_top,148x148x148,st04_Example3_normal_seq19_cube;st04_Example3_normal_seq19_cube_999999_1,geometry_only,st04_Example3_normal,19,cube,success,/mnt/scratch/pmywe/GPU/3D_irregular_packing_stream/hpc/results/all_instances_geometry/st04_Example3_normal_seq19_cube__overlap_distance__bottom_top__instance_size__rng42.json,381.9245548248291,380.17998814582825,True,,2,0.16107896496752414,0.16174294957850474,2,0.16107896496752414,0.16174294957850474
1355,st04_Example3_normal_seq19_cube,overlap_distance,all,148x148x148,st04_Example3_normal_seq19_cube;st04_Example3_normal_seq19_cube_999999_1,geometry_only,st04_Example3_normal,19,cube,success,/mnt/scratch/pmywe/GPU/3D_irregular_packing_stream/hpc/results/all_instances_geometry/st04_Example3_normal_seq19_cube__overlap_distance__all__instance_size__rng42.json,768.8238360881805,767.0715372562408,True,,2,0.16107896496752414,0.17135183256667916,2,0.16107896496752414,0.17135183256667916
1356,st04_Example3_normal_seq19_cylinder,minimum_aabb_volume,bottom,180x180x180,st04_Example3_normal_seq19_cylinder;st04_Example3_normal_seq19_cylinder_999999_1,geometry_only,st04_Example3_normal,19,cylinder,success,/mnt/scratch/pmywe/GPU/3D_irregular_packing_stream/hpc/results/all_instances_geometry/st04_Example3_normal_seq19_cylinder__minimum_aabb_volume__bottom__instance_size__rng42.json,645.6140658855438,643.5176455974579,True,,2,0.11400307871189277,0.1829417300186915,2,0.11400307871189277,0.1829417300186915
1357,st04_Example3_normal_seq19_cylinder,minimum_aabb_volume,bottom_top,180x180x180,st04_Example3_normal_seq19_cylinder;st04_Example3_normal_seq19_cylinder_999999_1,geometry_only,st04_Example3_normal,19,cylinder,success,/mnt/scratch/pmywe/GPU/3D_irregular_packing_stream/hpc/results/all_instances_geometry/st04_Example3_normal_seq19_cylinder__minimum_aabb_volume__bottom_top__instance_size__rng42.json,686.7305433750153,684.6204302310944,True,,2,0.11400307871189277,0.1829417300186915,2,0.11400307871189277,0.1829417300186915
1358,st04_Example3_normal_seq19_cylinder,minimum_aabb_volume,all,180x180x180,st04_Example3_normal_seq19_cylinder;st04_Example3_normal_seq19_cylinder_999999_1,geometry_only,st04_Example3_normal,19,cylinder,success,/mnt/scratch/pmywe/GPU/3D_irregular_packing_stream/hpc/results/all_instances_geometry/st04_Example3_normal_seq19_cylinder__minimum_aabb_volume__all__instance_size__rng42.json,811.8888578414917,809.7826900482178,True,,2,0.11400307871189277,0.16287379809961464,2,0.11400307871189277,0.16287379809961464
1359,st04_Example3_normal_seq19_cylinder,minimum_aabb_edges_len,bottom,180x180x180,st04_Example3_normal_seq19_cylinder;st04_Example3_normal_seq19_cylinder_999999_1,geometry_only,st04_Example3_normal,19,cylinder,success,/mnt/scratch/pmywe/GPU/3D_irregular_packing_stream/hpc/results/all_instances_geometry/st04_Example3_normal_seq19_cylinder__minimum_aabb_edges_len__bottom__instance_size__rng42.json,660.1867773532867,658.0864169597626,True,,2,0.11400307871189277,0.1829417300186915,2,0.11400307871189277,0.1829417300186915
1360,st04_Example3_normal_seq19_cylinder,minimum_aabb_edges_len,bottom_top,180x180x180,st04_Example3_normal_seq19_cylinder;st04_Example3_normal_seq19_cylinder_999999_1,geometry_only,st04_Example3_normal,19,cylinder,success,/mnt/scratch/pmywe/GPU/3D_irregular_packing_stream/hpc/results/all_instances_geometry/st04_Example3_normal_seq19_cylinder__minimum_aabb_edges_len__bottom_top__instance_size__rng42.json,704.3498132228851,702.2653768062592,True,,2,0.11400307871189277,0.20300966193776832,2,0.11400307871189277,0.20300966193776832
1361,st04_Example3_normal_seq19_cylinder,minimum_aabb_edges_len,all,180x180x180,st04_Example3_normal_seq19_cylinder;st04_Example3_normal_seq19_cylinder_999999_1,geometry_only,st04_Example3_normal,19,cylinder,success,/mnt/scratch/pmywe/GPU/3D_irregular_packing_stream/hpc/results/all_instances_geometry/st04_Example3_normal_seq19_cylinder__minimum_aabb_edges_len__all__instance_size__rng42.json,792.5907044410706,790.5157387256622,True,,2,0.11400307871189277,0.18689680676636333,2,0.11400307871189277,0.18689680676636333
1362,st04_Example3_normal_seq19_cylinder,maximal_residual_box,bottom,180x180x180,st04_Example3_normal_seq19_cylinder;st04_Example3_normal_seq19_cylinder_999999_1,geometry_only,st04_Example3_normal,19,cylinder,success,/mnt/scratch/pmywe/GPU/3D_irregular_packing_stream/hpc/results/all_instances_geometry/st04_Example3_normal_seq19_cylinder__maximal_residual_box__bottom__instance_size__rng42.json,673.154744386673,671.0152547359467,True,,2,0.11400307871189277,0.18147746087833846,2,0.11400307871189277,0.18147746087833846
1363,st04_Example3_normal_seq19_cylinder,maximal_residual_box,bottom_top,180x180x180,st04_Example3_normal_seq19_cylinder;st04_Example3_normal_seq19_cylinder_999999_1,geometry_only,st04_Example3_normal,19,cylinder,success,/mnt/scratch/pmywe/GPU/3D_irregular_packing_stream/hpc/results/all_instances_geometry/st04_Example3_normal_seq19_cylinder__maximal_residual_box__bottom_top__instance_size__rng42.json,715.0610337257385,712.9614403247833,True,,2,0.11400307871189277,0.18147746087833846,2,0.11400307871189277,0.18147746087833846
1364,st04_Example3_normal_seq19_cylinder,maximal_residual_box,all,180x180x180,st04_Example3_normal_seq19_cylinder;st04_Example3_normal_seq19_cylinder_999999_1,geometry_only,st04_Example3_normal,19,cylinder,success,/mnt/scratch/pmywe/GPU/3D_irregular_packing_stream/hpc/results/all_instances_geometry/st04_Example3_normal_seq19_cylinder__maximal_residual_box__all__instance_size__rng42.json,801.6091525554657,799.5685021877289,True,,2,0.11400307871189277,0.16287379809961464,2,0.11400307871189277,0.16287379809961464
1365,st04_Example3_normal_seq19_cylinder,overlap_distance,bottom,180x180x180,st04_Example3_normal_seq19_cylinder;st04_Example3_normal_seq19_cylinder_999999_1,geometry_only,st04_Example3_normal,19,cylinder,success,/mnt/scratch/pmywe/GPU/3D_irregular_packing_stream/hpc/results/all_instances_geometry/st04_Example3_normal_seq19_cylinder__overlap_distance__bottom__instance_size__rng42.json,1057.1316556930542,1055.025784254074,True,,2,0.11400307871189277,0.16287379809961464,2,0.11400307871189277,0.16287379809961464
1366,st04_Example3_normal_seq19_cylinder,overlap_distance,bottom_top,180x180x180,st04_Example3_normal_seq19_cylinder;st04_Example3_normal_seq19_cylinder_999999_1,geometry_only,st04_Example3_normal,19,cylinder,success,/mnt/scratch/pmywe/GPU/3D_irregular_packing_stream/hpc/results/all_instances_geometry/st04_Example3_normal_seq19_cylinder__overlap_distance__bottom_top__instance_size__rng42.json,1632.399015903473,1630.271853685379,True,,2,0.11400307871189277,0.1920260059885869,2,0.11400307871189277,0.1920260059885869
1367,st04_Example3_normal_seq19_cylinder,overlap_distance,all,180x180x180,st04_Example3_normal_seq19_cylinder;st04_Example3_normal_seq19_cylinder_999999_1,geometry_only,st04_Example3_normal,19,cylinder,success,/mnt/scratch/pmywe/GPU/3D_irregular_packing_stream/hpc/results/all_instances_geometry/st04_Example3_normal_seq19_cylinder__overlap_distance__all__instance_size__rng42.json,2597.3612203598022,2595.2958977222443,True,,2,0.11400307871189277,0.15303719300229168,2,0.11400307871189277,0.15303719300229168
1368,st04_Example3_normal_seq3_cube,minimum_aabb_volume,bottom,148x148x148,st04_Example3_normal_seq3_cube;st04_Example3_normal_seq3_cube_999999_1,geometry_only,st04_Example3_normal,3,cube,success,/mnt/scratch/pmywe/GPU/3D_irregular_packing_stream/hpc/results/all_instances_geometry/st04_Example3_normal_seq3_cube__minimum_aabb_volume__bottom__instance_size__rng42.json,102.11958861351013,100.3313660621643,True,,2,0.16107896496752414,0.20623469982034628,2,0.16107896496752414,0.20623469982034628
1369,st04_Example3_normal_seq3_cube,minimum_aabb_volume,bottom_top,148x148x148,st04_Example3_normal_seq3_cube;st04_Example3_normal_seq3_cube_999999_1,geometry_only,st04_Example3_normal,3,cube,success,/mnt/scratch/pmywe/GPU/3D_irregular_packing_stream/hpc/results/all_instances_geometry/st04_Example3_normal_seq3_cube__minimum_aabb_volume__bottom_top__instance_size__rng42.json,113.57848191261292,111.86241316795349,True,,2,0.16107896496752414,0.20107366542949084,2,0.16107896496752414,0.20107366542949084
1370,st04_Example3_normal_seq3_cube,minimum_aabb_volume,all,148x148x148,st04_Example3_normal_seq3_cube;st04_Example3_normal_seq3_cube_999999_1,geometry_only,st04_Example3_normal,3,cube,success,/mnt/scratch/pmywe/GPU/3D_irregular_packing_stream/hpc/results/all_instances_geometry/st04_Example3_normal_seq3_cube__minimum_aabb_volume__all__instance_size__rng42.json,154.1633198261261,152.43034863471985,True,,2,0.16107896496752414,0.1824623541547391,2,0.16107896496752414,0.1824623541547391
1371,st04_Example3_normal_seq3_cube,minimum_aabb_edges_len,bottom,148x148x148,st04_Example3_normal_seq3_cube;st04_Example3_normal_seq3_cube_999999_1,geometry_only,st04_Example3_normal,3,cube,success,/mnt/scratch/pmywe/GPU/3D_irregular_packing_stream/hpc/results/all_instances_geometry/st04_Example3_normal_seq3_cube__minimum_aabb_edges_len__bottom__instance_size__rng42.json,97.97438979148865,96.24050045013428,True,,2,0.16107896496752414,0.18781093913489824,2,0.16107896496752414,0.18781093913489824
1372,st04_Example3_normal_seq3_cube,minimum_aabb_edges_len,bottom_top,148x148x148,st04_Example3_normal_seq3_cube;st04_Example3_normal_seq3_cube_999999_1,geometry_only,st04_Example3_normal,3,cube,success,/mnt/scratch/pmywe/GPU/3D_irregular_packing_stream/hpc/results/all_instances_geometry/st04_Example3_normal_seq3_cube__minimum_aabb_edges_len__bottom_top__instance_size__rng42.json,123.37169051170349,121.61479067802429,True,,2,0.16107896496752414,0.24452031469014668,2,0.16107896496752414,0.24452031469014668
1373,st04_Example3_normal_seq3_cube,minimum_aabb_edges_len,all,148x148x148,st04_Example3_normal_seq3_cube;st04_Example3_normal_seq3_cube_999999_1,geometry_only,st04_Example3_normal,3,cube,success,/mnt/scratch/pmywe/GPU/3D_irregular_packing_stream/hpc/results/all_instances_geometry/st04_Example3_normal_seq3_cube__minimum_aabb_edges_len__all__instance_size__rng42.json,167.84251284599304,166.08583164215088,True,,2,0.16107896496752414,0.18781093913489824,2,0.16107896496752414,0.18781093913489824
1374,st04_Example3_normal_seq3_cube,maximal_residual_box,bottom,148x148x148,st04_Example3_normal_seq3_cube;st04_Example3_normal_seq3_cube_999999_1,geometry_only,st04_Example3_normal,3,cube,success,/mnt/scratch/pmywe/GPU/3D_irregular_packing_stream/hpc/results/all_instances_geometry/st04_Example3_normal_seq3_cube__maximal_residual_box__bottom__instance_size__rng42.json,98.23033046722412,96.45338106155396,True,,2,0.16107896496752414,0.18365582986200224,2,0.16107896496752414,0.18365582986200224
1375,st04_Example3_normal_seq3_cube,maximal_residual_box,bottom_top,148x148x148,st04_Example3_normal_seq3_cube;st04_Example3_normal_seq3_cube_999999_1,geometry_only,st04_Example3_normal,3,cube,success,/mnt/scratch/pmywe/GPU/3D_irregular_packing_stream/hpc/results/all_instances_geometry/st04_Example3_normal_seq3_cube__maximal_residual_box__bottom_top__instance_size__rng42.json,112.58342599868774,110.86628293991089,True,,2,0.16107896496752414,0.18365582986200224,2,0.16107896496752414,0.18365582986200224
1376,st04_Example3_normal_seq3_cube,maximal_residual_box,all,148x148x148,st04_Example3_normal_seq3_cube;st04_Example3_normal_seq3_cube_999999_1,geometry_only,st04_Example3_normal,3,cube,success,/mnt/scratch/pmywe/GPU/3D_irregular_packing_stream/hpc/results/all_instances_geometry/st04_Example3_normal_seq3_cube__maximal_residual_box__all__instance_size__rng42.json,155.09134769439697,153.34167742729187,True,,2,0.16107896496752414,0.204705607269066,2,0.16107896496752414,0.204705607269066
1377,st04_Example3_normal_seq3_cube,overlap_distance,bottom,148x148x148,st04_Example3_normal_seq3_cube;st04_Example3_normal_seq3_cube_999999_1,geometry_only,st04_Example3_normal,3,cube,success,/mnt/scratch/pmywe/GPU/3D_irregular_packing_stream/hpc/results/all_instances_geometry/st04_Example3_normal_seq3_cube__overlap_distance__bottom__instance_size__rng42.json,332.5317704677582,330.80372381210327,True,,2,0.16107896496752414,0.20107366542949084,2,0.16107896496752414,0.20107366542949084
1378,st04_Example3_normal_seq3_cube,overlap_distance,bottom_top,148x148x148,st04_Example3_normal_seq3_cube;st04_Example3_normal_seq3_cube_999999_1,geometry_only,st04_Example3_normal,3,cube,success,/mnt/scratch/pmywe/GPU/3D_irregular_packing_stream/hpc/results/all_instances_geometry/st04_Example3_normal_seq3_cube__overlap_distance__bottom_top__instance_size__rng42.json,430.3050923347473,428.56598711013794,True,,2,0.16107896496752414,0.2102938744990425,2,0.16107896496752414,0.2102938744990425
1379,st04_Example3_normal_seq3_cube,overlap_distance,all,148x148x148,st04_Example3_normal_seq3_cube;st04_Example3_normal_seq3_cube_999999_1,geometry_only,st04_Example3_normal,3,cube,success,/mnt/scratch/pmywe/GPU/3D_irregular_packing_stream/hpc/results/all_instances_geometry/st04_Example3_normal_seq3_cube__overlap_distance__all__instance_size__rng42.json,860.781272649765,858.6759724617004,True,,3,0.10738597664501609,0.1547844525497009,3,0.10738597664501609,0.1547844525497009
1380,st04_Example3_normal_seq3_cylinder,minimum_aabb_volume,bottom,180x180x180,st04_Example3_normal_seq3_cylinder;st04_Example3_normal_seq3_cylinder_999999_1,geometry_only,st04_Example3_normal,3,cylinder,success,/mnt/scratch/pmywe/GPU/3D_irregular_packing_stream/hpc/results/all_instances_geometry/st04_Example3_normal_seq3_cylinder__minimum_aabb_volume__bottom__instance_size__rng42.json,636.0576844215393,633.9398090839386,True,,2,0.11400307871189277,0.2009277668248406,2,0.11400307871189277,0.2009277668248406
1381,st04_Example3_normal_seq3_cylinder,minimum_aabb_volume,bottom_top,180x180x180,st04_Example3_normal_seq3_cylinder;st04_Example3_normal_seq3_cylinder_999999_1,geometry_only,st04_Example3_normal,3,cylinder,success,/mnt/scratch/pmywe/GPU/3D_irregular_packing_stream/hpc/results/all_instances_geometry/st04_Example3_normal_seq3_cylinder__minimum_aabb_volume__bottom_top__instance_size__rng42.json,679.6770331859589,677.549822807312,True,,2,0.11400307871189277,0.2009277668248406,2,0.11400307871189277,0.2009277668248406
1382,st04_Example3_normal_seq3_cylinder,minimum_aabb_volume,all,180x180x180,st04_Example3_normal_seq3_cylinder;st04_Example3_normal_seq3_cylinder_999999_1,geometry_only,st04_Example3_normal,3,cylinder,success,/mnt/scratch/pmywe/GPU/3D_irregular_packing_stream/hpc/results/all_instances_geometry/st04_Example3_normal_seq3_cylinder__minimum_aabb_volume__all__instance_size__rng42.json,828.1197047233582,826.0292751789093,True,,2,0.11400307871189277,0.1653178853258338,2,0.11400307871189277,0.1653178853258338
1383,st04_Example3_normal_seq3_cylinder,minimum_aabb_edges_len,bottom,180x180x180,st04_Example3_normal_seq3_cylinder;st04_Example3_normal_seq3_cylinder_999999_1,geometry_only,st04_Example3_normal,3,cylinder,success,/mnt/scratch/pmywe/GPU/3D_irregular_packing_stream/hpc/results/all_instances_geometry/st04_Example3_normal_seq3_cylinder__minimum_aabb_edges_len__bottom__instance_size__rng42.json,667.7092685699463,665.5729432106018,True,,2,0.11400307871189277,0.1770134812879407,2,0.11400307871189277,0.1770134812879407
1384,st04_Example3_normal_seq3_cylinder,minimum_aabb_edges_len,bottom_top,180x180x180,st04_Example3_normal_seq3_cylinder;st04_Example3_normal_seq3_cylinder_999999_1,geometry_only,st04_Example3_normal,3,cylinder,success,/mnt/scratch/pmywe/GPU/3D_irregular_packing_stream/hpc/results/all_instances_geometry/st04_Example3_normal_seq3_cylinder__minimum_aabb_edges_len__bottom_top__instance_size__rng42.json,707.0648717880249,704.9616022109985,True,,2,0.11400307871189277,0.18609775725783612,2,0.11400307871189277,0.18609775725783612
1385,st04_Example3_normal_seq3_cylinder,minimum_aabb_edges_len,all,180x180x180,st04_Example3_normal_seq3_cylinder;st04_Example3_normal_seq3_cylinder_999999_1,geometry_only,st04_Example3_normal,3,cylinder,success,/mnt/scratch/pmywe/GPU/3D_irregular_packing_stream/hpc/results/all_instances_geometry/st04_Example3_normal_seq3_cylinder__minimum_aabb_edges_len__all__instance_size__rng42.json,819.990416765213,817.9301271438599,True,,2,0.11400307871189277,0.1770134812879407,2,0.11400307871189277,0.1770134812879407
1386,st04_Example3_normal_seq3_cylinder,maximal_residual_box,bottom,180x180x180,st04_Example3_normal_seq3_cylinder;st04_Example3_normal_seq3_cylinder_999999_1,geometry_only,st04_Example3_normal,3,cylinder,success,/mnt/scratch/pmywe/GPU/3D_irregular_packing_stream/hpc/results/all_instances_geometry/st04_Example3_normal_seq3_cylinder__maximal_residual_box__bottom__instance_size__rng42.json,643.7576398849487,641.6707196235657,True,,2,0.11400307871189277,0.18897062405639065,2,0.11400307871189277,0.18897062405639065
1387,st04_Example3_normal_seq3_cylinder,maximal_residual_box,bottom_top,180x180x180,st04_Example3_normal_seq3_cylinder;st04_Example3_normal_seq3_cylinder_999999_1,geometry_only,st04_Example3_normal,3,cylinder,success,/mnt/scratch/pmywe/GPU/3D_irregular_packing_stream/hpc/results/all_instances_geometry/st04_Example3_normal_seq3_cylinder__maximal_residual_box__bottom_top__instance_size__rng42.json,688.2269515991211,686.1341586112976,True,,2,0.11400307871189277,0.18897062405639065,2,0.11400307871189277,0.18897062405639065
1388,st04_Example3_normal_seq3_cylinder,maximal_residual_box,all,180x180x180,st04_Example3_normal_seq3_cylinder;st04_Example3_normal_seq3_cylinder_999999_1,geometry_only,st04_Example3_normal,3,cylinder,success,/mnt/scratch/pmywe/GPU/3D_irregular_packing_stream/hpc/results/all_instances_geometry/st04_Example3_normal_seq3_cylinder__maximal_residual_box__all__instance_size__rng42.json,822.1652460098267,820.0616526603699,True,,2,0.11400307871189277,0.17011764036544327,2,0.11400307871189277,0.17011764036544327
1389,st04_Example3_normal_seq3_cylinder,overlap_distance,bottom,180x180x180,st04_Example3_normal_seq3_cylinder;st04_Example3_normal_seq3_cylinder_999999_1,geometry_only,st04_Example3_normal,3,cylinder,success,/mnt/scratch/pmywe/GPU/3D_irregular_packing_stream/hpc/results/all_instances_geometry/st04_Example3_normal_seq3_cylinder__overlap_distance__bottom__instance_size__rng42.json,1374.761360168457,1372.6966161727905,True,,2,0.11400307871189277,0.19409982327861422,2,0.11400307871189277,0.19409982327861422
1390,st04_Example3_normal_seq3_cylinder,overlap_distance,bottom_top,180x180x180,st04_Example3_normal_seq3_cylinder;st04_Example3_normal_seq3_cylinder_999999_1,geometry_only,st04_Example3_normal,3,cylinder,success,/mnt/scratch/pmywe/GPU/3D_irregular_packing_stream/hpc/results/all_instances_geometry/st04_Example3_normal_seq3_cylinder__overlap_distance__bottom_top__instance_size__rng42.json,1663.6358017921448,1661.5369193553925,True,,2,0.11400307871189277,0.19409982327861422,2,0.11400307871189277,0.19409982327861422
1391,st04_Example3_normal_seq3_cylinder,overlap_distance,all,180x180x180,st04_Example3_normal_seq3_cylinder;st04_Example3_normal_seq3_cylinder_999999_1,geometry_only,st04_Example3_normal,3,cylinder,success,/mnt/scratch/pmywe/GPU/3D_irregular_packing_stream/hpc/results/all_instances_geometry/st04_Example3_normal_seq3_cylinder__overlap_distance__all__instance_size__rng42.json,2465.391887664795,2463.32834815979,True,,2,0.11400307871189277,0.16616256361777143,2,0.11400307871189277,0.16616256361777143
1392,st04_Example3_normal_seq53_cube,minimum_aabb_volume,bottom,148x148x148,st04_Example3_normal_seq53_cube;st04_Example3_normal_seq53_cube_999999_1,geometry_only,st04_Example3_normal,53,cube,success,/mnt/scratch/pmywe/GPU/3D_irregular_packing_stream/hpc/results/all_instances_geometry/st04_Example3_normal_seq53_cube__minimum_aabb_volume__bottom__instance_size__rng42.json,103.92630410194397,102.12685775756836,True,,2,0.16107896496752414,0.20202190640238485,2,0.16107896496752414,0.20202190640238485
1393,st04_Example3_normal_seq53_cube,minimum_aabb_volume,bottom_top,148x148x148,st04_Example3_normal_seq53_cube;st04_Example3_normal_seq53_cube_999999_1,geometry_only,st04_Example3_normal,53,cube,success,/mnt/scratch/pmywe/GPU/3D_irregular_packing_stream/hpc/results/all_instances_geometry/st04_Example3_normal_seq53_cube__minimum_aabb_volume__bottom_top__instance_size__rng42.json,117.35054779052734,115.54223942756653,True,,2,0.16107896496752414,0.20202190640238485,2,0.16107896496752414,0.20202190640238485
1394,st04_Example3_normal_seq53_cube,minimum_aabb_volume,all,148x148x148,st04_Example3_normal_seq53_cube;st04_Example3_normal_seq53_cube_999999_1,geometry_only,st04_Example3_normal,53,cube,success,/mnt/scratch/pmywe/GPU/3D_irregular_packing_stream/hpc/results/all_instances_geometry/st04_Example3_normal_seq53_cube__minimum_aabb_volume__all__instance_size__rng42.json,150.09610867500305,148.3562092781067,True,,2,0.16107896496752414,0.20202190640238485,2,0.16107896496752414,0.20202190640238485
1395,st04_Example3_normal_seq53_cube,minimum_aabb_edges_len,bottom,148x148x148,st04_Example3_normal_seq53_cube;st04_Example3_normal_seq53_cube_999999_1,geometry_only,st04_Example3_normal,53,cube,success,/mnt/scratch/pmywe/GPU/3D_irregular_packing_stream/hpc/results/all_instances_geometry/st04_Example3_normal_seq53_cube__minimum_aabb_edges_len__bottom__instance_size__rng42.json,97.1526472568512,95.36563062667847,True,,2,0.16107896496752414,0.21461093123803132,2,0.16107896496752414,0.21461093123803132
1396,st04_Example3_normal_seq53_cube,minimum_aabb_edges_len,bottom_top,148x148x148,st04_Example3_normal_seq53_cube;st04_Example3_normal_seq53_cube_999999_1,geometry_only,st04_Example3_normal,53,cube,success,/mnt/scratch/pmywe/GPU/3D_irregular_packing_stream/hpc/results/all_instances_geometry/st04_Example3_normal_seq53_cube__minimum_aabb_edges_len__bottom_top__instance_size__rng42.json,124.3185727596283,122.56354188919067,True,,2,0.16107896496752414,0.23037659418000908,2,0.16107896496752414,0.23037659418000908
1397,st04_Example3_normal_seq53_cube,minimum_aabb_edges_len,all,148x148x148,st04_Example3_normal_seq53_cube;st04_Example3_normal_seq53_cube_999999_1,geometry_only,st04_Example3_normal,53,cube,success,/mnt/scratch/pmywe/GPU/3D_irregular_packing_stream/hpc/results/all_instances_geometry/st04_Example3_normal_seq53_cube__minimum_aabb_edges_len__all__instance_size__rng42.json,163.96194410324097,162.20136141777039,True,,2,0.16107896496752414,0.20202190640238485,2,0.16107896496752414,0.20202190640238485
1398,st04_Example3_normal_seq53_cube,maximal_residual_box,bottom,148x148x148,st04_Example3_normal_seq53_cube;st04_Example3_normal_seq53_cube_999999_1,geometry_only,st04_Example3_normal,53,cube,success,/mnt/scratch/pmywe/GPU/3D_irregular_packing_stream/hpc/results/all_instances_geometry/st04_Example3_normal_seq53_cube__maximal_residual_box__bottom__instance_size__rng42.json,103.23143458366394,101.4838798046112,True,,2,0.16107896496752414,0.20202190640238485,2,0.16107896496752414,0.20202190640238485
1399,st04_Example3_normal_seq53_cube,maximal_residual_box,bottom_top,148x148x148,st04_Example3_normal_seq53_cube;st04_Example3_normal_seq53_cube_999999_1,geometry_only,st04_Example3_normal,53,cube,success,/mnt/scratch/pmywe/GPU/3D_irregular_packing_stream/hpc/results/all_instances_geometry/st04_Example3_normal_seq53_cube__maximal_residual_box__bottom_top__instance_size__rng42.json,117.93636155128479,116.13501286506653,True,,2,0.16107896496752414,0.20202190640238485,2,0.16107896496752414,0.20202190640238485
1400,st04_Example3_normal_seq53_cube,maximal_residual_box,all,148x148x148,st04_Example3_normal_seq53_cube;st04_Example3_normal_seq53_cube_999999_1,geometry_only,st04_Example3_normal,53,cube,success,/mnt/scratch/pmywe/GPU/3D_irregular_packing_stream/hpc/results/all_instances_geometry/st04_Example3_normal_seq53_cube__maximal_residual_box__all__instance_size__rng42.json,150.2121798992157,148.454363822937,True,,2,0.16107896496752414,0.18918641294691332,2,0.16107896496752414,0.18918641294691332
1401,st04_Example3_normal_seq53_cube,overlap_distance,bottom,148x148x148,st04_Example3_normal_seq53_cube;st04_Example3_normal_seq53_cube_999999_1,geometry_only,st04_Example3_normal,53,cube,success,/mnt/scratch/pmywe/GPU/3D_irregular_packing_stream/hpc/results/all_instances_geometry/st04_Example3_normal_seq53_cube__overlap_distance__bottom__instance_size__rng42.json,378.5773754119873,376.80710077285767,True,,2,0.16107896496752414,0.2189165745365526,2,0.16107896496752414,0.2189165745365526
1402,st04_Example3_normal_seq53_cube,overlap_distance,bottom_top,148x148x148,st04_Example3_normal_seq53_cube;st04_Example3_normal_seq53_cube_999999_1,geometry_only,st04_Example3_normal,53,cube,success,/mnt/scratch/pmywe/GPU/3D_irregular_packing_stream/hpc/results/all_instances_geometry/st04_Example3_normal_seq53_cube__overlap_distance__bottom_top__instance_size__rng42.json,489.46894669532776,487.6966278553009,True,,2,0.16107896496752414,0.21461093123803132,2,0.16107896496752414,0.21461093123803132
1403,st04_Example3_normal_seq53_cube,overlap_distance,all,148x148x148,st04_Example3_normal_seq53_cube;st04_Example3_normal_seq53_cube_999999_1,geometry_only,st04_Example3_normal,53,cube,success,/mnt/scratch/pmywe/GPU/3D_irregular_packing_stream/hpc/results/all_instances_geometry/st04_Example3_normal_seq53_cube__overlap_distance__all__instance_size__rng42.json,770.0595667362213,768.3047072887421,True,,2,0.16107896496752414,0.16660754298856928,2,0.16107896496752414,0.16660754298856928
1404,st04_Example3_normal_seq53_cylinder,minimum_aabb_volume,bottom,180x180x180,st04_Example3_normal_seq53_cylinder;st04_Example3_normal_seq53_cylinder_999999_1,geometry_only,st04_Example3_normal,53,cylinder,success,/mnt/scratch/pmywe/GPU/3D_irregular_packing_stream/hpc/results/all_instances_geometry/st04_Example3_normal_seq53_cylinder__minimum_aabb_volume__bottom__instance_size__rng42.json,626.1867189407349,624.109415769577,True,,2,0.11400307871189277,0.20398314875703685,2,0.11400307871189277,0.20398314875703685
1405,st04_Example3_normal_seq53_cylinder,minimum_aabb_volume,bottom_top,180x180x180,st04_Example3_normal_seq53_cylinder;st04_Example3_normal_seq53_cylinder_999999_1,geometry_only,st04_Example3_normal,53,cylinder,success,/mnt/scratch/pmywe/GPU/3D_irregular_packing_stream/hpc/results/all_instances_geometry/st04_Example3_normal_seq53_cylinder__minimum_aabb_volume__bottom_top__instance_size__rng42.json,658.1254916191101,656.0462956428528,True,,2,0.11400307871189277,0.20398314875703685,2,0.11400307871189277,0.20398314875703685
1406,st04_Example3_normal_seq53_cylinder,minimum_aabb_volume,all,180x180x180,st04_Example3_normal_seq53_cylinder;st04_Example3_normal_seq53_cylinder_999999_1,geometry_only,st04_Example3_normal,53,cylinder,success,/mnt/scratch/pmywe/GPU/3D_irregular_packing_stream/hpc/results/all_instances_geometry/st04_Example3_normal_seq53_cylinder__minimum_aabb_volume__all__instance_size__rng42.json,789.0485007762909,786.9501340389252,True,,2,0.11400307871189277,0.16006184245211996,2,0.11400307871189277,0.16006184245211996
1407,st04_Example3_normal_seq53_cylinder,minimum_aabb_edges_len,bottom,180x180x180,st04_Example3_normal_seq53_cylinder;st04_Example3_normal_seq53_cylinder_999999_1,geometry_only,st04_Example3_normal,53,cylinder,success,/mnt/scratch/pmywe/GPU/3D_irregular_packing_stream/hpc/results/all_instances_geometry/st04_Example3_normal_seq53_cylinder__minimum_aabb_edges_len__bottom__instance_size__rng42.json,644.4751176834106,642.3435008525848,True,,2,0.11400307871189277,0.18391521683796003,2,0.11400307871189277,0.18391521683796003
1408,st04_Example3_normal_seq53_cylinder,minimum_aabb_edges_len,bottom_top,180x180x180,st04_Example3_normal_seq53_cylinder;st04_Example3_normal_seq53_cylinder_999999_1,geometry_only,st04_Example3_normal,53,cylinder,success,/mnt/scratch/pmywe/GPU/3D_irregular_packing_stream/hpc/results/all_instances_geometry/st04_Example3_normal_seq53_cylinder__minimum_aabb_edges_len__bottom_top__instance_size__rng42.json,689.4044122695923,687.2970187664032,True,,2,0.11400307871189277,0.18787029358563187,2,0.11400307871189277,0.18787029358563187
1409,st04_Example3_normal_seq53_cylinder,minimum_aabb_edges_len,all,180x180x180,st04_Example3_normal_seq53_cylinder;st04_Example3_normal_seq53_cylinder_999999_1,geometry_only,st04_Example3_normal,53,cylinder,success,/mnt/scratch/pmywe/GPU/3D_irregular_packing_stream/hpc/results/all_instances_geometry/st04_Example3_normal_seq53_cylinder__minimum_aabb_edges_len__all__instance_size__rng42.json,813.6973006725311,811.5985283851624,True,,2,0.11400307871189277,0.18391521683796003,2,0.11400307871189277,0.18391521683796003
1410,st04_Example3_normal_seq53_cylinder,maximal_residual_box,bottom,180x180x180,st04_Example3_normal_seq53_cylinder;st04_Example3_normal_seq53_cylinder_999999_1,geometry_only,st04_Example3_normal,53,cylinder,success,/mnt/scratch/pmywe/GPU/3D_irregular_packing_stream/hpc/results/all_instances_geometry/st04_Example3_normal_seq53_cylinder__maximal_residual_box__bottom__instance_size__rng42.json,626.2455296516418,624.0838735103607,True,,2,0.11400307871189277,0.20398314875703685,2,0.11400307871189277,0.20398314875703685
1411,st04_Example3_normal_seq53_cylinder,maximal_residual_box,bottom_top,180x180x180,st04_Example3_normal_seq53_cylinder;st04_Example3_normal_seq53_cylinder_999999_1,geometry_only,st04_Example3_normal,53,cylinder,success,/mnt/scratch/pmywe/GPU/3D_irregular_packing_stream/hpc/results/all_instances_geometry/st04_Example3_normal_seq53_cylinder__maximal_residual_box__bottom_top__instance_size__rng42.json,667.1814267635345,665.081787109375,True,,2,0.11400307871189277,0.20398314875703685,2,0.11400307871189277,0.20398314875703685
1412,st04_Example3_normal_seq53_cylinder,maximal_residual_box,all,180x180x180,st04_Example3_normal_seq53_cylinder;st04_Example3_normal_seq53_cylinder_999999_1,geometry_only,st04_Example3_normal,53,cylinder,success,/mnt/scratch/pmywe/GPU/3D_irregular_packing_stream/hpc/results/all_instances_geometry/st04_Example3_normal_seq53_cylinder__maximal_residual_box__all__instance_size__rng42.json,785.2233123779297,783.1351118087769,True,,2,0.11400307871189277,0.16780236166655502,2,0.11400307871189277,0.16780236166655502
1413,st04_Example3_normal_seq53_cylinder,overlap_distance,bottom,180x180x180,st04_Example3_normal_seq53_cylinder;st04_Example3_normal_seq53_cylinder_999999_1,geometry_only,st04_Example3_normal,53,cylinder,success,/mnt/scratch/pmywe/GPU/3D_irregular_packing_stream/hpc/results/all_instances_geometry/st04_Example3_normal_seq53_cylinder__overlap_distance__bottom__instance_size__rng42.json,1233.0196995735168,1230.9155774116516,True,,2,0.11400307871189277,0.17195807406951005,2,0.11400307871189277,0.17195807406951005
1414,st04_Example3_normal_seq53_cylinder,overlap_distance,bottom_top,180x180x180,st04_Example3_normal_seq53_cylinder;st04_Example3_normal_seq53_cylinder_999999_1,geometry_only,st04_Example3_normal,53,cylinder,success,/mnt/scratch/pmywe/GPU/3D_irregular_packing_stream/hpc/results/all_instances_geometry/st04_Example3_normal_seq53_cylinder__overlap_distance__bottom_top__instance_size__rng42.json,1677.778643131256,1675.635614156723,True,,2,0.11400307871189277,0.17195807406951005,2,0.11400307871189277,0.17195807406951005
1415,st04_Example3_normal_seq53_cylinder,overlap_distance,all,180x180x180,st04_Example3_normal_seq53_cylinder;st04_Example3_normal_seq53_cylinder_999999_1,geometry_only,st04_Example3_normal,53,cylinder,success,/mnt/scratch/pmywe/GPU/3D_irregular_packing_stream/hpc/results/all_instances_geometry/st04_Example3_normal_seq53_cylinder__overlap_distance__all__instance_size__rng42.json,3056.576593875885,3054.529998064041,True,,2,0.11400307871189277,0.14693538023895095,2,0.11400307871189277,0.14693538023895095
1416,st04_Example3_normal_seq7_cube,minimum_aabb_volume,bottom,148x148x148,st04_Example3_normal_seq7_cube;st04_Example3_normal_seq7_cube_999999_1,geometry_only,st04_Example3_normal,7,cube,success,/mnt/scratch/pmywe/GPU/3D_irregular_packing_stream/hpc/results/all_instances_geometry/st04_Example3_normal_seq7_cube__minimum_aabb_volume__bottom__instance_size__rng42.json,89.12277102470398,87.36275696754456,True,,2,0.16107896496752414,0.21754110072453753,2,0.16107896496752414,0.21754110072453753
1417,st04_Example3_normal_seq7_cube,minimum_aabb_volume,bottom_top,148x148x148,st04_Example3_normal_seq7_cube;st04_Example3_normal_seq7_cube_999999_1,geometry_only,st04_Example3_normal,7,cube,success,/mnt/scratch/pmywe/GPU/3D_irregular_packing_stream/hpc/results/all_instances_geometry/st04_Example3_normal_seq7_cube__minimum_aabb_volume__bottom_top__instance_size__rng42.json,101.62067651748657,99.8770854473114,True,,2,0.16107896496752414,0.21754110072453753,2,0.16107896496752414,0.21754110072453753
1418,st04_Example3_normal_seq7_cube,minimum_aabb_volume,all,148x148x148,st04_Example3_normal_seq7_cube;st04_Example3_normal_seq7_cube_999999_1,geometry_only,st04_Example3_normal,7,cube,success,/mnt/scratch/pmywe/GPU/3D_irregular_packing_stream/hpc/results/all_instances_geometry/st04_Example3_normal_seq7_cube__minimum_aabb_volume__all__instance_size__rng42.json,142.88733673095703,141.13793301582336,True,,2,0.16107896496752414,0.19686087201152944,2,0.16107896496752414,0.19686087201152944
1419,st04_Example3_normal_seq7_cube,minimum_aabb_edges_len,bottom,148x148x148,st04_Example3_normal_seq7_cube;st04_Example3_normal_seq7_cube_999999_1,geometry_only,st04_Example3_normal,7,cube,success,/mnt/scratch/pmywe/GPU/3D_irregular_packing_stream/hpc/results/all_instances_geometry/st04_Example3_normal_seq7_cube__minimum_aabb_edges_len__bottom__instance_size__rng42.json,101.18098592758179,99.4507143497467,True,,2,0.16107896496752414,0.21754110072453753,2,0.16107896496752414,0.21754110072453753
1420,st04_Example3_normal_seq7_cube,minimum_aabb_edges_len,bottom_top,148x148x148,st04_Example3_normal_seq7_cube;st04_Example3_normal_seq7_cube_999999_1,geometry_only,st04_Example3_normal,7,cube,success,/mnt/scratch/pmywe/GPU/3D_irregular_packing_stream/hpc/results/all_instances_geometry/st04_Example3_normal_seq7_cube__minimum_aabb_edges_len__bottom_top__instance_size__rng42.json,113.3527045249939,111.64967513084412,True,,2,0.16107896496752414,0.24589578850216176,2,0.16107896496752414,0.24589578850216176
1421,st04_Example3_normal_seq7_cube,minimum_aabb_edges_len,all,148x148x148,st04_Example3_normal_seq7_cube;st04_Example3_normal_seq7_cube_999999_1,geometry_only,st04_Example3_normal,7,cube,success,/mnt/scratch/pmywe/GPU/3D_irregular_packing_stream/hpc/results/all_instances_geometry/st04_Example3_normal_seq7_cube__minimum_aabb_edges_len__all__instance_size__rng42.json,152.39980292320251,150.68634629249573,True,,2,0.16107896496752414,0.21754110072453753,2,0.16107896496752414,0.21754110072453753
1422,st04_Example3_normal_seq7_cube,maximal_residual_box,bottom,148x148x148,st04_Example3_normal_seq7_cube;st04_Example3_normal_seq7_cube_999999_1,geometry_only,st04_Example3_normal,7,cube,success,/mnt/scratch/pmywe/GPU/3D_irregular_packing_stream/hpc/results/all_instances_geometry/st04_Example3_normal_seq7_cube__maximal_residual_box__bottom__instance_size__rng42.json,86.8069372177124,85.0607807636261,True,,2,0.16107896496752414,0.21754110072453753,2,0.16107896496752414,0.21754110072453753
1423,st04_Example3_normal_seq7_cube,maximal_residual_box,bottom_top,148x148x148,st04_Example3_normal_seq7_cube;st04_Example3_normal_seq7_cube_999999_1,geometry_only,st04_Example3_normal,7,cube,success,/mnt/scratch/pmywe/GPU/3D_irregular_packing_stream/hpc/results/all_instances_geometry/st04_Example3_normal_seq7_cube__maximal_residual_box__bottom_top__instance_size__rng42.json,100.28916358947754,98.53216481208801,True,,2,0.16107896496752414,0.21754110072453753,2,0.16107896496752414,0.21754110072453753
1424,st04_Example3_normal_seq7_cube,maximal_residual_box,all,148x148x148,st04_Example3_normal_seq7_cube;st04_Example3_normal_seq7_cube_999999_1,geometry_only,st04_Example3_normal,7,cube,success,/mnt/scratch/pmywe/GPU/3D_irregular_packing_stream/hpc/results/all_instances_geometry/st04_Example3_normal_seq7_cube__maximal_residual_box__all__instance_size__rng42.json,149.97637224197388,148.26642966270447,True,,2,0.16107896496752414,0.2319973027263933,2,0.16107896496752414,0.2319973027263933
1425,st04_Example3_normal_seq7_cube,overlap_distance,bottom,148x148x148,st04_Example3_normal_seq7_cube;st04_Example3_normal_seq7_cube_999999_1,geometry_only,st04_Example3_normal,7,cube,success,/mnt/scratch/pmywe/GPU/3D_irregular_packing_stream/hpc/results/all_instances_geometry/st04_Example3_normal_seq7_cube__overlap_distance__bottom__instance_size__rng42.json,502.58076786994934,500.82661986351013,True,,2,0.16107896496752414,0.204705607269066,2,0.16107896496752414,0.204705607269066
1426,st04_Example3_normal_seq7_cube,overlap_distance,bottom_top,148x148x148,st04_Example3_normal_seq7_cube;st04_Example3_normal_seq7_cube_999999_1,geometry_only,st04_Example3_normal,7,cube,success,/mnt/scratch/pmywe/GPU/3D_irregular_packing_stream/hpc/results/all_instances_geometry/st04_Example3_normal_seq7_cube__overlap_distance__bottom_top__instance_size__rng42.json,448.4632568359375,446.69878363609314,True,,2,0.16107896496752414,0.20779772422166506,2,0.16107896496752414,0.20779772422166506
1427,st04_Example3_normal_seq7_cube,overlap_distance,all,148x148x148,st04_Example3_normal_seq7_cube;st04_Example3_normal_seq7_cube_999999_1,geometry_only,st04_Example3_normal,7,cube,success,/mnt/scratch/pmywe/GPU/3D_irregular_packing_stream/hpc/results/all_instances_geometry/st04_Example3_normal_seq7_cube__overlap_distance__all__instance_size__rng42.json,699.0978491306305,697.3636207580566,True,,3,0.10738597664501609,0.14836670582196515,3,0.10738597664501609,0.14836670582196515
1428,st04_Example3_normal_seq7_cylinder,minimum_aabb_volume,bottom,180x180x180,st04_Example3_normal_seq7_cylinder;st04_Example3_normal_seq7_cylinder_999999_1,geometry_only,st04_Example3_normal,7,cylinder,success,/mnt/scratch/pmywe/GPU/3D_irregular_packing_stream/hpc/results/all_instances_geometry/st04_Example3_normal_seq7_cylinder__minimum_aabb_volume__bottom__instance_size__rng42.json,637.8767659664154,635.7802197933197,True,,2,0.11400307871189277,0.1779869681072092,2,0.11400307871189277,0.1779869681072092
1429,st04_Example3_normal_seq7_cylinder,minimum_aabb_volume,bottom_top,180x180x180,st04_Example3_normal_seq7_cylinder;st04_Example3_normal_seq7_cylinder_999999_1,geometry_only,st04_Example3_normal,7,cylinder,success,/mnt/scratch/pmywe/GPU/3D_irregular_packing_stream/hpc/results/all_instances_geometry/st04_Example3_normal_seq7_cylinder__minimum_aabb_volume__bottom_top__instance_size__rng42.json,681.4612340927124,679.3262038230896,True,,2,0.11400307871189277,0.1779869681072092,2,0.11400307871189277,0.1779869681072092
1430,st04_Example3_normal_seq7_cylinder,minimum_aabb_volume,all,180x180x180,st04_Example3_normal_seq7_cylinder;st04_Example3_normal_seq7_cylinder_999999_1,geometry_only,st04_Example3_normal,7,cylinder,success,/mnt/scratch/pmywe/GPU/3D_irregular_packing_stream/hpc/results/all_instances_geometry/st04_Example3_normal_seq7_cylinder__minimum_aabb_volume__all__instance_size__rng42.json,789.0076596736908,786.9447910785675,True,,2,0.11400307871189277,0.18598903412798734,2,0.11400307871189277,0.18598903412798734
1431,st04_Example3_normal_seq7_cylinder,minimum_aabb_edges_len,bottom,180x180x180,st04_Example3_normal_seq7_cylinder;st04_Example3_normal_seq7_cylinder_999999_1,geometry_only,st04_Example3_normal,7,cylinder,success,/mnt/scratch/pmywe/GPU/3D_irregular_packing_stream/hpc/results/all_instances_geometry/st04_Example3_normal_seq7_cylinder__minimum_aabb_edges_len__bottom__instance_size__rng42.json,630.7323968410492,628.6839144229889,True,,2,0.11400307871189277,0.18707124407710465,2,0.11400307871189277,0.18707124407710465
1432,st04_Example3_normal_seq7_cylinder,minimum_aabb_edges_len,bottom_top,180x180x180,st04_Example3_normal_seq7_cylinder;st04_Example3_normal_seq7_cylinder_999999_1,geometry_only,st04_Example3_normal,7,cylinder,success,/mnt/scratch/pmywe/GPU/3D_irregular_packing_stream/hpc/results/all_instances_geometry/st04_Example3_normal_seq7_cylinder__minimum_aabb_edges_len__bottom_top__instance_size__rng42.json,705.7660143375397,703.6472084522247,True,,2,0.11400307871189277,0.18598903412798734,2,0.11400307871189277,0.18598903412798734
1433,st04_Example3_normal_seq7_cylinder,minimum_aabb_edges_len,all,180x180x180,st04_Example3_normal_seq7_cylinder;st04_Example3_normal_seq7_cylinder_999999_1,geometry_only,st04_Example3_normal,7,cylinder,success,/mnt/scratch/pmywe/GPU/3D_irregular_packing_stream/hpc/results/all_instances_geometry/st04_Example3_normal_seq7_cylinder__minimum_aabb_edges_len__all__instance_size__rng42.json,818.6135740280151,816.5515732765198,True,,2,0.11400307871189277,0.18598903412798734,2,0.11400307871189277,0.18598903412798734
1434,st04_Example3_normal_seq7_cylinder,maximal_residual_box,bottom,180x180x180,st04_Example3_normal_seq7_cylinder;st04_Example3_normal_seq7_cylinder_999999_1,geometry_only,st04_Example3_normal,7,cylinder,success,/mnt/scratch/pmywe/GPU/3D_irregular_packing_stream/hpc/results/all_instances_geometry/st04_Example3_normal_seq7_cylinder__maximal_residual_box__bottom__instance_size__rng42.json,643.5515003204346,641.3939232826233,True,,2,0.11400307871189277,0.1829417300186915,2,0.11400307871189277,0.1829417300186915
1435,st04_Example3_normal_seq7_cylinder,maximal_residual_box,bottom_top,180x180x180,st04_Example3_normal_seq7_cylinder;st04_Example3_normal_seq7_cylinder_999999_1,geometry_only,st04_Example3_normal,7,cylinder,success,/mnt/scratch/pmywe/GPU/3D_irregular_packing_stream/hpc/results/all_instances_geometry/st04_Example3_normal_seq7_cylinder__maximal_residual_box__bottom_top__instance_size__rng42.json,681.6882116794586,679.5739078521729,True,,2,0.11400307871189277,0.1829417300186915,2,0.11400307871189277,0.1829417300186915
1436,st04_Example3_normal_seq7_cylinder,maximal_residual_box,all,180x180x180,st04_Example3_normal_seq7_cylinder;st04_Example3_normal_seq7_cylinder_999999_1,geometry_only,st04_Example3_normal,7,cylinder,success,/mnt/scratch/pmywe/GPU/3D_irregular_packing_stream/hpc/results/all_instances_geometry/st04_Example3_normal_seq7_cylinder__maximal_residual_box__all__instance_size__rng42.json,765.9248878955841,763.779125213623,True,,2,0.11400307871189277,0.1659211022089105,2,0.11400307871189277,0.1659211022089105
1437,st04_Example3_normal_seq7_cylinder,overlap_distance,bottom,180x180x180,st04_Example3_normal_seq7_cylinder;st04_Example3_normal_seq7_cylinder_999999_1,geometry_only,st04_Example3_normal,7,cylinder,success,/mnt/scratch/pmywe/GPU/3D_irregular_packing_stream/hpc/results/all_instances_geometry/st04_Example3_normal_seq7_cylinder__overlap_distance__bottom__instance_size__rng42.json,1252.602966785431,1250.490421295166,True,,2,0.11400307871189277,0.18598903412798734,2,0.11400307871189277,0.18598903412798734
1438,st04_Example3_normal_seq7_cylinder,overlap_distance,bottom_top,180x180x180,st04_Example3_normal_seq7_cylinder;st04_Example3_normal_seq7_cylinder_999999_1,geometry_only,st04_Example3_normal,7,cylinder,success,/mnt/scratch/pmywe/GPU/3D_irregular_packing_stream/hpc/results/all_instances_geometry/st04_Example3_normal_seq7_cylinder__overlap_distance__bottom_top__instance_size__rng42.json,1588.6269743442535,1586.5445375442505,True,,2,0.11400307871189277,0.2160490146553356,2,0.11400307871189277,0.2160490146553356
1439,st04_Example3_normal_seq7_cylinder,overlap_distance,all,180x180x180,st04_Example3_normal_seq7_cylinder;st04_Example3_normal_seq7_cylinder_999999_1,geometry_only,st04_Example3_normal,7,cylinder,success,/mnt/scratch/pmywe/GPU/3D_irregular_packing_stream/hpc/results/all_instances_geometry/st04_Example3_normal_seq7_cylinder__overlap_distance__all__instance_size__rng42.json,2434.7975096702576,2432.7222611904144,True,,2,0.11400307871189277,0.14412735434313756,2,0.11400307871189277,0.14412735434313756
1440,st04_Example4_normal_seq13_cube,minimum_aabb_volume,bottom,148x148x148,st04_Example4_normal_seq13_cube;st04_Example4_normal_seq13_cube_999999_1,geometry_only,st04_Example4_normal,13,cube,success,/mnt/scratch/pmywe/GPU/3D_irregular_packing_stream/hpc/results/all_instances_geometry/st04_Example4_normal_seq13_cube__minimum_aabb_volume__bottom__instance_size__rng42.json,129.25252485275269,127.2824068069458,True,,3,0.1431813021933548,0.2065093935699761,3,0.1431813021933548,0.2065093935699761
1441,st04_Example4_normal_seq13_cube,minimum_aabb_volume,bottom_top,148x148x148,st04_Example4_normal_seq13_cube;st04_Example4_normal_seq13_cube_999999_1,geometry_only,st04_Example4_normal,13,cube,success,/mnt/scratch/pmywe/GPU/3D_irregular_packing_stream/hpc/results/all_instances_geometry/st04_Example4_normal_seq13_cube__minimum_aabb_volume__bottom_top__instance_size__rng42.json,146.25506210327148,144.2865445613861,True,,3,0.1431813021933548,0.2065093935699761,3,0.1431813021933548,0.2065093935699761
1442,st04_Example4_normal_seq13_cube,minimum_aabb_volume,all,148x148x148,st04_Example4_normal_seq13_cube;st04_Example4_normal_seq13_cube_999999_1,geometry_only,st04_Example4_normal,13,cube,success,/mnt/scratch/pmywe/GPU/3D_irregular_packing_stream/hpc/results/all_instances_geometry/st04_Example4_normal_seq13_cube__minimum_aabb_volume__all__instance_size__rng42.json,214.55141139030457,212.5716803073883,True,,3,0.1431813021933548,0.181900936272284,3,0.1431813021933548,0.181900936272284
1443,st04_Example4_normal_seq13_cube,minimum_aabb_edges_len,bottom,148x148x148,st04_Example4_normal_seq13_cube;st04_Example4_normal_seq13_cube_999999_1,geometry_only,st04_Example4_normal,13,cube,success,/mnt/scratch/pmywe/GPU/3D_irregular_packing_stream/hpc/results/all_instances_geometry/st04_Example4_normal_seq13_cube__minimum_aabb_edges_len__bottom__instance_size__rng42.json,133.83894157409668,131.89886474609375,True,,3,0.1431813021933548,0.20930352718496437,3,0.1431813021933548,0.20930352718496437
1444,st04_Example4_normal_seq13_cube,minimum_aabb_edges_len,bottom_top,148x148x148,st04_Example4_normal_seq13_cube;st04_Example4_normal_seq13_cube_999999_1,geometry_only,st04_Example4_normal,13,cube,success,/mnt/scratch/pmywe/GPU/3D_irregular_packing_stream/hpc/results/all_instances_geometry/st04_Example4_normal_seq13_cube__minimum_aabb_edges_len__bottom_top__instance_size__rng42.json,160.99810409545898,159.04155802726746,True,,2,0.21477195329003218,0.24711918593173157,2,0.21477195329003218,0.24711918593173157
1445,st04_Example4_normal_seq13_cube,minimum_aabb_edges_len,all,148x148x148,st04_Example4_normal_seq13_cube;st04_Example4_normal_seq13_cube_999999_1,geometry_only,st04_Example4_normal,13,cube,success,/mnt/scratch/pmywe/GPU/3D_irregular_packing_stream/hpc/results/all_instances_geometry/st04_Example4_normal_seq13_cube__minimum_aabb_edges_len__all__instance_size__rng42.json,201.6659197807312,199.7114589214325,True,,3,0.1431813021933548,0.20930352718496437,3,0.1431813021933548,0.20930352718496437
1446,st04_Example4_normal_seq13_cube,maximal_residual_box,bottom,148x148x148,st04_Example4_normal_seq13_cube;st04_Example4_normal_seq13_cube_999999_1,geometry_only,st04_Example4_normal,13,cube,success,/mnt/scratch/pmywe/GPU/3D_irregular_packing_stream/hpc/results/all_instances_geometry/st04_Example4_normal_seq13_cube__maximal_residual_box__bottom__instance_size__rng42.json,128.36726450920105,126.39566230773926,True,,3,0.1431813021933548,0.21197781967504392,3,0.1431813021933548,0.21197781967504392
1447,st04_Example4_normal_seq13_cube,maximal_residual_box,bottom_top,148x148x148,st04_Example4_normal_seq13_cube;st04_Example4_normal_seq13_cube_999999_1,geometry_only,st04_Example4_normal,13,cube,success,/mnt/scratch/pmywe/GPU/3D_irregular_packing_stream/hpc/results/all_instances_geometry/st04_Example4_normal_seq13_cube__maximal_residual_box__bottom_top__instance_size__rng42.json,144.2160346508026,142.2489197254181,True,,3,0.1431813021933548,0.21197781967504392,3,0.1431813021933548,0.21197781967504392
1448,st04_Example4_normal_seq13_cube,maximal_residual_box,all,148x148x148,st04_Example4_normal_seq13_cube;st04_Example4_normal_seq13_cube_999999_1,geometry_only,st04_Example4_normal,13,cube,success,/mnt/scratch/pmywe/GPU/3D_irregular_packing_stream/hpc/results/all_instances_geometry/st04_Example4_normal_seq13_cube__maximal_residual_box__all__instance_size__rng42.json,197.52454113960266,195.54933381080627,True,,3,0.1431813021933548,0.2006883846958719,3,0.1431813021933548,0.2006883846958719
1449,st04_Example4_normal_seq13_cube,overlap_distance,bottom,148x148x148,st04_Example4_normal_seq13_cube;st04_Example4_normal_seq13_cube_999999_1,geometry_only,st04_Example4_normal,13,cube,success,/mnt/scratch/pmywe/GPU/3D_irregular_packing_stream/hpc/results/all_instances_geometry/st04_Example4_normal_seq13_cube__overlap_distance__bottom__instance_size__rng42.json,679.9465441703796,678.0048797130585,True,,2,0.21477195329003218,0.26530326436736223,2,0.21477195329003218,0.26530326436736223
1450,st04_Example4_normal_seq13_cube,overlap_distance,bottom_top,148x148x148,st04_Example4_normal_seq13_cube;st04_Example4_normal_seq13_cube_999999_1,geometry_only,st04_Example4_normal,13,cube,success,/mnt/scratch/pmywe/GPU/3D_irregular_packing_stream/hpc/results/all_instances_geometry/st04_Example4_normal_seq13_cube__overlap_distance__bottom_top__instance_size__rng42.json,729.7450478076935,727.8116762638092,True,,2,0.21477195329003218,0.23618233372159594,2,0.21477195329003218,0.23618233372159594
1451,st04_Example4_normal_seq13_cube,overlap_distance,all,148x148x148,st04_Example4_normal_seq13_cube;st04_Example4_normal_seq13_cube_999999_1,geometry_only,st04_Example4_normal,13,cube,success,/mnt/scratch/pmywe/GPU/3D_irregular_packing_stream/hpc/results/all_instances_geometry/st04_Example4_normal_seq13_cube__overlap_distance__all__instance_size__rng42.json,1013.4635541439056,1011.5389997959137,True,,3,0.1431813021933548,0.18534980035733323,3,0.1431813021933548,0.18534980035733323
1452,st04_Example4_normal_seq13_cylinder,minimum_aabb_volume,bottom,180x180x180,st04_Example4_normal_seq13_cylinder;st04_Example4_normal_seq13_cylinder_999999_1,geometry_only,st04_Example4_normal,13,cylinder,success,/mnt/scratch/pmywe/GPU/3D_irregular_packing_stream/hpc/results/all_instances_geometry/st04_Example4_normal_seq13_cylinder__minimum_aabb_volume__bottom__instance_size__rng42.json,882.4691948890686,880.1368310451508,True,,2,0.15200410494919037,0.2249169359632227,2,0.15200410494919037,0.2249169359632227
1453,st04_Example4_normal_seq13_cylinder,minimum_aabb_volume,bottom_top,180x180x180,st04_Example4_normal_seq13_cylinder;st04_Example4_normal_seq13_cylinder_999999_1,geometry_only,st04_Example4_normal,13,cylinder,success,/mnt/scratch/pmywe/GPU/3D_irregular_packing_stream/hpc/results/all_instances_geometry/st04_Example4_normal_seq13_cylinder__minimum_aabb_volume__bottom_top__instance_size__rng42.json,933.5785758495331,931.1764690876007,True,,2,0.15200410494919037,0.2249169359632227,2,0.15200410494919037,0.2249169359632227
1454,st04_Example4_normal_seq13_cylinder,minimum_aabb_volume,all,180x180x180,st04_Example4_normal_seq13_cylinder;st04_Example4_normal_seq13_cylinder_999999_1,geometry_only,st04_Example4_normal,13,cylinder,success,/mnt/scratch/pmywe/GPU/3D_irregular_packing_stream/hpc/results/all_instances_geometry/st04_Example4_normal_seq13_cylinder__minimum_aabb_volume__all__instance_size__rng42.json,1087.1084218025208,1084.7249448299408,True,,2,0.15200410494919037,0.17178734819091218,2,0.15200410494919037,0.17178734819091218
1455,st04_Example4_normal_seq13_cylinder,minimum_aabb_edges_len,bottom,180x180x180,st04_Example4_normal_seq13_cylinder;st04_Example4_normal_seq13_cylinder_999999_1,geometry_only,st04_Example4_normal,13,cylinder,success,/mnt/scratch/pmywe/GPU/3D_irregular_packing_stream/hpc/results/all_instances_geometry/st04_Example4_normal_seq13_cylinder__minimum_aabb_edges_len__bottom__instance_size__rng42.json,896.9048688411713,894.5283703804016,True,,2,0.15200410494919037,0.2125895232585809,2,0.15200410494919037,0.2125895232585809
1456,st04_Example4_normal_seq13_cylinder,minimum_aabb_edges_len,bottom_top,180x180x180,st04_Example4_normal_seq13_cylinder;st04_Example4_normal_seq13_cylinder_999999_1,geometry_only,st04_Example4_normal,13,cylinder,success,/mnt/scratch/pmywe/GPU/3D_irregular_packing_stream/hpc/results/all_instances_geometry/st04_Example4_normal_seq13_cylinder__minimum_aabb_edges_len__bottom_top__instance_size__rng42.json,950.6873025894165,948.3440997600555,True,,2,0.15200410494919037,0.224485754875971,2,0.15200410494919037,0.224485754875971
1457,st04_Example4_normal_seq13_cylinder,minimum_aabb_edges_len,all,180x180x180,st04_Example4_normal_seq13_cylinder;st04_Example4_normal_seq13_cylinder_999999_1,geometry_only,st04_Example4_normal,13,cylinder,success,/mnt/scratch/pmywe/GPU/3D_irregular_packing_stream/hpc/results/all_instances_geometry/st04_Example4_normal_seq13_cylinder__minimum_aabb_edges_len__all__instance_size__rng42.json,1104.3840489387512,1101.979121208191,True,,2,0.15200410494919037,0.2098037659556281,2,0.15200410494919037,0.2098037659556281
1458,st04_Example4_normal_seq13_cylinder,maximal_residual_box,bottom,180x180x180,st04_Example4_normal_seq13_cylinder;st04_Example4_normal_seq13_cylinder_999999_1,geometry_only,st04_Example4_normal,13,cylinder,success,/mnt/scratch/pmywe/GPU/3D_irregular_packing_stream/hpc/results/all_instances_geometry/st04_Example4_normal_seq13_cylinder__maximal_residual_box__bottom__instance_size__rng42.json,900.2321944236755,897.8369615077972,True,,2,0.15200410494919037,0.2090047164471009,2,0.15200410494919037,0.2090047164471009
1459,st04_Example4_normal_seq13_cylinder,maximal_residual_box,bottom_top,180x180x180,st04_Example4_normal_seq13_cylinder;st04_Example4_normal_seq13_cylinder_999999_1,geometry_only,st04_Example4_normal,13,cylinder,success,/mnt/scratch/pmywe/GPU/3D_irregular_packing_stream/hpc/results/all_instances_geometry/st04_Example4_normal_seq13_cylinder__maximal_residual_box__bottom_top__instance_size__rng42.json,948.9105634689331,946.5396046638489,True,,2,0.15200410494919037,0.21674523566153595,2,0.15200410494919037,0.21674523566153595
1460,st04_Example4_normal_seq13_cylinder,maximal_residual_box,all,180x180x180,st04_Example4_normal_seq13_cylinder;st04_Example4_normal_seq13_cylinder_999999_1,geometry_only,st04_Example4_normal,13,cylinder,success,/mnt/scratch/pmywe/GPU/3D_irregular_packing_stream/hpc/results/all_instances_geometry/st04_Example4_normal_seq13_cylinder__maximal_residual_box__all__instance_size__rng42.json,1074.3075819015503,1071.9396524429321,True,,2,0.15200410494919037,0.17606706609136544,2,0.15200410494919037,0.17606706609136544
1461,st04_Example4_normal_seq13_cylinder,overlap_distance,bottom,180x180x180,st04_Example4_normal_seq13_cylinder;st04_Example4_normal_seq13_cylinder_999999_1,geometry_only,st04_Example4_normal,13,cylinder,success,/mnt/scratch/pmywe/GPU/3D_irregular_packing_stream/hpc/results/all_instances_geometry/st04_Example4_normal_seq13_cylinder__overlap_distance__bottom__instance_size__rng42.json,1613.8159954547882,1611.4001276493073,True,,2,0.15200410494919037,0.17985250855812862,2,0.15200410494919037,0.17985250855812862
1462,st04_Example4_normal_seq13_cylinder,overlap_distance,bottom_top,180x180x180,st04_Example4_normal_seq13_cylinder;st04_Example4_normal_seq13_cylinder_999999_1,geometry_only,st04_Example4_normal,13,cylinder,success,/mnt/scratch/pmywe/GPU/3D_irregular_packing_stream/hpc/results/all_instances_geometry/st04_Example4_normal_seq13_cylinder__overlap_distance__bottom_top__instance_size__rng42.json,2084.8964943885803,2082.513597726822,True,,3,0.10133606996612692,0.14855618448794167,3,0.10133606996612692,0.14855618448794167
1463,st04_Example4_normal_seq13_cylinder,overlap_distance,all,180x180x180,st04_Example4_normal_seq13_cylinder;st04_Example4_normal_seq13_cylinder_999999_1,geometry_only,st04_Example4_normal,13,cylinder,success,/mnt/scratch/pmywe/GPU/3D_irregular_packing_stream/hpc/results/all_instances_geometry/st04_Example4_normal_seq13_cylinder__overlap_distance__all__instance_size__rng42.json,3647.361943244934,3645.0037927627563,True,,2,0.15200410494919037,0.17985250855812862,2,0.15200410494919037,0.17985250855812862
1464,st04_Example4_normal_seq19_cube,minimum_aabb_volume,bottom,148x148x148,st04_Example4_normal_seq19_cube;st04_Example4_normal_seq19_cube_999999_1,geometry_only,st04_Example4_normal,19,cube,success,/mnt/scratch/pmywe/GPU/3D_irregular_packing_stream/hpc/results/all_instances_geometry/st04_Example4_normal_seq19_cube__minimum_aabb_volume__bottom__instance_size__rng42.json,133.92495250701904,131.9424331188202,True,,3,0.1431813021933548,0.19150596336840858,3,0.1431813021933548,0.19150596336840858
1465,st04_Example4_normal_seq19_cube,minimum_aabb_volume,bottom_top,148x148x148,st04_Example4_normal_seq19_cube;st04_Example4_normal_seq19_cube_999999_1,geometry_only,st04_Example4_normal,19,cube,success,/mnt/scratch/pmywe/GPU/3D_irregular_packing_stream/hpc/results/all_instances_geometry/st04_Example4_normal_seq19_cube__minimum_aabb_volume__bottom_top__instance_size__rng42.json,149.3177297115326,147.3163185119629,True,,3,0.1431813021933548,0.19150596336840858,3,0.1431813021933548,0.19150596336840858
1466,st04_Example4_normal_seq19_cube,minimum_aabb_volume,all,148x148x148,st04_Example4_normal_seq19_cube;st04_Example4_normal_seq19_cube_999999_1,geometry_only,st04_Example4_normal,19,cube,success,/mnt/scratch/pmywe/GPU/3D_irregular_packing_stream/hpc/results/all_instances_geometry/st04_Example4_normal_seq19_cube__minimum_aabb_volume__all__instance_size__rng42.json,192.51740384101868,190.55988836288452,True,,3,0.1431813021933548,0.18641726551240795,3,0.1431813021933548,0.18641726551240795
1467,st04_Example4_normal_seq19_cube,minimum_aabb_edges_len,bottom,148x148x148,st04_Example4_normal_seq19_cube;st04_Example4_normal_seq19_cube_999999_1,geometry_only,st04_Example4_normal,19,cube,success,/mnt/scratch/pmywe/GPU/3D_irregular_packing_stream/hpc/results/all_instances_geometry/st04_Example4_normal_seq19_cube__minimum_aabb_edges_len__bottom__instance_size__rng42.json,147.3557116985321,145.38819885253906,True,,3,0.1431813021933548,0.18641726551240795,3,0.1431813021933548,0.18641726551240795
1468,st04_Example4_normal_seq19_cube,minimum_aabb_edges_len,bottom_top,148x148x148,st04_Example4_normal_seq19_cube;st04_Example4_normal_seq19_cube_999999_1,geometry_only,st04_Example4_normal,19,cube,success,/mnt/scratch/pmywe/GPU/3D_irregular_packing_stream/hpc/results/all_instances_geometry/st04_Example4_normal_seq19_cube__minimum_aabb_edges_len__bottom_top__instance_size__rng42.json,164.90646195411682,162.9392170906067,True,,3,0.1431813021933548,0.20847744087220896,3,0.1431813021933548,0.20847744087220896
1469,st04_Example4_normal_seq19_cube,minimum_aabb_edges_len,all,148x148x148,st04_Example4_normal_seq19_cube;st04_Example4_normal_seq19_cube_999999_1,geometry_only,st04_Example4_normal,19,cube,success,/mnt/scratch/pmywe/GPU/3D_irregular_packing_stream/hpc/results/all_instances_geometry/st04_Example4_normal_seq19_cube__minimum_aabb_edges_len__all__instance_size__rng42.json,220.9694471359253,219.00455713272095,True,,3,0.1431813021933548,0.1801227530945847,3,0.1431813021933548,0.1801227530945847
1470,st04_Example4_normal_seq19_cube,maximal_residual_box,bottom,148x148x148,st04_Example4_normal_seq19_cube;st04_Example4_normal_seq19_cube_999999_1,geometry_only,st04_Example4_normal,19,cube,success,/mnt/scratch/pmywe/GPU/3D_irregular_packing_stream/hpc/results/all_instances_geometry/st04_Example4_normal_seq19_cube__maximal_residual_box__bottom__instance_size__rng42.json,132.57336401939392,130.57152223587036,True,,3,0.1431813021933548,0.19430009698339684,3,0.1431813021933548,0.19430009698339684
1471,st04_Example4_normal_seq19_cube,maximal_residual_box,bottom_top,148x148x148,st04_Example4_normal_seq19_cube;st04_Example4_normal_seq19_cube_999999_1,geometry_only,st04_Example4_normal,19,cube,success,/mnt/scratch/pmywe/GPU/3D_irregular_packing_stream/hpc/results/all_instances_geometry/st04_Example4_normal_seq19_cube__maximal_residual_box__bottom_top__instance_size__rng42.json,145.98342156410217,144.02747297286987,True,,3,0.1431813021933548,0.19430009698339684,3,0.1431813021933548,0.19430009698339684
1472,st04_Example4_normal_seq19_cube,maximal_residual_box,all,148x148x148,st04_Example4_normal_seq19_cube;st04_Example4_normal_seq19_cube_999999_1,geometry_only,st04_Example4_normal,19,cube,success,/mnt/scratch/pmywe/GPU/3D_irregular_packing_stream/hpc/results/all_instances_geometry/st04_Example4_normal_seq19_cube__maximal_residual_box__all__instance_size__rng42.json,209.76426148414612,207.7953004837036,True,,3,0.1431813021933548,0.18012275309458473,3,0.1431813021933548,0.18012275309458473
1473,st04_Example4_normal_seq19_cube,overlap_distance,bottom,148x148x148,st04_Example4_normal_seq19_cube;st04_Example4_normal_seq19_cube_999999_1,geometry_only,st04_Example4_normal,19,cube,success,/mnt/scratch/pmywe/GPU/3D_irregular_packing_stream/hpc/results/all_instances_geometry/st04_Example4_normal_seq19_cube__overlap_distance__bottom__instance_size__rng42.json,519.3306076526642,517.3690984249115,True,,3,0.1431813021933548,0.19780047578623183,3,0.1431813021933548,0.19780047578623183
1474,st04_Example4_normal_seq19_cube,overlap_distance,bottom_top,148x148x148,st04_Example4_normal_seq19_cube;st04_Example4_normal_seq19_cube_999999_1,geometry_only,st04_Example4_normal,19,cube,success,/mnt/scratch/pmywe/GPU/3D_irregular_packing_stream/hpc/results/all_instances_geometry/st04_Example4_normal_seq19_cube__overlap_distance__bottom_top__instance_size__rng42.json,695.6613318920135,693.7072508335114,True,,3,0.1431813021933548,0.2005946094012201,3,0.1431813021933548,0.2005946094012201
1475,st04_Example4_normal_seq19_cube,overlap_distance,all,148x148x148,st04_Example4_normal_seq19_cube;st04_Example4_normal_seq19_cube_999999_1,geometry_only,st04_Example4_normal,19,cube,success,/mnt/scratch/pmywe/GPU/3D_irregular_packing_stream/hpc/results/all_instances_geometry/st04_Example4_normal_seq19_cube__overlap_distance__all__instance_size__rng42.json,1051.0579838752747,1049.1390879154205,True,,3,0.1431813021933548,0.17103410706177324,3,0.1431813021933548,0.17103410706177324
1476,st04_Example4_normal_seq19_cylinder,minimum_aabb_volume,bottom,180x180x180,st04_Example4_normal_seq19_cylinder;st04_Example4_normal_seq19_cylinder_999999_1,geometry_only,st04_Example4_normal,19,cylinder,success,/mnt/scratch/pmywe/GPU/3D_irregular_packing_stream/hpc/results/all_instances_geometry/st04_Example4_normal_seq19_cylinder__minimum_aabb_volume__bottom__instance_size__rng42.json,869.5346386432648,867.1281936168671,True,,2,0.15200410494919037,0.2111787424050009,2,0.15200410494919037,0.2111787424050009
1477,st04_Example4_normal_seq19_cylinder,minimum_aabb_volume,bottom_top,180x180x180,st04_Example4_normal_seq19_cylinder;st04_Example4_normal_seq19_cylinder_999999_1,geometry_only,st04_Example4_normal,19,cylinder,success,/mnt/scratch/pmywe/GPU/3D_irregular_packing_stream/hpc/results/all_instances_geometry/st04_Example4_normal_seq19_cylinder__minimum_aabb_volume__bottom_top__instance_size__rng42.json,920.893303155899,918.4441509246826,True,,2,0.15200410494919037,0.2111787424050009,2,0.15200410494919037,0.2111787424050009
1478,st04_Example4_normal_seq19_cylinder,minimum_aabb_volume,all,180x180x180,st04_Example4_normal_seq19_cylinder;st04_Example4_normal_seq19_cylinder_999999_1,geometry_only,st04_Example4_normal,19,cylinder,success,/mnt/scratch/pmywe/GPU/3D_irregular_packing_stream/hpc/results/all_instances_geometry/st04_Example4_normal_seq19_cylinder__minimum_aabb_volume__all__instance_size__rng42.json,1044.139015197754,1041.770040512085,True,,2,0.15200410494919037,0.20513041792843317,2,0.15200410494919037,0.20513041792843317
1479,st04_Example4_normal_seq19_cylinder,minimum_aabb_edges_len,bottom,180x180x180,st04_Example4_normal_seq19_cylinder;st04_Example4_normal_seq19_cylinder_999999_1,geometry_only,st04_Example4_normal,19,cylinder,success,/mnt/scratch/pmywe/GPU/3D_irregular_packing_stream/hpc/results/all_instances_geometry/st04_Example4_normal_seq19_cylinder__minimum_aabb_edges_len__bottom__instance_size__rng42.json,844.1602311134338,841.7296707630157,True,,2,0.15200410494919037,0.21513381915267274,2,0.15200410494919037,0.21513381915267274
1480,st04_Example4_normal_seq19_cylinder,minimum_aabb_edges_len,bottom_top,180x180x180,st04_Example4_normal_seq19_cylinder;st04_Example4_normal_seq19_cylinder_999999_1,geometry_only,st04_Example4_normal,19,cylinder,success,/mnt/scratch/pmywe/GPU/3D_irregular_packing_stream/hpc/results/all_instances_geometry/st04_Example4_normal_seq19_cylinder__minimum_aabb_edges_len__bottom_top__instance_size__rng42.json,953.9427905082703,951.51105260849,True,,2,0.15200410494919037,0.1983769213446133,2,0.15200410494919037,0.1983769213446133
1481,st04_Example4_normal_seq19_cylinder,minimum_aabb_edges_len,all,180x180x180,st04_Example4_normal_seq19_cylinder;st04_Example4_normal_seq19_cylinder_999999_1,geometry_only,st04_Example4_normal,19,cylinder,success,/mnt/scratch/pmywe/GPU/3D_irregular_packing_stream/hpc/results/all_instances_geometry/st04_Example4_normal_seq19_cylinder__minimum_aabb_edges_len__all__instance_size__rng42.json,1099.4102189540863,1097.0366172790527,True,,2,0.15200410494919037,0.1901373236666555,2,0.15200410494919037,0.1901373236666555
1482,st04_Example4_normal_seq19_cylinder,maximal_residual_box,bottom,180x180x180,st04_Example4_normal_seq19_cylinder;st04_Example4_normal_seq19_cylinder_999999_1,geometry_only,st04_Example4_normal,19,cylinder,success,/mnt/scratch/pmywe/GPU/3D_irregular_packing_stream/hpc/results/all_instances_geometry/st04_Example4_normal_seq19_cylinder__maximal_residual_box__bottom__instance_size__rng42.json,849.6990699768066,847.2782726287842,True,,2,0.15200410494919037,0.2100725173067202,2,0.15200410494919037,0.2100725173067202
1483,st04_Example4_normal_seq19_cylinder,maximal_residual_box,bottom_top,180x180x180,st04_Example4_normal_seq19_cylinder;st04_Example4_normal_seq19_cylinder_999999_1,geometry_only,st04_Example4_normal,19,cylinder,success,/mnt/scratch/pmywe/GPU/3D_irregular_packing_stream/hpc/results/all_instances_geometry/st04_Example4_normal_seq19_cylinder__maximal_residual_box__bottom_top__instance_size__rng42.json,901.1336114406586,898.667902469635,True,,2,0.15200410494919037,0.2100725173067202,2,0.15200410494919037,0.2100725173067202
1484,st04_Example4_normal_seq19_cylinder,maximal_residual_box,all,180x180x180,st04_Example4_normal_seq19_cylinder;st04_Example4_normal_seq19_cylinder_999999_1,geometry_only,st04_Example4_normal,19,cylinder,success,/mnt/scratch/pmywe/GPU/3D_irregular_packing_stream/hpc/results/all_instances_geometry/st04_Example4_normal_seq19_cylinder__maximal_residual_box__all__instance_size__rng42.json,1082.2567331790924,1079.813555240631,True,,3,0.10133606996612692,0.1455716472457774,3,0.10133606996612692,0.1455716472457774
1485,st04_Example4_normal_seq19_cylinder,overlap_distance,bottom,180x180x180,st04_Example4_normal_seq19_cylinder;st04_Example4_normal_seq19_cylinder_999999_1,geometry_only,st04_Example4_normal,19,cylinder,success,/mnt/scratch/pmywe/GPU/3D_irregular_packing_stream/hpc/results/all_instances_geometry/st04_Example4_normal_seq19_cylinder__overlap_distance__bottom__instance_size__rng42.json,1791.4480593204498,1789.0285387039185,True,,2,0.15200410494919037,0.19922159963655095,2,0.15200410494919037,0.19922159963655095
1486,st04_Example4_normal_seq19_cylinder,overlap_distance,bottom_top,180x180x180,st04_Example4_normal_seq19_cylinder;st04_Example4_normal_seq19_cylinder_999999_1,geometry_only,st04_Example4_normal,19,cylinder,success,/mnt/scratch/pmywe/GPU/3D_irregular_packing_stream/hpc/results/all_instances_geometry/st04_Example4_normal_seq19_cylinder__overlap_distance__bottom_top__instance_size__rng42.json,2226.1253068447113,2223.6367988586426,True,,2,0.15200410494919037,0.20813143829570505,2,0.15200410494919037,0.20813143829570505
1487,st04_Example4_normal_seq19_cylinder,overlap_distance,all,180x180x180,st04_Example4_normal_seq19_cylinder;st04_Example4_normal_seq19_cylinder_999999_1,geometry_only,st04_Example4_normal,19,cylinder,success,/mnt/scratch/pmywe/GPU/3D_irregular_packing_stream/hpc/results/all_instances_geometry/st04_Example4_normal_seq19_cylinder__overlap_distance__all__instance_size__rng42.json,3386.6482286453247,3384.271116256714,True,,3,0.10133606996612692,0.1310827619566619,3,0.10133606996612692,0.1310827619566619
1488,st04_Example4_normal_seq3_cube,minimum_aabb_volume,bottom,148x148x148,st04_Example4_normal_seq3_cube;st04_Example4_normal_seq3_cube_999999_1,geometry_only,st04_Example4_normal,3,cube,success,/mnt/scratch/pmywe/GPU/3D_irregular_packing_stream/hpc/results/all_instances_geometry/st04_Example4_normal_seq3_cube__minimum_aabb_volume__bottom__instance_size__rng42.json,126.62449097633362,124.63785886764526,True,,3,0.1431813021933548,0.20632461922294829,3,0.1431813021933548,0.20632461922294829
1489,st04_Example4_normal_seq3_cube,minimum_aabb_volume,bottom_top,148x148x148,st04_Example4_normal_seq3_cube;st04_Example4_normal_seq3_cube_999999_1,geometry_only,st04_Example4_normal,3,cube,success,/mnt/scratch/pmywe/GPU/3D_irregular_packing_stream/hpc/results/all_instances_geometry/st04_Example4_normal_seq3_cube__minimum_aabb_volume__bottom_top__instance_size__rng42.json,139.82655358314514,137.84358668327332,True,,3,0.1431813021933548,0.20632461922294829,3,0.1431813021933548,0.20632461922294829
1490,st04_Example4_normal_seq3_cube,minimum_aabb_volume,all,148x148x148,st04_Example4_normal_seq3_cube;st04_Example4_normal_seq3_cube_999999_1,geometry_only,st04_Example4_normal,3,cube,success,/mnt/scratch/pmywe/GPU/3D_irregular_packing_stream/hpc/results/all_instances_geometry/st04_Example4_normal_seq3_cube__minimum_aabb_volume__all__instance_size__rng42.json,203.18940544128418,201.24502301216125,True,,3,0.1431813021933548,0.1836999412670523,3,0.1431813021933548,0.1836999412670523
1491,st04_Example4_normal_seq3_cube,minimum_aabb_edges_len,bottom,148x148x148,st04_Example4_normal_seq3_cube;st04_Example4_normal_seq3_cube_999999_1,geometry_only,st04_Example4_normal,3,cube,success,/mnt/scratch/pmywe/GPU/3D_irregular_packing_stream/hpc/results/all_instances_geometry/st04_Example4_normal_seq3_cube__minimum_aabb_edges_len__bottom__instance_size__rng42.json,131.4577441215515,129.47075819969177,True,,3,0.1431813021933548,0.2063246192229483,3,0.1431813021933548,0.2063246192229483
1492,st04_Example4_normal_seq3_cube,minimum_aabb_edges_len,bottom_top,148x148x148,st04_Example4_normal_seq3_cube;st04_Example4_normal_seq3_cube_999999_1,geometry_only,st04_Example4_normal,3,cube,success,/mnt/scratch/pmywe/GPU/3D_irregular_packing_stream/hpc/results/all_instances_geometry/st04_Example4_normal_seq3_cube__minimum_aabb_edges_len__bottom_top__instance_size__rng42.json,152.58985805511475,150.60939741134644,True,,3,0.1431813021933548,0.20632461922294829,3,0.1431813021933548,0.20632461922294829
1493,st04_Example4_normal_seq3_cube,minimum_aabb_edges_len,all,148x148x148,st04_Example4_normal_seq3_cube;st04_Example4_normal_seq3_cube_999999_1,geometry_only,st04_Example4_normal,3,cube,success,/mnt/scratch/pmywe/GPU/3D_irregular_packing_stream/hpc/results/all_instances_geometry/st04_Example4_normal_seq3_cube__minimum_aabb_edges_len__all__instance_size__rng42.json,230.136620759964,228.1721682548523,True,,3,0.1431813021933548,0.1893531417191479,3,0.1431813021933548,0.1893531417191479
1494,st04_Example4_normal_seq3_cube,maximal_residual_box,bottom,148x148x148,st04_Example4_normal_seq3_cube;st04_Example4_normal_seq3_cube_999999_1,geometry_only,st04_Example4_normal,3,cube,success,/mnt/scratch/pmywe/GPU/3D_irregular_packing_stream/hpc/results/all_instances_geometry/st04_Example4_normal_seq3_cube__maximal_residual_box__bottom__instance_size__rng42.json,131.55399799346924,129.57279658317566,True,,3,0.1431813021933548,0.2063246192229483,3,0.1431813021933548,0.2063246192229483
1495,st04_Example4_normal_seq3_cube,maximal_residual_box,bottom_top,148x148x148,st04_Example4_normal_seq3_cube;st04_Example4_normal_seq3_cube_999999_1,geometry_only,st04_Example4_normal,3,cube,success,/mnt/scratch/pmywe/GPU/3D_irregular_packing_stream/hpc/results/all_instances_geometry/st04_Example4_normal_seq3_cube__maximal_residual_box__bottom_top__instance_size__rng42.json,145.3768491744995,143.38733553886414,True,,3,0.1431813021933548,0.2063246192229483,3,0.1431813021933548,0.2063246192229483
1496,st04_Example4_normal_seq3_cube,maximal_residual_box,all,148x148x148,st04_Example4_normal_seq3_cube;st04_Example4_normal_seq3_cube_999999_1,geometry_only,st04_Example4_normal,3,cube,success,/mnt/scratch/pmywe/GPU/3D_irregular_packing_stream/hpc/results/all_instances_geometry/st04_Example4_normal_seq3_cube__maximal_residual_box__all__instance_size__rng42.json,198.92873811721802,196.9695384502411,True,,3,0.1431813021933548,0.20353048560796005,3,0.1431813021933548,0.20353048560796005
1497,st04_Example4_normal_seq3_cube,overlap_distance,bottom,148x148x148,st04_Example4_normal_seq3_cube;st04_Example4_normal_seq3_cube_999999_1,geometry_only,st04_Example4_normal,3,cube,success,/mnt/scratch/pmywe/GPU/3D_irregular_packing_stream/hpc/results/all_instances_geometry/st04_Example4_normal_seq3_cube__overlap_distance__bottom__instance_size__rng42.json,499.85974740982056,497.91528701782227,True,,3,0.1431813021933548,0.2063246192229483,3,0.1431813021933548,0.2063246192229483
1498,st04_Example4_normal_seq3_cube,overlap_distance,bottom_top,148x148x148,st04_Example4_normal_seq3_cube;st04_Example4_normal_seq3_cube_999999_1,geometry_only,st04_Example4_normal,3,cube,success,/mnt/scratch/pmywe/GPU/3D_irregular_packing_stream/hpc/results/all_instances_geometry/st04_Example4_normal_seq3_cube__overlap_distance__bottom_top__instance_size__rng42.json,691.3704392910004,689.3842785358429,True,,3,0.1431813021933548,0.2063246192229483,3,0.1431813021933548,0.2063246192229483
1499,st04_Example4_normal_seq3_cube,overlap_distance,all,148x148x148,st04_Example4_normal_seq3_cube;st04_Example4_normal_seq3_cube_999999_1,geometry_only,st04_Example4_normal,3,cube,success,/mnt/scratch/pmywe/GPU/3D_irregular_packing_stream/hpc/results/all_instances_geometry/st04_Example4_normal_seq3_cube__overlap_distance__all__instance_size__rng42.json,1070.2818789482117,1068.3417818546295,True,,3,0.1431813021933548,0.19508315154087616,3,0.1431813021933548,0.19508315154087616
1500,st04_Example4_normal_seq3_cylinder,minimum_aabb_volume,bottom,180x180x180,st04_Example4_normal_seq3_cylinder;st04_Example4_normal_seq3_cylinder_999999_1,geometry_only,st04_Example4_normal,3,cylinder,success,/mnt/scratch/pmywe/GPU/3D_irregular_packing_stream/hpc/results/all_instances_geometry/st04_Example4_normal_seq3_cylinder__minimum_aabb_volume__bottom__instance_size__rng42.json,851.1899948120117,848.765506029129,True,,2,0.15200410494919037,0.20551422367597166,2,0.15200410494919037,0.20551422367597166
1501,st04_Example4_normal_seq3_cylinder,minimum_aabb_volume,bottom_top,180x180x180,st04_Example4_normal_seq3_cylinder;st04_Example4_normal_seq3_cylinder_999999_1,geometry_only,st04_Example4_normal,3,cylinder,success,/mnt/scratch/pmywe/GPU/3D_irregular_packing_stream/hpc/results/all_instances_geometry/st04_Example4_normal_seq3_cylinder__minimum_aabb_volume__bottom_top__instance_size__rng42.json,900.1913554668427,897.78728723526,True,,2,0.15200410494919037,0.20551422367597166,2,0.15200410494919037,0.20551422367597166
1502,st04_Example4_normal_seq3_cylinder,minimum_aabb_volume,all,180x180x180,st04_Example4_normal_seq3_cylinder;st04_Example4_normal_seq3_cylinder_999999_1,geometry_only,st04_Example4_normal,3,cylinder,success,/mnt/scratch/pmywe/GPU/3D_irregular_packing_stream/hpc/results/all_instances_geometry/st04_Example4_normal_seq3_cylinder__minimum_aabb_volume__all__instance_size__rng42.json,1035.8348004817963,1033.4412024021149,True,,2,0.15200410494919037,0.19318681097132986,2,0.15200410494919037,0.19318681097132986
1503,st04_Example4_normal_seq3_cylinder,minimum_aabb_edges_len,bottom,180x180x180,st04_Example4_normal_seq3_cylinder;st04_Example4_normal_seq3_cylinder_999999_1,geometry_only,st04_Example4_normal,3,cylinder,success,/mnt/scratch/pmywe/GPU/3D_irregular_packing_stream/hpc/results/all_instances_geometry/st04_Example4_normal_seq3_cylinder__minimum_aabb_edges_len__bottom__instance_size__rng42.json,896.3148131370544,893.9225137233734,True,,2,0.15200410494919037,0.2066835431206907,2,0.15200410494919037,0.2066835431206907
1504,st04_Example4_normal_seq3_cylinder,minimum_aabb_edges_len,bottom_top,180x180x180,st04_Example4_normal_seq3_cylinder;st04_Example4_normal_seq3_cylinder_999999_1,geometry_only,st04_Example4_normal,3,cylinder,success,/mnt/scratch/pmywe/GPU/3D_irregular_packing_stream/hpc/results/all_instances_geometry/st04_Example4_normal_seq3_cylinder__minimum_aabb_edges_len__bottom_top__instance_size__rng42.json,887.7904031276703,885.364595413208,True,,2,0.15200410494919037,0.22611965829723266,2,0.15200410494919037,0.22611965829723266
1505,st04_Example4_normal_seq3_cylinder,minimum_aabb_edges_len,all,180x180x180,st04_Example4_normal_seq3_cylinder;st04_Example4_normal_seq3_cylinder_999999_1,geometry_only,st04_Example4_normal,3,cylinder,success,/mnt/scratch/pmywe/GPU/3D_irregular_packing_stream/hpc/results/all_instances_geometry/st04_Example4_normal_seq3_cylinder__minimum_aabb_edges_len__all__instance_size__rng42.json,1073.9594340324402,1071.5380005836487,True,,2,0.15200410494919037,0.20021539017283943,2,0.15200410494919037,0.20021539017283943
1506,st04_Example4_normal_seq3_cylinder,maximal_residual_box,bottom,180x180x180,st04_Example4_normal_seq3_cylinder;st04_Example4_normal_seq3_cylinder_999999_1,geometry_only,st04_Example4_normal,3,cylinder,success,/mnt/scratch/pmywe/GPU/3D_irregular_packing_stream/hpc/results/all_instances_geometry/st04_Example4_normal_seq3_cylinder__maximal_residual_box__bottom__instance_size__rng42.json,834.6135601997375,832.2204463481903,True,,2,0.15200410494919037,0.21442406233512576,2,0.15200410494919037,0.21442406233512576
1507,st04_Example4_normal_seq3_cylinder,maximal_residual_box,bottom_top,180x180x180,st04_Example4_normal_seq3_cylinder;st04_Example4_normal_seq3_cylinder_999999_1,geometry_only,st04_Example4_normal,3,cylinder,success,/mnt/scratch/pmywe/GPU/3D_irregular_packing_stream/hpc/results/all_instances_geometry/st04_Example4_normal_seq3_cylinder__maximal_residual_box__bottom_top__instance_size__rng42.json,889.5208928585052,887.0877618789673,True,,2,0.15200410494919037,0.21442406233512576,2,0.15200410494919037,0.21442406233512576
1508,st04_Example4_normal_seq3_cylinder,maximal_residual_box,all,180x180x180,st04_Example4_normal_seq3_cylinder;st04_Example4_normal_seq3_cylinder_999999_1,geometry_only,st04_Example4_normal,3,cylinder,success,/mnt/scratch/pmywe/GPU/3D_irregular_packing_stream/hpc/results/all_instances_geometry/st04_Example4_normal_seq3_cylinder__maximal_residual_box__all__instance_size__rng42.json,1068.6053006649017,1066.2424945831299,True,,2,0.15200410494919037,0.20021539017283943,2,0.15200410494919037,0.20021539017283943
1509,st04_Example4_normal_seq3_cylinder,overlap_distance,bottom,180x180x180,st04_Example4_normal_seq3_cylinder;st04_Example4_normal_seq3_cylinder_999999_1,geometry_only,st04_Example4_normal,3,cylinder,success,/mnt/scratch/pmywe/GPU/3D_irregular_packing_stream/hpc/results/all_instances_geometry/st04_Example4_normal_seq3_cylinder__overlap_distance__bottom__instance_size__rng42.json,1516.4430961608887,1514.023180961609,True,,2,0.15200410494919037,0.21046898558745392,2,0.15200410494919037,0.21046898558745392
1510,st04_Example4_normal_seq3_cylinder,overlap_distance,bottom_top,180x180x180,st04_Example4_normal_seq3_cylinder;st04_Example4_normal_seq3_cylinder_999999_1,geometry_only,st04_Example4_normal,3,cylinder,success,/mnt/scratch/pmywe/GPU/3D_irregular_packing_stream/hpc/results/all_instances_geometry/st04_Example4_normal_seq3_cylinder__overlap_distance__bottom_top__instance_size__rng42.json,2254.4427394866943,2252.090348005295,True,,2,0.15200410494919037,0.2015591469282998,2,0.15200410494919037,0.2015591469282998
1511,st04_Example4_normal_seq3_cylinder,overlap_distance,all,180x180x180,st04_Example4_normal_seq3_cylinder;st04_Example4_normal_seq3_cylinder_999999_1,geometry_only,st04_Example4_normal,3,cylinder,success,/mnt/scratch/pmywe/GPU/3D_irregular_packing_stream/hpc/results/all_instances_geometry/st04_Example4_normal_seq3_cylinder__overlap_distance__all__instance_size__rng42.json,3767.368988275528,3764.996839761734,True,,2,0.15200410494919037,0.19318681097132986,2,0.15200410494919037,0.19318681097132986
1512,st04_Example4_normal_seq53_cube,minimum_aabb_volume,bottom,148x148x148,st04_Example4_normal_seq53_cube;st04_Example4_normal_seq53_cube_999999_1,geometry_only,st04_Example4_normal,53,cube,success,/mnt/scratch/pmywe/GPU/3D_irregular_packing_stream/hpc/results/all_instances_geometry/st04_Example4_normal_seq53_cube__minimum_aabb_volume__bottom__instance_size__rng42.json,132.95368099212646,130.97293615341187,True,,3,0.1431813021933548,0.20205969414447317,3,0.1431813021933548,0.20205969414447317
1513,st04_Example4_normal_seq53_cube,minimum_aabb_volume,bottom_top,148x148x148,st04_Example4_normal_seq53_cube;st04_Example4_normal_seq53_cube_999999_1,geometry_only,st04_Example4_normal,53,cube,success,/mnt/scratch/pmywe/GPU/3D_irregular_packing_stream/hpc/results/all_instances_geometry/st04_Example4_normal_seq53_cube__minimum_aabb_volume__bottom_top__instance_size__rng42.json,148.76435804367065,146.78232598304749,True,,3,0.1431813021933548,0.20059460940122006,3,0.1431813021933548,0.20059460940122006
1514,st04_Example4_normal_seq53_cube,minimum_aabb_volume,all,148x148x148,st04_Example4_normal_seq53_cube;st04_Example4_normal_seq53_cube_999999_1,geometry_only,st04_Example4_normal,53,cube,success,/mnt/scratch/pmywe/GPU/3D_irregular_packing_stream/hpc/results/all_instances_geometry/st04_Example4_normal_seq53_cube__minimum_aabb_volume__all__instance_size__rng42.json,203.96704363822937,201.98869371414185,True,,3,0.1431813021933548,0.18788235025566108,3,0.1431813021933548,0.18788235025566108
1515,st04_Example4_normal_seq53_cube,minimum_aabb_edges_len,bottom,148x148x148,st04_Example4_normal_seq53_cube;st04_Example4_normal_seq53_cube_999999_1,geometry_only,st04_Example4_normal,53,cube,success,/mnt/scratch/pmywe/GPU/3D_irregular_packing_stream/hpc/results/all_instances_geometry/st04_Example4_normal_seq53_cube__minimum_aabb_edges_len__bottom__instance_size__rng42.json,139.99355244636536,138.02581000328064,True,,2,0.21477195329003218,0.23855231921110298,2,0.21477195329003218,0.23855231921110298
1516,st04_Example4_normal_seq53_cube,minimum_aabb_edges_len,bottom_top,148x148x148,st04_Example4_normal_seq53_cube;st04_Example4_normal_seq53_cube_999999_1,geometry_only,st04_Example4_normal,53,cube,success,/mnt/scratch/pmywe/GPU/3D_irregular_packing_stream/hpc/results/all_instances_geometry/st04_Example4_normal_seq53_cube__minimum_aabb_edges_len__bottom_top__instance_size__rng42.json,169.52363967895508,167.532231092453,True,,3,0.1431813021933548,0.20059460940122006,3,0.1431813021933548,0.20059460940122006
1517,st04_Example4_normal_seq53_cube,minimum_aabb_edges_len,all,148x148x148,st04_Example4_normal_seq53_cube;st04_Example4_normal_seq53_cube_999999_1,geometry_only,st04_Example4_normal,53,cube,success,/mnt/scratch/pmywe/GPU/3D_irregular_packing_stream/hpc/results/all_instances_geometry/st04_Example4_normal_seq53_cube__minimum_aabb_edges_len__all__instance_size__rng42.json,213.3551685810089,211.37867903709412,True,,3,0.1431813021933548,0.19430009698339684,3,0.1431813021933548,0.19430009698339684
1518,st04_Example4_normal_seq53_cube,maximal_residual_box,bottom,148x148x148,st04_Example4_normal_seq53_cube;st04_Example4_normal_seq53_cube_999999_1,geometry_only,st04_Example4_normal,53,cube,success,/mnt/scratch/pmywe/GPU/3D_irregular_packing_stream/hpc/results/all_instances_geometry/st04_Example4_normal_seq53_cube__maximal_residual_box__bottom__instance_size__rng42.json,132.4337146282196,130.45004320144653,True,,3,0.1431813021933548,0.20059460940122006,3,0.1431813021933548,0.20059460940122006
1519,st04_Example4_normal_seq53_cube,maximal_residual_box,bottom_top,148x148x148,st04_Example4_normal_seq53_cube;st04_Example4_normal_seq53_cube_999999_1,geometry_only,st04_Example4_normal,53,cube,success,/mnt/scratch/pmywe/GPU/3D_irregular_packing_stream/hpc/results/all_instances_geometry/st04_Example4_normal_seq53_cube__maximal_residual_box__bottom_top__instance_size__rng42.json,146.38060355186462,144.41489624977112,True,,3,0.1431813021933548,0.20059460940122006,3,0.1431813021933548,0.20059460940122006
1520,st04_Example4_normal_seq53_cube,maximal_residual_box,all,148x148x148,st04_Example4_normal_seq53_cube;st04_Example4_normal_seq53_cube_999999_1,geometry_only,st04_Example4_normal,53,cube,success,/mnt/scratch/pmywe/GPU/3D_irregular_packing_stream/hpc/results/all_instances_geometry/st04_Example4_normal_seq53_cube__maximal_residual_box__all__instance_size__rng42.json,198.17584657669067,196.18652939796448,True,,3,0.1431813021933548,0.18788235025566108,3,0.1431813021933548,0.18788235025566108
1521,st04_Example4_normal_seq53_cube,overlap_distance,bottom,148x148x148,st04_Example4_normal_seq53_cube;st04_Example4_normal_seq53_cube_999999_1,geometry_only,st04_Example4_normal,53,cube,success,/mnt/scratch/pmywe/GPU/3D_irregular_packing_stream/hpc/results/all_instances_geometry/st04_Example4_normal_seq53_cube__overlap_distance__bottom__instance_size__rng42.json,469.3036639690399,467.3705909252167,True,,3,0.1431813021933548,0.20059460940122006,3,0.1431813021933548,0.20059460940122006
1522,st04_Example4_normal_seq53_cube,overlap_distance,bottom_top,148x148x148,st04_Example4_normal_seq53_cube;st04_Example4_normal_seq53_cube_999999_1,geometry_only,st04_Example4_normal,53,cube,success,/mnt/scratch/pmywe/GPU/3D_irregular_packing_stream/hpc/results/all_instances_geometry/st04_Example4_normal_seq53_cube__overlap_distance__bottom_top__instance_size__rng42.json,558.8400220870972,556.8837003707886,True,,3,0.1431813021933548,0.18788235025566108,3,0.1431813021933548,0.18788235025566108
1523,st04_Example4_normal_seq53_cube,overlap_distance,all,148x148x148,st04_Example4_normal_seq53_cube;st04_Example4_normal_seq53_cube_999999_1,geometry_only,st04_Example4_normal,53,cube,success,/mnt/scratch/pmywe/GPU/3D_irregular_packing_stream/hpc/results/all_instances_geometry/st04_Example4_normal_seq53_cube__overlap_distance__all__instance_size__rng42.json,965.815169095993,963.8594195842743,True,,3,0.1431813021933548,0.18158783783783783,3,0.1431813021933548,0.18158783783783783
1524,st04_Example4_normal_seq53_cylinder,minimum_aabb_volume,bottom,180x180x180,st04_Example4_normal_seq53_cylinder;st04_Example4_normal_seq53_cylinder_999999_1,geometry_only,st04_Example4_normal,53,cylinder,success,/mnt/scratch/pmywe/GPU/3D_irregular_packing_stream/hpc/results/all_instances_geometry/st04_Example4_normal_seq53_cylinder__minimum_aabb_volume__bottom__instance_size__rng42.json,903.385692358017,900.9137899875641,True,,2,0.15200410494919037,0.18079171920995488,2,0.15200410494919037,0.18079171920995488
1525,st04_Example4_normal_seq53_cylinder,minimum_aabb_volume,bottom_top,180x180x180,st04_Example4_normal_seq53_cylinder;st04_Example4_normal_seq53_cylinder_999999_1,geometry_only,st04_Example4_normal,53,cylinder,success,/mnt/scratch/pmywe/GPU/3D_irregular_packing_stream/hpc/results/all_instances_geometry/st04_Example4_normal_seq53_cylinder__minimum_aabb_volume__bottom_top__instance_size__rng42.json,955.4445753097534,952.9758999347687,True,,2,0.15200410494919037,0.18079171920995488,2,0.15200410494919037,0.18079171920995488
1526,st04_Example4_normal_seq53_cylinder,minimum_aabb_volume,all,180x180x180,st04_Example4_normal_seq53_cylinder;st04_Example4_normal_seq53_cylinder_999999_1,geometry_only,st04_Example4_normal,53,cylinder,success,/mnt/scratch/pmywe/GPU/3D_irregular_packing_stream/hpc/results/all_instances_geometry/st04_Example4_normal_seq53_cylinder__minimum_aabb_volume__all__instance_size__rng42.json,1071.2944014072418,1068.868237733841,True,,2,0.15200410494919037,0.18853223842438993,2,0.15200410494919037,0.18853223842438993
1527,st04_Example4_normal_seq53_cylinder,minimum_aabb_edges_len,bottom,180x180x180,st04_Example4_normal_seq53_cylinder;st04_Example4_normal_seq53_cylinder_999999_1,geometry_only,st04_Example4_normal,53,cylinder,success,/mnt/scratch/pmywe/GPU/3D_irregular_packing_stream/hpc/results/all_instances_geometry/st04_Example4_normal_seq53_cylinder__minimum_aabb_edges_len__bottom__instance_size__rng42.json,880.2314636707306,877.7841129302979,True,,2,0.15200410494919037,0.21006443948381978,2,0.15200410494919037,0.21006443948381978
1528,st04_Example4_normal_seq53_cylinder,minimum_aabb_edges_len,bottom_top,180x180x180,st04_Example4_normal_seq53_cylinder;st04_Example4_normal_seq53_cylinder_999999_1,geometry_only,st04_Example4_normal,53,cylinder,success,/mnt/scratch/pmywe/GPU/3D_irregular_packing_stream/hpc/results/all_instances_geometry/st04_Example4_normal_seq53_cylinder__minimum_aabb_edges_len__bottom_top__instance_size__rng42.json,954.2473015785217,951.8280084133148,True,,2,0.15200410494919037,0.20316859856132238,2,0.15200410494919037,0.20316859856132238
1529,st04_Example4_normal_seq53_cylinder,minimum_aabb_edges_len,all,180x180x180,st04_Example4_normal_seq53_cylinder;st04_Example4_normal_seq53_cylinder_999999_1,geometry_only,st04_Example4_normal,53,cylinder,success,/mnt/scratch/pmywe/GPU/3D_irregular_packing_stream/hpc/results/all_instances_geometry/st04_Example4_normal_seq53_cylinder__minimum_aabb_edges_len__all__instance_size__rng42.json,1071.5148820877075,1069.1505088806152,True,,2,0.15200410494919037,0.20316859856132238,2,0.15200410494919037,0.20316859856132238
1530,st04_Example4_normal_seq53_cylinder,maximal_residual_box,bottom,180x180x180,st04_Example4_normal_seq53_cylinder;st04_Example4_normal_seq53_cylinder_999999_1,geometry_only,st04_Example4_normal,53,cylinder,success,/mnt/scratch/pmywe/GPU/3D_irregular_packing_stream/hpc/results/all_instances_geometry/st04_Example4_normal_seq53_cylinder__maximal_residual_box__bottom__instance_size__rng42.json,881.624837398529,879.1436779499054,True,,2,0.15200410494919037,0.19627275763882496,2,0.15200410494919037,0.19627275763882496
1531,st04_Example4_normal_seq53_cylinder,maximal_residual_box,bottom_top,180x180x180,st04_Example4_normal_seq53_cylinder;st04_Example4_normal_seq53_cylinder_999999_1,geometry_only,st04_Example4_normal,53,cylinder,success,/mnt/scratch/pmywe/GPU/3D_irregular_packing_stream/hpc/results/all_instances_geometry/st04_Example4_normal_seq53_cylinder__maximal_residual_box__bottom_top__instance_size__rng42.json,951.7121050357819,949.2875664234161,True,,2,0.15200410494919037,0.18853223842438993,2,0.15200410494919037,0.18853223842438993
1532,st04_Example4_normal_seq53_cylinder,maximal_residual_box,all,180x180x180,st04_Example4_normal_seq53_cylinder;st04_Example4_normal_seq53_cylinder_999999_1,geometry_only,st04_Example4_normal,53,cylinder,success,/mnt/scratch/pmywe/GPU/3D_irregular_packing_stream/hpc/results/all_instances_geometry/st04_Example4_normal_seq53_cylinder__maximal_residual_box__all__instance_size__rng42.json,1106.7984132766724,1104.427491903305,True,,2,0.15200410494919037,0.17305119999551982,2,0.15200410494919037,0.17305119999551982
1533,st04_Example4_normal_seq53_cylinder,overlap_distance,bottom,180x180x180,st04_Example4_normal_seq53_cylinder;st04_Example4_normal_seq53_cylinder_999999_1,geometry_only,st04_Example4_normal,53,cylinder,success,/mnt/scratch/pmywe/GPU/3D_irregular_packing_stream/hpc/results/all_instances_geometry/st04_Example4_normal_seq53_cylinder__overlap_distance__bottom__instance_size__rng42.json,1612.2626214027405,1609.8817069530487,True,,2,0.15200410494919037,0.18768756013245227,2,0.15200410494919037,0.18768756013245227
1534,st04_Example4_normal_seq53_cylinder,overlap_distance,bottom_top,180x180x180,st04_Example4_normal_seq53_cylinder;st04_Example4_normal_seq53_cylinder_999999_1,geometry_only,st04_Example4_normal,53,cylinder,success,/mnt/scratch/pmywe/GPU/3D_irregular_packing_stream/hpc/results/all_instances_geometry/st04_Example4_normal_seq53_cylinder__overlap_distance__bottom_top__instance_size__rng42.json,2189.394434928894,2186.971891641617,True,,2,0.15200410494919037,0.18768756013245227,2,0.15200410494919037,0.18768756013245227
1535,st04_Example4_normal_seq53_cylinder,overlap_distance,all,180x180x180,st04_Example4_normal_seq53_cylinder;st04_Example4_normal_seq53_cylinder_999999_1,geometry_only,st04_Example4_normal,53,cylinder,success,/mnt/scratch/pmywe/GPU/3D_irregular_packing_stream/hpc/results/all_instances_geometry/st04_Example4_normal_seq53_cylinder__overlap_distance__all__instance_size__rng42.json,3161.059872150421,3158.6781599521637,True,,2,0.15200410494919037,0.15835196383168687,2,0.15200410494919037,0.15835196383168687
1536,st04_Example4_normal_seq7_cube,minimum_aabb_volume,bottom,148x148x148,st04_Example4_normal_seq7_cube;st04_Example4_normal_seq7_cube_999999_1,geometry_only,st04_Example4_normal,7,cube,success,/mnt/scratch/pmywe/GPU/3D_irregular_packing_stream/hpc/results/all_instances_geometry/st04_Example4_normal_seq7_cube__minimum_aabb_volume__bottom__instance_size__rng42.json,135.77452087402344,133.8000030517578,True,,3,0.1431813021933548,0.20059460940122006,3,0.1431813021933548,0.20059460940122006
1537,st04_Example4_normal_seq7_cube,minimum_aabb_volume,bottom_top,148x148x148,st04_Example4_normal_seq7_cube;st04_Example4_normal_seq7_cube_999999_1,geometry_only,st04_Example4_normal,7,cube,success,/mnt/scratch/pmywe/GPU/3D_irregular_packing_stream/hpc/results/all_instances_geometry/st04_Example4_normal_seq7_cube__minimum_aabb_volume__bottom_top__instance_size__rng42.json,146.96249151229858,144.9749355316162,True,,3,0.1431813021933548,0.20059460940122006,3,0.1431813021933548,0.20059460940122006
1538,st04_Example4_normal_seq7_cube,minimum_aabb_volume,all,148x148x148,st04_Example4_normal_seq7_cube;st04_Example4_normal_seq7_cube_999999_1,geometry_only,st04_Example4_normal,7,cube,success,/mnt/scratch/pmywe/GPU/3D_irregular_packing_stream/hpc/results/all_instances_geometry/st04_Example4_normal_seq7_cube__minimum_aabb_volume__all__instance_size__rng42.json,187.3174228668213,185.37318110466003,True,,3,0.1431813021933548,0.20059460940122006,3,0.1431813021933548,0.20059460940122006
1539,st04_Example4_normal_seq7_cube,minimum_aabb_edges_len,bottom,148x148x148,st04_Example4_normal_seq7_cube;st04_Example4_normal_seq7_cube_999999_1,geometry_only,st04_Example4_normal,7,cube,success,/mnt/scratch/pmywe/GPU/3D_irregular_packing_stream/hpc/results/all_instances_geometry/st04_Example4_normal_seq7_cube__minimum_aabb_edges_len__bottom__instance_size__rng42.json,138.6574900150299,136.66218757629395,True,,3,0.1431813021933548,0.20990026503859593,3,0.1431813021933548,0.20990026503859593
1540,st04_Example4_normal_seq7_cube,minimum_aabb_edges_len,bottom_top,148x148x148,st04_Example4_normal_seq7_cube;st04_Example4_normal_seq7_cube_999999_1,geometry_only,st04_Example4_normal,7,cube,success,/mnt/scratch/pmywe/GPU/3D_irregular_packing_stream/hpc/results/all_instances_geometry/st04_Example4_normal_seq7_cube__minimum_aabb_edges_len__bottom_top__instance_size__rng42.json,167.8360469341278,165.88432550430298,True,,3,0.1431813021933548,0.20847744087220893,3,0.1431813021933548,0.20847744087220893
1541,st04_Example4_normal_seq7_cube,minimum_aabb_edges_len,all,148x148x148,st04_Example4_normal_seq7_cube;st04_Example4_normal_seq7_cube_999999_1,geometry_only,st04_Example4_normal,7,cube,success,/mnt/scratch/pmywe/GPU/3D_irregular_packing_stream/hpc/results/all_instances_geometry/st04_Example4_normal_seq7_cube__minimum_aabb_edges_len__all__instance_size__rng42.json,217.20164132118225,215.2426815032959,True,,3,0.1431813021933548,0.20847744087220893,3,0.1431813021933548,0.20847744087220893
1542,st04_Example4_normal_seq7_cube,maximal_residual_box,bottom,148x148x148,st04_Example4_normal_seq7_cube;st04_Example4_normal_seq7_cube_999999_1,geometry_only,st04_Example4_normal,7,cube,success,/mnt/scratch/pmywe/GPU/3D_irregular_packing_stream/hpc/results/all_instances_geometry/st04_Example4_normal_seq7_cube__maximal_residual_box__bottom__instance_size__rng42.json,136.43423461914062,134.502192735672,True,,2,0.21477195329003218,0.23779255424160464,2,0.21477195329003218,0.23779255424160464
1543,st04_Example4_normal_seq7_cube,maximal_residual_box,bottom_top,148x148x148,st04_Example4_normal_seq7_cube;st04_Example4_normal_seq7_cube_999999_1,geometry_only,st04_Example4_normal,7,cube,success,/mnt/scratch/pmywe/GPU/3D_irregular_packing_stream/hpc/results/all_instances_geometry/st04_Example4_normal_seq7_cube__maximal_residual_box__bottom_top__instance_size__rng42.json,151.66695141792297,149.7150013446808,True,,2,0.21477195329003218,0.2365990785343415,2,0.21477195329003218,0.2365990785343415
1544,st04_Example4_normal_seq7_cube,maximal_residual_box,all,148x148x148,st04_Example4_normal_seq7_cube;st04_Example4_normal_seq7_cube_999999_1,geometry_only,st04_Example4_normal,7,cube,success,/mnt/scratch/pmywe/GPU/3D_irregular_packing_stream/hpc/results/all_instances_geometry/st04_Example4_normal_seq7_cube__maximal_residual_box__all__instance_size__rng42.json,207.9533224105835,205.99903988838196,True,,3,0.1431813021933548,0.18667884922906836,3,0.1431813021933548,0.18667884922906836
1545,st04_Example4_normal_seq7_cube,overlap_distance,bottom,148x148x148,st04_Example4_normal_seq7_cube;st04_Example4_normal_seq7_cube_999999_1,geometry_only,st04_Example4_normal,7,cube,success,/mnt/scratch/pmywe/GPU/3D_irregular_packing_stream/hpc/results/all_instances_geometry/st04_Example4_normal_seq7_cube__overlap_distance__bottom__instance_size__rng42.json,698.1139645576477,696.1867754459381,True,,2,0.21477195329003218,0.23968440911693287,2,0.21477195329003218,0.23968440911693287
1546,st04_Example4_normal_seq7_cube,overlap_distance,bottom_top,148x148x148,st04_Example4_normal_seq7_cube;st04_Example4_normal_seq7_cube_999999_1,geometry_only,st04_Example4_normal,7,cube,success,/mnt/scratch/pmywe/GPU/3D_irregular_packing_stream/hpc/results/all_instances_geometry/st04_Example4_normal_seq7_cube__overlap_distance__bottom_top__instance_size__rng42.json,600.8899836540222,598.924836397171,True,,3,0.1431813021933548,0.19430009698339684,3,0.1431813021933548,0.19430009698339684
1547,st04_Example4_normal_seq7_cube,overlap_distance,all,148x148x148,st04_Example4_normal_seq7_cube;st04_Example4_normal_seq7_cube_999999_1,geometry_only,st04_Example4_normal,7,cube,success,/mnt/scratch/pmywe/GPU/3D_irregular_packing_stream/hpc/results/all_instances_geometry/st04_Example4_normal_seq7_cube__overlap_distance__all__instance_size__rng42.json,1286.9949328899384,1285.062804698944,True,,3,0.1431813021933548,0.19214727533413617,3,0.1431813021933548,0.19214727533413617
1548,st04_Example4_normal_seq7_cylinder,minimum_aabb_volume,bottom,180x180x180,st04_Example4_normal_seq7_cylinder;st04_Example4_normal_seq7_cylinder_999999_1,geometry_only,st04_Example4_normal,7,cylinder,success,/mnt/scratch/pmywe/GPU/3D_irregular_packing_stream/hpc/results/all_instances_geometry/st04_Example4_normal_seq7_cylinder__minimum_aabb_volume__bottom__instance_size__rng42.json,883.8485157489777,881.4294056892395,True,,2,0.15200410494919037,0.19439477297424818,2,0.15200410494919037,0.19439477297424818
1549,st04_Example4_normal_seq7_cylinder,minimum_aabb_volume,bottom_top,180x180x180,st04_Example4_normal_seq7_cylinder;st04_Example4_normal_seq7_cylinder_999999_1,geometry_only,st04_Example4_normal,7,cylinder,success,/mnt/scratch/pmywe/GPU/3D_irregular_packing_stream/hpc/results/all_instances_geometry/st04_Example4_normal_seq7_cylinder__minimum_aabb_volume__bottom_top__instance_size__rng42.json,932.2514801025391,929.8543574810028,True,,2,0.15200410494919037,0.19017814942023326,2,0.15200410494919037,0.19017814942023326
1550,st04_Example4_normal_seq7_cylinder,minimum_aabb_volume,all,180x180x180,st04_Example4_normal_seq7_cylinder;st04_Example4_normal_seq7_cylinder_999999_1,geometry_only,st04_Example4_normal,7,cylinder,success,/mnt/scratch/pmywe/GPU/3D_irregular_packing_stream/hpc/results/all_instances_geometry/st04_Example4_normal_seq7_cylinder__minimum_aabb_volume__all__instance_size__rng42.json,1094.7232685089111,1092.3258111476898,True,,2,0.15200410494919037,0.17048048743734825,2,0.15200410494919037,0.17048048743734825
1551,st04_Example4_normal_seq7_cylinder,minimum_aabb_edges_len,bottom,180x180x180,st04_Example4_normal_seq7_cylinder;st04_Example4_normal_seq7_cylinder_999999_1,geometry_only,st04_Example4_normal,7,cylinder,success,/mnt/scratch/pmywe/GPU/3D_irregular_packing_stream/hpc/results/all_instances_geometry/st04_Example4_normal_seq7_cylinder__minimum_aabb_edges_len__bottom__instance_size__rng42.json,869.3593754768372,866.9654273986816,True,,2,0.15200410494919037,0.20903113311118063,2,0.15200410494919037,0.20903113311118063
1552,st04_Example4_normal_seq7_cylinder,minimum_aabb_edges_len,bottom_top,180x180x180,st04_Example4_normal_seq7_cylinder;st04_Example4_normal_seq7_cylinder_999999_1,geometry_only,st04_Example4_normal,7,cylinder,success,/mnt/scratch/pmywe/GPU/3D_irregular_packing_stream/hpc/results/all_instances_geometry/st04_Example4_normal_seq7_cylinder__minimum_aabb_edges_len__bottom_top__instance_size__rng42.json,927.4449589252472,925.0691385269165,True,,2,0.15200410494919037,0.21287966992438218,2,0.15200410494919037,0.21287966992438218
1553,st04_Example4_normal_seq7_cylinder,minimum_aabb_edges_len,all,180x180x180,st04_Example4_normal_seq7_cylinder;st04_Example4_normal_seq7_cylinder_999999_1,geometry_only,st04_Example4_normal,7,cylinder,success,/mnt/scratch/pmywe/GPU/3D_irregular_packing_stream/hpc/results/all_instances_geometry/st04_Example4_normal_seq7_cylinder__minimum_aabb_edges_len__all__instance_size__rng42.json,1100.4118559360504,1097.975566625595,True,,2,0.15200410494919037,0.18116177082660886,2,0.15200410494919037,0.18116177082660886
1554,st04_Example4_normal_seq7_cylinder,maximal_residual_box,bottom,180x180x180,st04_Example4_normal_seq7_cylinder;st04_Example4_normal_seq7_cylinder_999999_1,geometry_only,st04_Example4_normal,7,cylinder,success,/mnt/scratch/pmywe/GPU/3D_irregular_packing_stream/hpc/results/all_instances_geometry/st04_Example4_normal_seq7_cylinder__maximal_residual_box__bottom__instance_size__rng42.json,871.5521967411041,869.2007656097412,True,,2,0.15200410494919037,0.20129061389674557,2,0.15200410494919037,0.20129061389674557
1555,st04_Example4_normal_seq7_cylinder,maximal_residual_box,bottom_top,180x180x180,st04_Example4_normal_seq7_cylinder;st04_Example4_normal_seq7_cylinder_999999_1,geometry_only,st04_Example4_normal,7,cylinder,success,/mnt/scratch/pmywe/GPU/3D_irregular_packing_stream/hpc/results/all_instances_geometry/st04_Example4_normal_seq7_cylinder__maximal_residual_box__bottom_top__instance_size__rng42.json,927.907044172287,925.4886944293976,True,,2,0.15200410494919037,0.20129061389674557,2,0.15200410494919037,0.20129061389674557
1556,st04_Example4_normal_seq7_cylinder,maximal_residual_box,all,180x180x180,st04_Example4_normal_seq7_cylinder;st04_Example4_normal_seq7_cylinder_999999_1,geometry_only,st04_Example4_normal,7,cylinder,success,/mnt/scratch/pmywe/GPU/3D_irregular_packing_stream/hpc/results/all_instances_geometry/st04_Example4_normal_seq7_cylinder__maximal_residual_box__all__instance_size__rng42.json,1101.7658920288086,1099.3781020641327,True,,2,0.15200410494919037,0.1871308453109374,2,0.15200410494919037,0.1871308453109374
1557,st04_Example4_normal_seq7_cylinder,overlap_distance,bottom,180x180x180,st04_Example4_normal_seq7_cylinder;st04_Example4_normal_seq7_cylinder_999999_1,geometry_only,st04_Example4_normal,7,cylinder,success,/mnt/scratch/pmywe/GPU/3D_irregular_packing_stream/hpc/results/all_instances_geometry/st04_Example4_normal_seq7_cylinder__overlap_distance__bottom__instance_size__rng42.json,1807.1290709972382,1804.696692943573,True,,2,0.15200410494919037,0.22012940681773274,2,0.15200410494919037,0.22012940681773274
1558,st04_Example4_normal_seq7_cylinder,overlap_distance,bottom_top,180x180x180,st04_Example4_normal_seq7_cylinder;st04_Example4_normal_seq7_cylinder_999999_1,geometry_only,st04_Example4_normal,7,cylinder,success,/mnt/scratch/pmywe/GPU/3D_irregular_packing_stream/hpc/results/all_instances_geometry/st04_Example4_normal_seq7_cylinder__overlap_distance__bottom_top__instance_size__rng42.json,2248.556555747986,2246.132704973221,True,,2,0.15200410494919037,0.20732758575734517,2,0.15200410494919037,0.20732758575734517
1559,st04_Example4_normal_seq7_cylinder,overlap_distance,all,180x180x180,st04_Example4_normal_seq7_cylinder;st04_Example4_normal_seq7_cylinder_999999_1,geometry_only,st04_Example4_normal,7,cylinder,success,/mnt/scratch/pmywe/GPU/3D_irregular_packing_stream/hpc/results/all_instances_geometry/st04_Example4_normal_seq7_cylinder__overlap_distance__all__instance_size__rng42.json,3791.2141704559326,3788.8575778007507,True,,3,0.10133606996612692,0.14754918561961333,3,0.10133606996612692,0.14754918561961333
1560,st04_Example5_normal_seq13_cube,minimum_aabb_volume,bottom,148x148x148,st04_Example5_normal_seq13_cube;st04_Example5_normal_seq13_cube_999999_1,geometry_only,st04_Example5_normal,13,cube,success,/mnt/scratch/pmywe/GPU/3D_irregular_packing_stream/hpc/results/all_instances_geometry/st04_Example5_normal_seq13_cube__minimum_aabb_volume__bottom__instance_size__rng42.json,185.65256190299988,183.47733306884766,True,,3,0.17897662774169348,0.22852129316131325,3,0.17897662774169348,0.22852129316131325
1561,st04_Example5_normal_seq13_cube,minimum_aabb_volume,bottom_top,148x148x148,st04_Example5_normal_seq13_cube;st04_Example5_normal_seq13_cube_999999_1,geometry_only,st04_Example5_normal,13,cube,success,/mnt/scratch/pmywe/GPU/3D_irregular_packing_stream/hpc/results/all_instances_geometry/st04_Example5_normal_seq13_cube__minimum_aabb_volume__bottom_top__instance_size__rng42.json,198.67961621284485,196.49043941497803,True,,3,0.17897662774169348,0.22852129316131325,3,0.17897662774169348,0.22852129316131325
1562,st04_Example5_normal_seq13_cube,minimum_aabb_volume,all,148x148x148,st04_Example5_normal_seq13_cube;st04_Example5_normal_seq13_cube_999999_1,geometry_only,st04_Example5_normal,13,cube,success,/mnt/scratch/pmywe/GPU/3D_irregular_packing_stream/hpc/results/all_instances_geometry/st04_Example5_normal_seq13_cube__minimum_aabb_volume__all__instance_size__rng42.json,263.38118839263916,261.197500705719,True,,3,0.17897662774169348,0.1980560443112945,3,0.17897662774169348,0.1980560443112945
1563,st04_Example5_normal_seq13_cube,minimum_aabb_edges_len,bottom,148x148x148,st04_Example5_normal_seq13_cube;st04_Example5_normal_seq13_cube_999999_1,geometry_only,st04_Example5_normal,13,cube,success,/mnt/scratch/pmywe/GPU/3D_irregular_packing_stream/hpc/results/all_instances_geometry/st04_Example5_normal_seq13_cube__minimum_aabb_edges_len__bottom__instance_size__rng42.json,188.5700843334198,186.4044165611267,True,,3,0.17897662774169348,0.20804943685467792,3,0.17897662774169348,0.20804943685467792
1564,st04_Example5_normal_seq13_cube,minimum_aabb_edges_len,bottom_top,148x148x148,st04_Example5_normal_seq13_cube;st04_Example5_normal_seq13_cube_999999_1,geometry_only,st04_Example5_normal,13,cube,success,/mnt/scratch/pmywe/GPU/3D_irregular_packing_stream/hpc/results/all_instances_geometry/st04_Example5_normal_seq13_cube__minimum_aabb_edges_len__bottom_top__instance_size__rng42.json,204.25738787651062,202.10463047027588,True,,3,0.17897662774169348,0.22852129316131325,3,0.17897662774169348,0.22852129316131325
1565,st04_Example5_normal_seq13_cube,minimum_aabb_edges_len,all,148x148x148,st04_Example5_normal_seq13_cube;st04_Example5_normal_seq13_cube_999999_1,geometry_only,st04_Example5_normal,13,cube,success,/mnt/scratch/pmywe/GPU/3D_irregular_packing_stream/hpc/results/all_instances_geometry/st04_Example5_normal_seq13_cube__minimum_aabb_edges_len__all__instance_size__rng42.json,271.8354513645172,269.7043888568878,True,,3,0.17897662774169348,0.21084357046966617,3,0.17897662774169348,0.21084357046966617
1566,st04_Example5_normal_seq13_cube,maximal_residual_box,bottom,148x148x148,st04_Example5_normal_seq13_cube;st04_Example5_normal_seq13_cube_999999_1,geometry_only,st04_Example5_normal,13,cube,success,/mnt/scratch/pmywe/GPU/3D_irregular_packing_stream/hpc/results/all_instances_geometry/st04_Example5_normal_seq13_cube__maximal_residual_box__bottom__instance_size__rng42.json,185.5871331691742,183.4146671295166,True,,3,0.17897662774169348,0.19960210278759405,3,0.17897662774169348,0.19960210278759405
1567,st04_Example5_normal_seq13_cube,maximal_residual_box,bottom_top,148x148x148,st04_Example5_normal_seq13_cube;st04_Example5_normal_seq13_cube_999999_1,geometry_only,st04_Example5_normal,13,cube,success,/mnt/scratch/pmywe/GPU/3D_irregular_packing_stream/hpc/results/all_instances_geometry/st04_Example5_normal_seq13_cube__maximal_residual_box__bottom_top__instance_size__rng42.json,198.26263308525085,196.09134435653687,True,,3,0.17897662774169348,0.19960210278759405,3,0.17897662774169348,0.19960210278759405
1568,st04_Example5_normal_seq13_cube,maximal_residual_box,all,148x148x148,st04_Example5_normal_seq13_cube;st04_Example5_normal_seq13_cube_999999_1,geometry_only,st04_Example5_normal,13,cube,success,/mnt/scratch/pmywe/GPU/3D_irregular_packing_stream/hpc/results/all_instances_geometry/st04_Example5_normal_seq13_cube__maximal_residual_box__all__instance_size__rng42.json,264.2758367061615,262.06794261932373,True,,4,0.1342324708062701,0.1733450716969709,4,0.1342324708062701,0.1733450716969709
1569,st04_Example5_normal_seq13_cube,overlap_distance,bottom,148x148x148,st04_Example5_normal_seq13_cube;st04_Example5_normal_seq13_cube_999999_1,geometry_only,st04_Example5_normal,13,cube,success,/mnt/scratch/pmywe/GPU/3D_irregular_packing_stream/hpc/results/all_instances_geometry/st04_Example5_normal_seq13_cube__overlap_distance__bottom__instance_size__rng42.json,628.7088661193848,626.5126376152039,True,,3,0.17897662774169348,0.19960210278759402,3,0.17897662774169348,0.19960210278759402
1570,st04_Example5_normal_seq13_cube,overlap_distance,bottom_top,148x148x148,st04_Example5_normal_seq13_cube;st04_Example5_normal_seq13_cube_999999_1,geometry_only,st04_Example5_normal,13,cube,success,/mnt/scratch/pmywe/GPU/3D_irregular_packing_stream/hpc/results/all_instances_geometry/st04_Example5_normal_seq13_cube__overlap_distance__bottom_top__instance_size__rng42.json,802.7052080631256,800.5275318622589,True,,3,0.17897662774169348,0.20447379103903024,3,0.17897662774169348,0.20447379103903024
1571,st04_Example5_normal_seq13_cube,overlap_distance,all,148x148x148,st04_Example5_normal_seq13_cube;st04_Example5_normal_seq13_cube_999999_1,geometry_only,st04_Example5_normal,13,cube,success,/mnt/scratch/pmywe/GPU/3D_irregular_packing_stream/hpc/results/all_instances_geometry/st04_Example5_normal_seq13_cube__overlap_distance__all__instance_size__rng42.json,1554.8434386253357,1552.6686730384827,True,,3,0.17897662774169348,0.1941336766825262,3,0.17897662774169348,0.1941336766825262
1572,st04_Example5_normal_seq13_cylinder,minimum_aabb_volume,bottom,180x180x180,st04_Example5_normal_seq13_cylinder;st04_Example5_normal_seq13_cylinder_999999_1,geometry_only,st04_Example5_normal,13,cylinder,success,/mnt/scratch/pmywe/GPU/3D_irregular_packing_stream/hpc/results/all_instances_geometry/st04_Example5_normal_seq13_cylinder__minimum_aabb_volume__bottom__instance_size__rng42.json,1110.5949370861053,1107.8497705459595,True,,2,0.19000513118648796,0.22571227403960648,2,0.19000513118648796,0.22571227403960648
1573,st04_Example5_normal_seq13_cylinder,minimum_aabb_volume,bottom_top,180x180x180,st04_Example5_normal_seq13_cylinder;st04_Example5_normal_seq13_cylinder_999999_1,geometry_only,st04_Example5_normal,13,cylinder,success,/mnt/scratch/pmywe/GPU/3D_irregular_packing_stream/hpc/results/all_instances_geometry/st04_Example5_normal_seq13_cylinder__minimum_aabb_volume__bottom_top__instance_size__rng42.json,1178.3332016468048,1175.609990119934,True,,2,0.19000513118648796,0.22571227403960648,2,0.19000513118648796,0.22571227403960648
1574,st04_Example5_normal_seq13_cylinder,minimum_aabb_volume,all,180x180x180,st04_Example5_normal_seq13_cylinder;st04_Example5_normal_seq13_cylinder_999999_1,geometry_only,st04_Example5_normal,13,cylinder,success,/mnt/scratch/pmywe/GPU/3D_irregular_packing_stream/hpc/results/all_instances_geometry/st04_Example5_normal_seq13_cylinder__minimum_aabb_volume__all__instance_size__rng42.json,1373.1501908302307,1370.4426271915436,True,,3,0.12667008745765865,0.1695376745131475,3,0.12667008745765865,0.1695376745131475
1575,st04_Example5_normal_seq13_cylinder,minimum_aabb_edges_len,bottom,180x180x180,st04_Example5_normal_seq13_cylinder;st04_Example5_normal_seq13_cylinder_999999_1,geometry_only,st04_Example5_normal,13,cylinder,success,/mnt/scratch/pmywe/GPU/3D_irregular_packing_stream/hpc/results/all_instances_geometry/st04_Example5_normal_seq13_cylinder__minimum_aabb_edges_len__bottom__instance_size__rng42.json,1125.5024876594543,1122.77765750885,True,,2,0.19000513118648796,0.2308366702319974,2,0.19000513118648796,0.2308366702319974
1576,st04_Example5_normal_seq13_cylinder,minimum_aabb_edges_len,bottom_top,180x180x180,st04_Example5_normal_seq13_cylinder;st04_Example5_normal_seq13_cylinder_999999_1,geometry_only,st04_Example5_normal,13,cylinder,success,/mnt/scratch/pmywe/GPU/3D_irregular_packing_stream/hpc/results/all_instances_geometry/st04_Example5_normal_seq13_cylinder__minimum_aabb_edges_len__bottom_top__instance_size__rng42.json,1200.6740899085999,1197.963557958603,True,,3,0.12667008745765865,0.1855502118569109,3,0.12667008745765865,0.1855502118569109
1577,st04_Example5_normal_seq13_cylinder,minimum_aabb_edges_len,all,180x180x180,st04_Example5_normal_seq13_cylinder;st04_Example5_normal_seq13_cylinder_999999_1,geometry_only,st04_Example5_normal,13,cylinder,success,/mnt/scratch/pmywe/GPU/3D_irregular_packing_stream/hpc/results/all_instances_geometry/st04_Example5_normal_seq13_cylinder__minimum_aabb_edges_len__all__instance_size__rng42.json,1355.5285675525665,1352.838324546814,True,,3,0.12667008745765865,0.18402655980226298,3,0.12667008745765865,0.18402655980226298
1578,st04_Example5_normal_seq13_cylinder,maximal_residual_box,bottom,180x180x180,st04_Example5_normal_seq13_cylinder;st04_Example5_normal_seq13_cylinder_999999_1,geometry_only,st04_Example5_normal,13,cylinder,success,/mnt/scratch/pmywe/GPU/3D_irregular_packing_stream/hpc/results/all_instances_geometry/st04_Example5_normal_seq13_cylinder__maximal_residual_box__bottom__instance_size__rng42.json,1102.7799730300903,1100.0812702178955,True,,2,0.19000513118648796,0.23382306319023338,2,0.19000513118648796,0.23382306319023338
1579,st04_Example5_normal_seq13_cylinder,maximal_residual_box,bottom_top,180x180x180,st04_Example5_normal_seq13_cylinder;st04_Example5_normal_seq13_cylinder_999999_1,geometry_only,st04_Example5_normal,13,cylinder,success,/mnt/scratch/pmywe/GPU/3D_irregular_packing_stream/hpc/results/all_instances_geometry/st04_Example5_normal_seq13_cylinder__maximal_residual_box__bottom_top__instance_size__rng42.json,1193.2483503818512,1190.546646118164,True,,2,0.19000513118648796,0.22608254397579833,2,0.19000513118648796,0.22608254397579833
1580,st04_Example5_normal_seq13_cylinder,maximal_residual_box,all,180x180x180,st04_Example5_normal_seq13_cylinder;st04_Example5_normal_seq13_cylinder_999999_1,geometry_only,st04_Example5_normal,13,cylinder,success,/mnt/scratch/pmywe/GPU/3D_irregular_packing_stream/hpc/results/all_instances_geometry/st04_Example5_normal_seq13_cylinder__maximal_residual_box__all__instance_size__rng42.json,1415.570519208908,1412.8018114566803,True,,3,0.12667008745765865,0.16816761025337634,3,0.12667008745765865,0.16816761025337634
1581,st04_Example5_normal_seq13_cylinder,overlap_distance,bottom,180x180x180,st04_Example5_normal_seq13_cylinder;st04_Example5_normal_seq13_cylinder_999999_1,geometry_only,st04_Example5_normal,13,cylinder,success,/mnt/scratch/pmywe/GPU/3D_irregular_packing_stream/hpc/results/all_instances_geometry/st04_Example5_normal_seq13_cylinder__overlap_distance__bottom__instance_size__rng42.json,2237.056454896927,2234.3752806186676,True,,3,0.12667008745765865,0.17359306908846095,3,0.12667008745765865,0.17359306908846095
1582,st04_Example5_normal_seq13_cylinder,overlap_distance,bottom_top,180x180x180,st04_Example5_normal_seq13_cylinder;st04_Example5_normal_seq13_cylinder_999999_1,geometry_only,st04_Example5_normal,13,cylinder,success,/mnt/scratch/pmywe/GPU/3D_irregular_packing_stream/hpc/results/all_instances_geometry/st04_Example5_normal_seq13_cylinder__overlap_distance__bottom_top__instance_size__rng42.json,2868.6793813705444,2865.9329800605774,True,,2,0.19000513118648796,0.22991754497765324,2,0.19000513118648796,0.22991754497765324
1583,st04_Example5_normal_seq13_cylinder,overlap_distance,all,180x180x180,st04_Example5_normal_seq13_cylinder;st04_Example5_normal_seq13_cylinder_999999_1,geometry_only,st04_Example5_normal,13,cylinder,success,/mnt/scratch/pmywe/GPU/3D_irregular_packing_stream/hpc/results/all_instances_geometry/st04_Example5_normal_seq13_cylinder__overlap_distance__all__instance_size__rng42.json,4491.546583652496,4488.843775033951,True,,3,0.12667008745765865,0.1660897540518988,3,0.12667008745765865,0.1660897540518988
1584,st04_Example5_normal_seq19_cube,minimum_aabb_volume,bottom,148x148x148,st04_Example5_normal_seq19_cube;st04_Example5_normal_seq19_cube_999999_1,geometry_only,st04_Example5_normal,19,cube,success,/mnt/scratch/pmywe/GPU/3D_irregular_packing_stream/hpc/results/all_instances_geometry/st04_Example5_normal_seq19_cube__minimum_aabb_volume__bottom__instance_size__rng42.json,160.34438037872314,158.1648609638214,True,,3,0.17897662774169348,0.23089837349219197,3,0.17897662774169348,0.23089837349219197
1585,st04_Example5_normal_seq19_cube,minimum_aabb_volume,bottom_top,148x148x148,st04_Example5_normal_seq19_cube;st04_Example5_normal_seq19_cube_999999_1,geometry_only,st04_Example5_normal,19,cube,success,/mnt/scratch/pmywe/GPU/3D_irregular_packing_stream/hpc/results/all_instances_geometry/st04_Example5_normal_seq19_cube__minimum_aabb_volume__bottom_top__instance_size__rng42.json,182.63477063179016,180.48547625541687,True,,3,0.17897662774169348,0.23089837349219197,3,0.17897662774169348,0.23089837349219197
1586,st04_Example5_normal_seq19_cube,minimum_aabb_volume,all,148x148x148,st04_Example5_normal_seq19_cube;st04_Example5_normal_seq19_cube_999999_1,geometry_only,st04_Example5_normal,19,cube,success,/mnt/scratch/pmywe/GPU/3D_irregular_packing_stream/hpc/results/all_instances_geometry/st04_Example5_normal_seq19_cube__minimum_aabb_volume__all__instance_size__rng42.json,254.97992706298828,252.80652594566345,True,,3,0.17897662774169348,0.2168148048980317,3,0.17897662774169348,0.2168148048980317
1587,st04_Example5_normal_seq19_cube,minimum_aabb_edges_len,bottom,148x148x148,st04_Example5_normal_seq19_cube;st04_Example5_normal_seq19_cube_999999_1,geometry_only,st04_Example5_normal,19,cube,success,/mnt/scratch/pmywe/GPU/3D_irregular_packing_stream/hpc/results/all_instances_geometry/st04_Example5_normal_seq19_cube__minimum_aabb_edges_len__bottom__instance_size__rng42.json,189.84443306922913,187.69902896881104,True,,3,0.17897662774169348,0.21176836761889722,3,0.17897662774169348,0.21176836761889722
1588,st04_Example5_normal_seq19_cube,minimum_aabb_edges_len,bottom_top,148x148x148,st04_Example5_normal_seq19_cube;st04_Example5_normal_seq19_cube_999999_1,geometry_only,st04_Example5_normal,19,cube,success,/mnt/scratch/pmywe/GPU/3D_irregular_packing_stream/hpc/results/all_instances_geometry/st04_Example5_normal_seq19_cube__minimum_aabb_edges_len__bottom_top__instance_size__rng42.json,205.6440670490265,203.523419380188,True,,3,0.17897662774169348,0.23236345823544508,3,0.17897662774169348,0.23236345823544508
1589,st04_Example5_normal_seq19_cube,minimum_aabb_edges_len,all,148x148x148,st04_Example5_normal_seq19_cube;st04_Example5_normal_seq19_cube_999999_1,geometry_only,st04_Example5_normal,19,cube,success,/mnt/scratch/pmywe/GPU/3D_irregular_packing_stream/hpc/results/all_instances_geometry/st04_Example5_normal_seq19_cube__minimum_aabb_edges_len__all__instance_size__rng42.json,276.3928961753845,274.2181746959686,True,,3,0.17897662774169348,0.22460386107436875,3,0.17897662774169348,0.22460386107436875
1590,st04_Example5_normal_seq19_cube,maximal_residual_box,bottom,148x148x148,st04_Example5_normal_seq19_cube;st04_Example5_normal_seq19_cube_999999_1,geometry_only,st04_Example5_normal,19,cube,success,/mnt/scratch/pmywe/GPU/3D_irregular_packing_stream/hpc/results/all_instances_geometry/st04_Example5_normal_seq19_cube__maximal_residual_box__bottom__instance_size__rng42.json,167.12291383743286,164.9680278301239,True,,3,0.17897662774169348,0.2244806267644562,3,0.17897662774169348,0.2244806267644562
1591,st04_Example5_normal_seq19_cube,maximal_residual_box,bottom_top,148x148x148,st04_Example5_normal_seq19_cube;st04_Example5_normal_seq19_cube_999999_1,geometry_only,st04_Example5_normal,19,cube,success,/mnt/scratch/pmywe/GPU/3D_irregular_packing_stream/hpc/results/all_instances_geometry/st04_Example5_normal_seq19_cube__maximal_residual_box__bottom_top__instance_size__rng42.json,184.86878728866577,182.71791315078735,True,,3,0.17897662774169348,0.2244806267644562,3,0.17897662774169348,0.2244806267644562
1592,st04_Example5_normal_seq19_cube,maximal_residual_box,all,148x148x148,st04_Example5_normal_seq19_cube;st04_Example5_normal_seq19_cube_999999_1,geometry_only,st04_Example5_normal,19,cube,success,/mnt/scratch/pmywe/GPU/3D_irregular_packing_stream/hpc/results/all_instances_geometry/st04_Example5_normal_seq19_cube__maximal_residual_box__all__instance_size__rng42.json,291.7320382595062,289.5713469982147,True,,3,0.17897662774169348,0.20202499111602473,3,0.17897662774169348,0.20202499111602473
1593,st04_Example5_normal_seq19_cube,overlap_distance,bottom,148x148x148,st04_Example5_normal_seq19_cube;st04_Example5_normal_seq19_cube_999999_1,geometry_only,st04_Example5_normal,19,cube,success,/mnt/scratch/pmywe/GPU/3D_irregular_packing_stream/hpc/results/all_instances_geometry/st04_Example5_normal_seq19_cube__overlap_distance__bottom__instance_size__rng42.json,718.6458911895752,716.4545712471008,True,,3,0.17897662774169348,0.218186114346633,3,0.17897662774169348,0.218186114346633
1594,st04_Example5_normal_seq19_cube,overlap_distance,bottom_top,148x148x148,st04_Example5_normal_seq19_cube;st04_Example5_normal_seq19_cube_999999_1,geometry_only,st04_Example5_normal,19,cube,success,/mnt/scratch/pmywe/GPU/3D_irregular_packing_stream/hpc/results/all_instances_geometry/st04_Example5_normal_seq19_cube__overlap_distance__bottom_top__instance_size__rng42.json,1003.3940739631653,1001.2335546016693,True,,3,0.17897662774169348,0.2259457115077093,3,0.17897662774169348,0.2259457115077093
1595,st04_Example5_normal_seq19_cube,overlap_distance,all,148x148x148,st04_Example5_normal_seq19_cube;st04_Example5_normal_seq19_cube_999999_1,geometry_only,st04_Example5_normal,19,cube,success,/mnt/scratch/pmywe/GPU/3D_irregular_packing_stream/hpc/results/all_instances_geometry/st04_Example5_normal_seq19_cube__overlap_distance__all__instance_size__rng42.json,1237.0337698459625,1234.9168148040771,True,,4,0.1342324708062701,0.1662232904928303,4,0.1342324708062701,0.1662232904928303
1596,st04_Example5_normal_seq19_cylinder,minimum_aabb_volume,bottom,180x180x180,st04_Example5_normal_seq19_cylinder;st04_Example5_normal_seq19_cylinder_999999_1,geometry_only,st04_Example5_normal,19,cylinder,success,/mnt/scratch/pmywe/GPU/3D_irregular_packing_stream/hpc/results/all_instances_geometry/st04_Example5_normal_seq19_cylinder__minimum_aabb_volume__bottom__instance_size__rng42.json,1103.9165365695953,1101.1840014457703,True,,2,0.19000513118648796,0.22222199958801508,2,0.19000513118648796,0.22222199958801508
1597,st04_Example5_normal_seq19_cylinder,minimum_aabb_volume,bottom_top,180x180x180,st04_Example5_normal_seq19_cylinder;st04_Example5_normal_seq19_cylinder_999999_1,geometry_only,st04_Example5_normal,19,cylinder,success,/mnt/scratch/pmywe/GPU/3D_irregular_packing_stream/hpc/results/all_instances_geometry/st04_Example5_normal_seq19_cylinder__minimum_aabb_volume__bottom_top__instance_size__rng42.json,1151.8929560184479,1149.1742157936096,True,,2,0.19000513118648796,0.22222199958801508,2,0.19000513118648796,0.22222199958801508
1598,st04_Example5_normal_seq19_cylinder,minimum_aabb_volume,all,180x180x180,st04_Example5_normal_seq19_cylinder;st04_Example5_normal_seq19_cylinder_999999_1,geometry_only,st04_Example5_normal,19,cylinder,success,/mnt/scratch/pmywe/GPU/3D_irregular_packing_stream/hpc/results/all_instances_geometry/st04_Example5_normal_seq19_cylinder__minimum_aabb_volume__all__instance_size__rng42.json,1401.9821610450745,1399.233276605606,True,,3,0.12667008745765865,0.1608529232975157,3,0.12667008745765865,0.1608529232975157
1599,st04_Example5_normal_seq19_cylinder,minimum_aabb_edges_len,bottom,180x180x180,st04_Example5_normal_seq19_cylinder;st04_Example5_normal_seq19_cylinder_999999_1,geometry_only,st04_Example5_normal,19,cylinder,success,/mnt/scratch/pmywe/GPU/3D_irregular_packing_stream/hpc/results/all_instances_geometry/st04_Example5_normal_seq19_cylinder__minimum_aabb_edges_len__bottom__instance_size__rng42.json,1105.4684965610504,1102.737146139145,True,,2,0.19000513118648796,0.23417914235646503,2,0.19000513118648796,0.23417914235646503
1600,st04_Example5_normal_seq19_cylinder,minimum_aabb_edges_len,bottom_top,180x180x180,st04_Example5_normal_seq19_cylinder;st04_Example5_normal_seq19_cylinder_999999_1,geometry_only,st04_Example5_normal,19,cylinder,success,/mnt/scratch/pmywe/GPU/3D_irregular_packing_stream/hpc/results/all_instances_geometry/st04_Example5_normal_seq19_cylinder__minimum_aabb_edges_len__bottom_top__instance_size__rng42.json,1219.5020942687988,1216.7992901802063,True,,2,0.19000513118648796,0.22339131903273413,2,0.19000513118648796,0.22339131903273413
1601,st04_Example5_normal_seq19_cylinder,minimum_aabb_edges_len,all,180x180x180,st04_Example5_normal_seq19_cylinder;st04_Example5_normal_seq19_cylinder_999999_1,geometry_only,st04_Example5_normal,19,cylinder,success,/mnt/scratch/pmywe/GPU/3D_irregular_packing_stream/hpc/results/all_instances_geometry/st04_Example5_normal_seq19_cylinder__minimum_aabb_edges_len__all__instance_size__rng42.json,1368.6291363239288,1366.0096485614777,True,,2,0.19000513118648796,0.22222199958801508,2,0.19000513118648796,0.22222199958801508
1602,st04_Example5_normal_seq19_cylinder,maximal_residual_box,bottom,180x180x180,st04_Example5_normal_seq19_cylinder;st04_Example5_normal_seq19_cylinder_999999_1,geometry_only,st04_Example5_normal,19,cylinder,success,/mnt/scratch/pmywe/GPU/3D_irregular_packing_stream/hpc/results/all_instances_geometry/st04_Example5_normal_seq19_cylinder__maximal_residual_box__bottom__instance_size__rng42.json,1109.4217720031738,1106.7144613265991,True,,2,0.19000513118648796,0.21836211015884538,2,0.19000513118648796,0.21836211015884538
1603,st04_Example5_normal_seq19_cylinder,maximal_residual_box,bottom_top,180x180x180,st04_Example5_normal_seq19_cylinder;st04_Example5_normal_seq19_cylinder_999999_1,geometry_only,st04_Example5_normal,19,cylinder,success,/mnt/scratch/pmywe/GPU/3D_irregular_packing_stream/hpc/results/all_instances_geometry/st04_Example5_normal_seq19_cylinder__maximal_residual_box__bottom_top__instance_size__rng42.json,1168.5539240837097,1165.851912021637,True,,2,0.19000513118648796,0.21836211015884538,2,0.19000513118648796,0.21836211015884538
1604,st04_Example5_normal_seq19_cylinder,maximal_residual_box,all,180x180x180,st04_Example5_normal_seq19_cylinder;st04_Example5_normal_seq19_cylinder_999999_1,geometry_only,st04_Example5_normal,19,cylinder,success,/mnt/scratch/pmywe/GPU/3D_irregular_packing_stream/hpc/results/all_instances_geometry/st04_Example5_normal_seq19_cylinder__maximal_residual_box__all__instance_size__rng42.json,1484.014021396637,1481.3130331039429,True,,3,0.12667008745765865,0.15740500283626696,3,0.12667008745765865,0.15740500283626696
1605,st04_Example5_normal_seq19_cylinder,overlap_distance,bottom,180x180x180,st04_Example5_normal_seq19_cylinder;st04_Example5_normal_seq19_cylinder_999999_1,geometry_only,st04_Example5_normal,19,cylinder,success,/mnt/scratch/pmywe/GPU/3D_irregular_packing_stream/hpc/results/all_instances_geometry/st04_Example5_normal_seq19_cylinder__overlap_distance__bottom__instance_size__rng42.json,2217.0514481067657,2214.317376613617,True,,2,0.19000513118648796,0.22911784051051248,2,0.19000513118648796,0.22911784051051248
1606,st04_Example5_normal_seq19_cylinder,overlap_distance,bottom_top,180x180x180,st04_Example5_normal_seq19_cylinder;st04_Example5_normal_seq19_cylinder_999999_1,geometry_only,st04_Example5_normal,19,cylinder,success,/mnt/scratch/pmywe/GPU/3D_irregular_packing_stream/hpc/results/all_instances_geometry/st04_Example5_normal_seq19_cylinder__overlap_distance__bottom_top__instance_size__rng42.json,3062.441477537155,3059.6573646068573,True,,3,0.12667008745765865,0.18655721072523926,3,0.12667008745765865,0.18655721072523926
1607,st04_Example5_normal_seq19_cylinder,overlap_distance,all,180x180x180,st04_Example5_normal_seq19_cylinder;st04_Example5_normal_seq19_cylinder_999999_1,geometry_only,st04_Example5_normal,19,cylinder,success,/mnt/scratch/pmywe/GPU/3D_irregular_packing_stream/hpc/results/all_instances_geometry/st04_Example5_normal_seq19_cylinder__overlap_distance__all__instance_size__rng42.json,4765.9873995780945,4763.291936635971,True,,3,0.12667008745765865,0.15542746446243105,3,0.12667008745765865,0.15542746446243105
1608,st04_Example5_normal_seq3_cube,minimum_aabb_volume,bottom,148x148x148,st04_Example5_normal_seq3_cube;st04_Example5_normal_seq3_cube_999999_1,geometry_only,st04_Example5_normal,3,cube,success,/mnt/scratch/pmywe/GPU/3D_irregular_packing_stream/hpc/results/all_instances_geometry/st04_Example5_normal_seq3_cube__minimum_aabb_volume__bottom__instance_size__rng42.json,173.99503421783447,171.8169960975647,True,,3,0.17897662774169348,0.21999529889641287,3,0.17897662774169348,0.21999529889641287
1609,st04_Example5_normal_seq3_cube,minimum_aabb_volume,bottom_top,148x148x148,st04_Example5_normal_seq3_cube;st04_Example5_normal_seq3_cube_999999_1,geometry_only,st04_Example5_normal,3,cube,success,/mnt/scratch/pmywe/GPU/3D_irregular_packing_stream/hpc/results/all_instances_geometry/st04_Example5_normal_seq3_cube__minimum_aabb_volume__bottom_top__instance_size__rng42.json,192.32695245742798,190.16734743118286,True,,3,0.17897662774169348,0.21701639093439679,3,0.17897662774169348,0.21701639093439679
1610,st04_Example5_normal_seq3_cube,minimum_aabb_volume,all,148x148x148,st04_Example5_normal_seq3_cube;st04_Example5_normal_seq3_cube_999999_1,geometry_only,st04_Example5_normal,3,cube,success,/mnt/scratch/pmywe/GPU/3D_irregular_packing_stream/hpc/results/all_instances_geometry/st04_Example5_normal_seq3_cube__minimum_aabb_volume__all__instance_size__rng42.json,242.9724462032318,240.82691884040833,True,,3,0.17897662774169348,0.2171396252443093,3,0.17897662774169348,0.2171396252443093
1611,st04_Example5_normal_seq3_cube,minimum_aabb_edges_len,bottom,148x148x148,st04_Example5_normal_seq3_cube;st04_Example5_normal_seq3_cube_999999_1,geometry_only,st04_Example5_normal,3,cube,success,/mnt/scratch/pmywe/GPU/3D_irregular_packing_stream/hpc/results/all_instances_geometry/st04_Example5_normal_seq3_cube__minimum_aabb_edges_len__bottom__instance_size__rng42.json,183.38287377357483,181.24706625938416,True,,3,0.17897662774169348,0.21981052454938504,3,0.17897662774169348,0.21981052454938504
1612,st04_Example5_normal_seq3_cube,minimum_aabb_edges_len,bottom_top,148x148x148,st04_Example5_normal_seq3_cube;st04_Example5_normal_seq3_cube_999999_1,geometry_only,st04_Example5_normal,3,cube,success,/mnt/scratch/pmywe/GPU/3D_irregular_packing_stream/hpc/results/all_instances_geometry/st04_Example5_normal_seq3_cube__minimum_aabb_edges_len__bottom_top__instance_size__rng42.json,209.85236501693726,207.6779043674469,True,,3,0.17897662774169348,0.22343413766213255,3,0.17897662774169348,0.22343413766213255
1613,st04_Example5_normal_seq3_cube,minimum_aabb_edges_len,all,148x148x148,st04_Example5_normal_seq3_cube;st04_Example5_normal_seq3_cube_999999_1,geometry_only,st04_Example5_normal,3,cube,success,/mnt/scratch/pmywe/GPU/3D_irregular_packing_stream/hpc/results/all_instances_geometry/st04_Example5_normal_seq3_cube__minimum_aabb_edges_len__all__instance_size__rng42.json,285.23165583610535,283.1039218902588,True,,3,0.17897662774169348,0.21072187851657354,3,0.17897662774169348,0.21072187851657354
1614,st04_Example5_normal_seq3_cube,maximal_residual_box,bottom,148x148x148,st04_Example5_normal_seq3_cube;st04_Example5_normal_seq3_cube_999999_1,geometry_only,st04_Example5_normal,3,cube,success,/mnt/scratch/pmywe/GPU/3D_irregular_packing_stream/hpc/results/all_instances_geometry/st04_Example5_normal_seq3_cube__maximal_residual_box__bottom__instance_size__rng42.json,186.32026553153992,184.18043327331543,True,,3,0.17897662774169348,0.20947041019288098,3,0.17897662774169348,0.20947041019288098
1615,st04_Example5_normal_seq3_cube,maximal_residual_box,bottom_top,148x148x148,st04_Example5_normal_seq3_cube;st04_Example5_normal_seq3_cube_999999_1,geometry_only,st04_Example5_normal,3,cube,success,/mnt/scratch/pmywe/GPU/3D_irregular_packing_stream/hpc/results/all_instances_geometry/st04_Example5_normal_seq3_cube__maximal_residual_box__bottom_top__instance_size__rng42.json,202.6606228351593,200.4789423942566,True,,3,0.17897662774169348,0.2149388362979488,3,0.17897662774169348,0.2149388362979488
1616,st04_Example5_normal_seq3_cube,maximal_residual_box,all,148x148x148,st04_Example5_normal_seq3_cube;st04_Example5_normal_seq3_cube_999999_1,geometry_only,st04_Example5_normal,3,cube,success,/mnt/scratch/pmywe/GPU/3D_irregular_packing_stream/hpc/results/all_instances_geometry/st04_Example5_normal_seq3_cube__maximal_residual_box__all__instance_size__rng42.json,254.6966028213501,252.56212258338928,True,,3,0.17897662774169348,0.1995556778473141,3,0.17897662774169348,0.1995556778473141
1617,st04_Example5_normal_seq3_cube,overlap_distance,bottom,148x148x148,st04_Example5_normal_seq3_cube;st04_Example5_normal_seq3_cube_999999_1,geometry_only,st04_Example5_normal,3,cube,success,/mnt/scratch/pmywe/GPU/3D_irregular_packing_stream/hpc/results/all_instances_geometry/st04_Example5_normal_seq3_cube__overlap_distance__bottom__instance_size__rng42.json,668.9282596111298,666.7845304012299,True,,3,0.17897662774169348,0.21006714804651255,3,0.17897662774169348,0.21006714804651255
1618,st04_Example5_normal_seq3_cube,overlap_distance,bottom_top,148x148x148,st04_Example5_normal_seq3_cube;st04_Example5_normal_seq3_cube_999999_1,geometry_only,st04_Example5_normal,3,cube,success,/mnt/scratch/pmywe/GPU/3D_irregular_packing_stream/hpc/results/all_instances_geometry/st04_Example5_normal_seq3_cube__overlap_distance__bottom_top__instance_size__rng42.json,747.9516975879669,745.8074502944946,True,,4,0.1342324708062701,0.16771351565224832,4,0.1342324708062701,0.16771351565224832
1619,st04_Example5_normal_seq3_cube,overlap_distance,all,148x148x148,st04_Example5_normal_seq3_cube;st04_Example5_normal_seq3_cube_999999_1,geometry_only,st04_Example5_normal,3,cube,success,/mnt/scratch/pmywe/GPU/3D_irregular_packing_stream/hpc/results/all_instances_geometry/st04_Example5_normal_seq3_cube__overlap_distance__all__instance_size__rng42.json,1432.9138767719269,1430.7486505508423,True,,3,0.17897662774169348,0.18757742631236057,3,0.17897662774169348,0.18757742631236057
1620,st04_Example5_normal_seq3_cylinder,minimum_aabb_volume,bottom,180x180x180,st04_Example5_normal_seq3_cylinder;st04_Example5_normal_seq3_cylinder_999999_1,geometry_only,st04_Example5_normal,3,cylinder,success,/mnt/scratch/pmywe/GPU/3D_irregular_packing_stream/hpc/results/all_instances_geometry/st04_Example5_normal_seq3_cylinder__minimum_aabb_volume__bottom__instance_size__rng42.json,1079.3010964393616,1076.6116099357605,True,,2,0.19000513118648796,0.22155394180219726,2,0.19000513118648796,0.22155394180219726
1621,st04_Example5_normal_seq3_cylinder,minimum_aabb_volume,bottom_top,180x180x180,st04_Example5_normal_seq3_cylinder;st04_Example5_normal_seq3_cylinder_999999_1,geometry_only,st04_Example5_normal,3,cylinder,success,/mnt/scratch/pmywe/GPU/3D_irregular_packing_stream/hpc/results/all_instances_geometry/st04_Example5_normal_seq3_cylinder__minimum_aabb_volume__bottom_top__instance_size__rng42.json,1151.2034711837769,1148.4476099014282,True,,2,0.19000513118648796,0.22155394180219726,2,0.19000513118648796,0.22155394180219726
1622,st04_Example5_normal_seq3_cylinder,minimum_aabb_volume,all,180x180x180,st04_Example5_normal_seq3_cylinder;st04_Example5_normal_seq3_cylinder_999999_1,geometry_only,st04_Example5_normal,3,cylinder,success,/mnt/scratch/pmywe/GPU/3D_irregular_packing_stream/hpc/results/all_instances_geometry/st04_Example5_normal_seq3_cylinder__minimum_aabb_volume__all__instance_size__rng42.json,1349.63329744339,1346.890632867813,True,,3,0.12667008745765865,0.18204902142842705,3,0.12667008745765865,0.18204902142842705
1623,st04_Example5_normal_seq3_cylinder,minimum_aabb_edges_len,bottom,180x180x180,st04_Example5_normal_seq3_cylinder;st04_Example5_normal_seq3_cylinder_999999_1,geometry_only,st04_Example5_normal,3,cylinder,success,/mnt/scratch/pmywe/GPU/3D_irregular_packing_stream/hpc/results/all_instances_geometry/st04_Example5_normal_seq3_cylinder__minimum_aabb_edges_len__bottom__instance_size__rng42.json,1125.7084119319916,1123.0257730484009,True,,2,0.19000513118648796,0.21684653592709788,2,0.19000513118648796,0.21684653592709788
1624,st04_Example5_normal_seq3_cylinder,minimum_aabb_edges_len,bottom_top,180x180x180,st04_Example5_normal_seq3_cylinder;st04_Example5_normal_seq3_cylinder_999999_1,geometry_only,st04_Example5_normal,3,cylinder,success,/mnt/scratch/pmywe/GPU/3D_irregular_packing_stream/hpc/results/all_instances_geometry/st04_Example5_normal_seq3_cylinder__minimum_aabb_edges_len__bottom_top__instance_size__rng42.json,1200.493852853775,1197.811752319336,True,,2,0.19000513118648796,0.21684653592709788,2,0.19000513118648796,0.21684653592709788
1625,st04_Example5_normal_seq3_cylinder,minimum_aabb_edges_len,all,180x180x180,st04_Example5_normal_seq3_cylinder;st04_Example5_normal_seq3_cylinder_999999_1,geometry_only,st04_Example5_normal,3,cylinder,success,/mnt/scratch/pmywe/GPU/3D_irregular_packing_stream/hpc/results/all_instances_geometry/st04_Example5_normal_seq3_cylinder__minimum_aabb_edges_len__all__instance_size__rng42.json,1381.0481808185577,1378.4009580612183,True,,3,0.12667008745765865,0.18402655980226298,3,0.12667008745765865,0.18402655980226298
1626,st04_Example5_normal_seq3_cylinder,maximal_residual_box,bottom,180x180x180,st04_Example5_normal_seq3_cylinder;st04_Example5_normal_seq3_cylinder_999999_1,geometry_only,st04_Example5_normal,3,cylinder,success,/mnt/scratch/pmywe/GPU/3D_irregular_packing_stream/hpc/results/all_instances_geometry/st04_Example5_normal_seq3_cylinder__maximal_residual_box__bottom__instance_size__rng42.json,1104.7358689308167,1102.0533485412598,True,,2,0.19000513118648796,0.20952890165747626,2,0.19000513118648796,0.20952890165747626
1627,st04_Example5_normal_seq3_cylinder,maximal_residual_box,bottom_top,180x180x180,st04_Example5_normal_seq3_cylinder;st04_Example5_normal_seq3_cylinder_999999_1,geometry_only,st04_Example5_normal,3,cylinder,success,/mnt/scratch/pmywe/GPU/3D_irregular_packing_stream/hpc/results/all_instances_geometry/st04_Example5_normal_seq3_cylinder__maximal_residual_box__bottom_top__instance_size__rng42.json,1141.7616209983826,1139.0169389247894,True,,2,0.19000513118648796,0.22458705514153293,2,0.19000513118648796,0.22458705514153293
1628,st04_Example5_normal_seq3_cylinder,maximal_residual_box,all,180x180x180,st04_Example5_normal_seq3_cylinder;st04_Example5_normal_seq3_cylinder_999999_1,geometry_only,st04_Example5_normal,3,cylinder,success,/mnt/scratch/pmywe/GPU/3D_irregular_packing_stream/hpc/results/all_instances_geometry/st04_Example5_normal_seq3_cylinder__maximal_residual_box__all__instance_size__rng42.json,1454.0380771160126,1451.3485112190247,True,,3,0.12667008745765865,0.1602090989803991,3,0.12667008745765865,0.1602090989803991
1629,st04_Example5_normal_seq3_cylinder,overlap_distance,bottom,180x180x180,st04_Example5_normal_seq3_cylinder;st04_Example5_normal_seq3_cylinder_999999_1,geometry_only,st04_Example5_normal,3,cylinder,success,/mnt/scratch/pmywe/GPU/3D_irregular_packing_stream/hpc/results/all_instances_geometry/st04_Example5_normal_seq3_cylinder__overlap_distance__bottom__instance_size__rng42.json,1945.0278284549713,1942.3456356525421,True,,3,0.12667008745765865,0.18402655980226298,3,0.12667008745765865,0.18402655980226298
1630,st04_Example5_normal_seq3_cylinder,overlap_distance,bottom_top,180x180x180,st04_Example5_normal_seq3_cylinder;st04_Example5_normal_seq3_cylinder_999999_1,geometry_only,st04_Example5_normal,3,cylinder,success,/mnt/scratch/pmywe/GPU/3D_irregular_packing_stream/hpc/results/all_instances_geometry/st04_Example5_normal_seq3_cylinder__overlap_distance__bottom_top__instance_size__rng42.json,2685.6684036254883,2682.942977666855,True,,3,0.12667008745765865,0.178047988418038,3,0.12667008745765865,0.178047988418038
1631,st04_Example5_normal_seq3_cylinder,overlap_distance,all,180x180x180,st04_Example5_normal_seq3_cylinder;st04_Example5_normal_seq3_cylinder_999999_1,geometry_only,st04_Example5_normal,3,cylinder,success,/mnt/scratch/pmywe/GPU/3D_irregular_packing_stream/hpc/results/all_instances_geometry/st04_Example5_normal_seq3_cylinder__overlap_distance__all__instance_size__rng42.json,4535.163805246353,4532.458297729492,True,,3,0.12667008745765865,0.16411330727575213,3,0.12667008745765865,0.16411330727575213
1632,st04_Example5_normal_seq53_cube,minimum_aabb_volume,bottom,148x148x148,st04_Example5_normal_seq53_cube;st04_Example5_normal_seq53_cube_999999_1,geometry_only,st04_Example5_normal,53,cube,success,/mnt/scratch/pmywe/GPU/3D_irregular_packing_stream/hpc/results/all_instances_geometry/st04_Example5_normal_seq53_cube__minimum_aabb_volume__bottom__instance_size__rng42.json,175.53144550323486,173.38723134994507,True,,3,0.17897662774169348,0.24519895169091666,3,0.17897662774169348,0.24519895169091666
1633,st04_Example5_normal_seq53_cube,minimum_aabb_volume,bottom_top,148x148x148,st04_Example5_normal_seq53_cube;st04_Example5_normal_seq53_cube_999999_1,geometry_only,st04_Example5_normal,53,cube,success,/mnt/scratch/pmywe/GPU/3D_irregular_packing_stream/hpc/results/all_instances_geometry/st04_Example5_normal_seq53_cube__minimum_aabb_volume__bottom_top__instance_size__rng42.json,191.40269374847412,189.259437084198,True,,3,0.17897662774169348,0.24519895169091666,3,0.17897662774169348,0.24519895169091666
1634,st04_Example5_normal_seq53_cube,minimum_aabb_volume,all,148x148x148,st04_Example5_normal_seq53_cube;st04_Example5_normal_seq53_cube_999999_1,geometry_only,st04_Example5_normal,53,cube,success,/mnt/scratch/pmywe/GPU/3D_irregular_packing_stream/hpc/results/all_instances_geometry/st04_Example5_normal_seq53_cube__minimum_aabb_volume__all__instance_size__rng42.json,270.7334334850311,268.59874963760376,True,,3,0.17897662774169348,0.20370585157838628,3,0.17897662774169348,0.20370585157838628
1635,st04_Example5_normal_seq53_cube,minimum_aabb_edges_len,bottom,148x148x148,st04_Example5_normal_seq53_cube;st04_Example5_normal_seq53_cube_999999_1,geometry_only,st04_Example5_normal,53,cube,success,/mnt/scratch/pmywe/GPU/3D_irregular_packing_stream/hpc/results/all_instances_geometry/st04_Example5_normal_seq53_cube__minimum_aabb_edges_len__bottom__instance_size__rng42.json,195.10723114013672,192.92966675758362,True,,3,0.17897662774169348,0.2091742776834541,3,0.17897662774169348,0.2091742776834541
1636,st04_Example5_normal_seq53_cube,minimum_aabb_edges_len,bottom_top,148x148x148,st04_Example5_normal_seq53_cube;st04_Example5_normal_seq53_cube_999999_1,geometry_only,st04_Example5_normal,53,cube,success,/mnt/scratch/pmywe/GPU/3D_irregular_packing_stream/hpc/results/all_instances_geometry/st04_Example5_normal_seq53_cube__minimum_aabb_edges_len__bottom_top__instance_size__rng42.json,217.72888231277466,215.5944037437439,True,,3,0.17897662774169348,0.221549840335222,3,0.17897662774169348,0.221549840335222
1637,st04_Example5_normal_seq53_cube,minimum_aabb_edges_len,all,148x148x148,st04_Example5_normal_seq53_cube;st04_Example5_normal_seq53_cube_999999_1,geometry_only,st04_Example5_normal,53,cube,success,/mnt/scratch/pmywe/GPU/3D_irregular_packing_stream/hpc/results/all_instances_geometry/st04_Example5_normal_seq53_cube__minimum_aabb_edges_len__all__instance_size__rng42.json,271.63182950019836,269.5328869819641,True,,3,0.17897662774169348,0.23248669254535761,3,0.17897662774169348,0.23248669254535761
1638,st04_Example5_normal_seq53_cube,maximal_residual_box,bottom,148x148x148,st04_Example5_normal_seq53_cube;st04_Example5_normal_seq53_cube_999999_1,geometry_only,st04_Example5_normal,53,cube,success,/mnt/scratch/pmywe/GPU/3D_irregular_packing_stream/hpc/results/all_instances_geometry/st04_Example5_normal_seq53_cube__maximal_residual_box__bottom__instance_size__rng42.json,178.33923292160034,176.16957211494446,True,,3,0.17897662774169348,0.23878120496318087,3,0.17897662774169348,0.23878120496318087
1639,st04_Example5_normal_seq53_cube,maximal_residual_box,bottom_top,148x148x148,st04_Example5_normal_seq53_cube;st04_Example5_normal_seq53_cube_999999_1,geometry_only,st04_Example5_normal,53,cube,success,/mnt/scratch/pmywe/GPU/3D_irregular_packing_stream/hpc/results/all_instances_geometry/st04_Example5_normal_seq53_cube__maximal_residual_box__bottom_top__instance_size__rng42.json,195.34962129592896,193.20668816566467,True,,3,0.17897662774169348,0.23878120496318087,3,0.17897662774169348,0.23878120496318087
1640,st04_Example5_normal_seq53_cube,maximal_residual_box,all,148x148x148,st04_Example5_normal_seq53_cube;st04_Example5_normal_seq53_cube_999999_1,geometry_only,st04_Example5_normal,53,cube,success,/mnt/scratch/pmywe/GPU/3D_irregular_packing_stream/hpc/results/all_instances_geometry/st04_Example5_normal_seq53_cube__maximal_residual_box__all__instance_size__rng42.json,262.7696530818939,260.59450697898865,True,,3,0.17897662774169348,0.2055506645707066,3,0.17897662774169348,0.2055506645707066
1641,st04_Example5_normal_seq53_cube,overlap_distance,bottom,148x148x148,st04_Example5_normal_seq53_cube;st04_Example5_normal_seq53_cube_999999_1,geometry_only,st04_Example5_normal,53,cube,success,/mnt/scratch/pmywe/GPU/3D_irregular_packing_stream/hpc/results/all_instances_geometry/st04_Example5_normal_seq53_cube__overlap_distance__bottom__instance_size__rng42.json,672.2213277816772,670.0686898231506,True,,3,0.17897662774169348,0.19788484270428208,3,0.17897662774169348,0.19788484270428208
1642,st04_Example5_normal_seq53_cube,overlap_distance,bottom_top,148x148x148,st04_Example5_normal_seq53_cube;st04_Example5_normal_seq53_cube_999999_1,geometry_only,st04_Example5_normal,53,cube,success,/mnt/scratch/pmywe/GPU/3D_irregular_packing_stream/hpc/results/all_instances_geometry/st04_Example5_normal_seq53_cube__overlap_distance__bottom_top__instance_size__rng42.json,923.763335943222,921.6344606876373,True,,3,0.17897662774169348,0.21857093237320593,3,0.17897662774169348,0.21857093237320593
1643,st04_Example5_normal_seq53_cube,overlap_distance,all,148x148x148,st04_Example5_normal_seq53_cube;st04_Example5_normal_seq53_cube_999999_1,geometry_only,st04_Example5_normal,53,cube,success,/mnt/scratch/pmywe/GPU/3D_irregular_packing_stream/hpc/results/all_instances_geometry/st04_Example5_normal_seq53_cube__overlap_distance__all__instance_size__rng42.json,1297.7854239940643,1295.654325246811,True,,3,0.17897662774169348,0.19449397123566226,3,0.17897662774169348,0.19449397123566226
1644,st04_Example5_normal_seq53_cylinder,minimum_aabb_volume,bottom,180x180x180,st04_Example5_normal_seq53_cylinder;st04_Example5_normal_seq53_cylinder_999999_1,geometry_only,st04_Example5_normal,53,cylinder,success,/mnt/scratch/pmywe/GPU/3D_irregular_packing_stream/hpc/results/all_instances_geometry/st04_Example5_normal_seq53_cylinder__minimum_aabb_volume__bottom__instance_size__rng42.json,1100.5532011985779,1097.7986423969269,True,,2,0.19000513118648796,0.2191888862486794,2,0.19000513118648796,0.2191888862486794
1645,st04_Example5_normal_seq53_cylinder,minimum_aabb_volume,bottom_top,180x180x180,st04_Example5_normal_seq53_cylinder;st04_Example5_normal_seq53_cylinder_999999_1,geometry_only,st04_Example5_normal,53,cylinder,success,/mnt/scratch/pmywe/GPU/3D_irregular_packing_stream/hpc/results/all_instances_geometry/st04_Example5_normal_seq53_cylinder__minimum_aabb_volume__bottom_top__instance_size__rng42.json,1154.9422326087952,1152.1459786891937,True,,2,0.19000513118648796,0.2191888862486794,2,0.19000513118648796,0.2191888862486794
1646,st04_Example5_normal_seq53_cylinder,minimum_aabb_volume,all,180x180x180,st04_Example5_normal_seq53_cylinder;st04_Example5_normal_seq53_cylinder_999999_1,geometry_only,st04_Example5_normal,53,cylinder,success,/mnt/scratch/pmywe/GPU/3D_irregular_packing_stream/hpc/results/all_instances_geometry/st04_Example5_normal_seq53_cylinder__minimum_aabb_volume__all__instance_size__rng42.json,1392.7064278125763,1389.9851756095886,True,,3,0.12667008745765865,0.16301799815436388,3,0.12667008745765865,0.16301799815436388
1647,st04_Example5_normal_seq53_cylinder,minimum_aabb_edges_len,bottom,180x180x180,st04_Example5_normal_seq53_cylinder;st04_Example5_normal_seq53_cylinder_999999_1,geometry_only,st04_Example5_normal,53,cylinder,success,/mnt/scratch/pmywe/GPU/3D_irregular_packing_stream/hpc/results/all_instances_geometry/st04_Example5_normal_seq53_cylinder__minimum_aabb_edges_len__bottom__instance_size__rng42.json,1133.5167846679688,1130.8013944625854,True,,2,0.19000513118648796,0.21027904758952531,2,0.19000513118648796,0.21027904758952531
1648,st04_Example5_normal_seq53_cylinder,minimum_aabb_edges_len,bottom_top,180x180x180,st04_Example5_normal_seq53_cylinder;st04_Example5_normal_seq53_cylinder_999999_1,geometry_only,st04_Example5_normal,53,cylinder,success,/mnt/scratch/pmywe/GPU/3D_irregular_packing_stream/hpc/results/all_instances_geometry/st04_Example5_normal_seq53_cylinder__minimum_aabb_edges_len__bottom_top__instance_size__rng42.json,1202.1258473396301,1199.4362435340881,True,,2,0.19000513118648796,0.22027109619779672,2,0.19000513118648796,0.22027109619779672
1649,st04_Example5_normal_seq53_cylinder,minimum_aabb_edges_len,all,180x180x180,st04_Example5_normal_seq53_cylinder;st04_Example5_normal_seq53_cylinder_999999_1,geometry_only,st04_Example5_normal,53,cylinder,success,/mnt/scratch/pmywe/GPU/3D_irregular_packing_stream/hpc/results/all_instances_geometry/st04_Example5_normal_seq53_cylinder__minimum_aabb_edges_len__all__instance_size__rng42.json,1375.8946146965027,1373.2169089317322,True,,3,0.12667008745765865,0.17997116522694953,3,0.12667008745765865,0.17997116522694953
1650,st04_Example5_normal_seq53_cylinder,maximal_residual_box,bottom,180x180x180,st04_Example5_normal_seq53_cylinder;st04_Example5_normal_seq53_cylinder_999999_1,geometry_only,st04_Example5_normal,53,cylinder,success,/mnt/scratch/pmywe/GPU/3D_irregular_packing_stream/hpc/results/all_instances_geometry/st04_Example5_normal_seq53_cylinder__maximal_residual_box__bottom__instance_size__rng42.json,1086.2932343482971,1083.580275297165,True,,2,0.19000513118648796,0.22448771975181164,2,0.19000513118648796,0.22448771975181164
1651,st04_Example5_normal_seq53_cylinder,maximal_residual_box,bottom_top,180x180x180,st04_Example5_normal_seq53_cylinder;st04_Example5_normal_seq53_cylinder_999999_1,geometry_only,st04_Example5_normal,53,cylinder,success,/mnt/scratch/pmywe/GPU/3D_irregular_packing_stream/hpc/results/all_instances_geometry/st04_Example5_normal_seq53_cylinder__maximal_residual_box__bottom_top__instance_size__rng42.json,1130.2782175540924,1127.5363957881927,True,,2,0.19000513118648796,0.22027109619779672,2,0.19000513118648796,0.22027109619779672
1652,st04_Example5_normal_seq53_cylinder,maximal_residual_box,all,180x180x180,st04_Example5_normal_seq53_cylinder;st04_Example5_normal_seq53_cylinder_999999_1,geometry_only,st04_Example5_normal,53,cylinder,success,/mnt/scratch/pmywe/GPU/3D_irregular_packing_stream/hpc/results/all_instances_geometry/st04_Example5_normal_seq53_cylinder__maximal_residual_box__all__instance_size__rng42.json,1387.2414371967316,1384.5763087272644,True,,3,0.12667008745765865,0.16899656953858885,3,0.12667008745765865,0.16899656953858885
1653,st04_Example5_normal_seq53_cylinder,overlap_distance,bottom,180x180x180,st04_Example5_normal_seq53_cylinder;st04_Example5_normal_seq53_cylinder_999999_1,geometry_only,st04_Example5_normal,53,cylinder,success,/mnt/scratch/pmywe/GPU/3D_irregular_packing_stream/hpc/results/all_instances_geometry/st04_Example5_normal_seq53_cylinder__overlap_distance__bottom__instance_size__rng42.json,2379.138243198395,2376.4513127803802,True,,2,0.19000513118648796,0.21631601945012488,2,0.19000513118648796,0.21631601945012488
1654,st04_Example5_normal_seq53_cylinder,overlap_distance,bottom_top,180x180x180,st04_Example5_normal_seq53_cylinder;st04_Example5_normal_seq53_cylinder_999999_1,geometry_only,st04_Example5_normal,53,cylinder,success,/mnt/scratch/pmywe/GPU/3D_irregular_packing_stream/hpc/results/all_instances_geometry/st04_Example5_normal_seq53_cylinder__overlap_distance__bottom_top__instance_size__rng42.json,2495.38614654541,2491.160561800003,True,,3,0.12667008745765865,0.1855502118569109,3,0.12667008745765865,0.1855502118569109
1655,st04_Example5_normal_seq53_cylinder,overlap_distance,all,180x180x180,st04_Example5_normal_seq53_cylinder;st04_Example5_normal_seq53_cylinder_999999_1,geometry_only,st04_Example5_normal,53,cylinder,success,/mnt/scratch/pmywe/GPU/3D_irregular_packing_stream/hpc/results/all_instances_geometry/st04_Example5_normal_seq53_cylinder__overlap_distance__all__instance_size__rng42.json,4872.674714565277,4869.946241855621,True,,3,0.12667008745765865,0.14825795999923996,3,0.12667008745765865,0.14825795999923996
1656,st04_Example5_normal_seq7_cube,minimum_aabb_volume,bottom,148x148x148,st04_Example5_normal_seq7_cube;st04_Example5_normal_seq7_cube_999999_1,geometry_only,st04_Example5_normal,7,cube,success,/mnt/scratch/pmywe/GPU/3D_irregular_packing_stream/hpc/results/all_instances_geometry/st04_Example5_normal_seq7_cube__minimum_aabb_volume__bottom__instance_size__rng42.json,173.31462693214417,171.12240171432495,True,,3,0.17897662774169348,0.21351446977474187,3,0.17897662774169348,0.21351446977474187
1657,st04_Example5_normal_seq7_cube,minimum_aabb_volume,bottom_top,148x148x148,st04_Example5_normal_seq7_cube;st04_Example5_normal_seq7_cube_999999_1,geometry_only,st04_Example5_normal,7,cube,success,/mnt/scratch/pmywe/GPU/3D_irregular_packing_stream/hpc/results/all_instances_geometry/st04_Example5_normal_seq7_cube__minimum_aabb_volume__bottom_top__instance_size__rng42.json,199.62504267692566,197.42481350898743,True,,3,0.17897662774169348,0.21351446977474187,3,0.17897662774169348,0.21351446977474187
1658,st04_Example5_normal_seq7_cube,minimum_aabb_volume,all,148x148x148,st04_Example5_normal_seq7_cube;st04_Example5_normal_seq7_cube_999999_1,geometry_only,st04_Example5_normal,7,cube,success,/mnt/scratch/pmywe/GPU/3D_irregular_packing_stream/hpc/results/all_instances_geometry/st04_Example5_normal_seq7_cube__minimum_aabb_volume__all__instance_size__rng42.json,251.01167058944702,248.8604874610901,True,,3,0.17897662774169348,0.2031743554182378,3,0.17897662774169348,0.2031743554182378
1659,st04_Example5_normal_seq7_cube,minimum_aabb_edges_len,bottom,148x148x148,st04_Example5_normal_seq7_cube;st04_Example5_normal_seq7_cube_999999_1,geometry_only,st04_Example5_normal,7,cube,success,/mnt/scratch/pmywe/GPU/3D_irregular_packing_stream/hpc/results/all_instances_geometry/st04_Example5_normal_seq7_cube__minimum_aabb_edges_len__bottom__instance_size__rng42.json,179.5349681377411,177.36538004875183,True,,3,0.17897662774169348,0.2229111244644937,3,0.17897662774169348,0.2229111244644937
1660,st04_Example5_normal_seq7_cube,minimum_aabb_edges_len,bottom_top,148x148x148,st04_Example5_normal_seq7_cube;st04_Example5_normal_seq7_cube_999999_1,geometry_only,st04_Example5_normal,7,cube,success,/mnt/scratch/pmywe/GPU/3D_irregular_packing_stream/hpc/results/all_instances_geometry/st04_Example5_normal_seq7_cube__minimum_aabb_edges_len__bottom_top__instance_size__rng42.json,206.00036883354187,203.82822251319885,True,,3,0.17897662774169348,0.22480390475391387,3,0.17897662774169348,0.22480390475391387
1661,st04_Example5_normal_seq7_cube,minimum_aabb_edges_len,all,148x148x148,st04_Example5_normal_seq7_cube;st04_Example5_normal_seq7_cube_999999_1,geometry_only,st04_Example5_normal,7,cube,success,/mnt/scratch/pmywe/GPU/3D_irregular_packing_stream/hpc/results/all_instances_geometry/st04_Example5_normal_seq7_cube__minimum_aabb_edges_len__all__instance_size__rng42.json,273.0841829776764,270.93947672843933,True,,3,0.17897662774169348,0.23407732513375318,3,0.17897662774169348,0.23407732513375318
1662,st04_Example5_normal_seq7_cube,maximal_residual_box,bottom,148x148x148,st04_Example5_normal_seq7_cube;st04_Example5_normal_seq7_cube_999999_1,geometry_only,st04_Example5_normal,7,cube,success,/mnt/scratch/pmywe/GPU/3D_irregular_packing_stream/hpc/results/all_instances_geometry/st04_Example5_normal_seq7_cube__maximal_residual_box__bottom__instance_size__rng42.json,178.31327486038208,176.11440634727478,True,,3,0.17897662774169348,0.21351446977474187,3,0.17897662774169348,0.21351446977474187
1663,st04_Example5_normal_seq7_cube,maximal_residual_box,bottom_top,148x148x148,st04_Example5_normal_seq7_cube;st04_Example5_normal_seq7_cube_999999_1,geometry_only,st04_Example5_normal,7,cube,success,/mnt/scratch/pmywe/GPU/3D_irregular_packing_stream/hpc/results/all_instances_geometry/st04_Example5_normal_seq7_cube__maximal_residual_box__bottom_top__instance_size__rng42.json,197.18115639686584,194.99384665489197,True,,3,0.17897662774169348,0.21351446977474187,3,0.17897662774169348,0.21351446977474187
1664,st04_Example5_normal_seq7_cube,maximal_residual_box,all,148x148x148,st04_Example5_normal_seq7_cube;st04_Example5_normal_seq7_cube_999999_1,geometry_only,st04_Example5_normal,7,cube,success,/mnt/scratch/pmywe/GPU/3D_irregular_packing_stream/hpc/results/all_instances_geometry/st04_Example5_normal_seq7_cube__maximal_residual_box__all__instance_size__rng42.json,260.84549021720886,258.6885805130005,True,,3,0.17897662774169348,0.1889970115294257,3,0.17897662774169348,0.1889970115294257
1665,st04_Example5_normal_seq7_cube,overlap_distance,bottom,148x148x148,st04_Example5_normal_seq7_cube;st04_Example5_normal_seq7_cube_999999_1,geometry_only,st04_Example5_normal,7,cube,success,/mnt/scratch/pmywe/GPU/3D_irregular_packing_stream/hpc/results/all_instances_geometry/st04_Example5_normal_seq7_cube__overlap_distance__bottom__instance_size__rng42.json,597.9100887775421,595.7102653980255,True,,3,0.17897662774169348,0.18907320395633032,3,0.17897662774169348,0.18907320395633032
1666,st04_Example5_normal_seq7_cube,overlap_distance,bottom_top,148x148x148,st04_Example5_normal_seq7_cube;st04_Example5_normal_seq7_cube_999999_1,geometry_only,st04_Example5_normal,7,cube,success,/mnt/scratch/pmywe/GPU/3D_irregular_packing_stream/hpc/results/all_instances_geometry/st04_Example5_normal_seq7_cube__overlap_distance__bottom_top__instance_size__rng42.json,785.0286619663239,782.8558931350708,True,,3,0.17897662774169348,0.205067135707658,3,0.17897662774169348,0.205067135707658
1667,st04_Example5_normal_seq7_cube,overlap_distance,all,148x148x148,st04_Example5_normal_seq7_cube;st04_Example5_normal_seq7_cube_999999_1,geometry_only,st04_Example5_normal,7,cube,success,/mnt/scratch/pmywe/GPU/3D_irregular_packing_stream/hpc/results/all_instances_geometry/st04_Example5_normal_seq7_cube__overlap_distance__all__instance_size__rng42.json,1470.1056365966797,1467.94522190094,True,,3,0.17897662774169348,0.1867481010502833,3,0.17897662774169348,0.1867481010502833
1668,st04_Example5_normal_seq7_cylinder,minimum_aabb_volume,bottom,180x180x180,st04_Example5_normal_seq7_cylinder;st04_Example5_normal_seq7_cylinder_999999_1,geometry_only,st04_Example5_normal,7,cylinder,success,/mnt/scratch/pmywe/GPU/3D_irregular_packing_stream/hpc/results/all_instances_geometry/st04_Example5_normal_seq7_cylinder__minimum_aabb_volume__bottom__instance_size__rng42.json,1109.0495455265045,1106.3492686748505,True,,2,0.19000513118648796,0.19951065470466298,2,0.19000513118648796,0.19951065470466298
1669,st04_Example5_normal_seq7_cylinder,minimum_aabb_volume,bottom_top,180x180x180,st04_Example5_normal_seq7_cylinder;st04_Example5_normal_seq7_cylinder_999999_1,geometry_only,st04_Example5_normal,7,cylinder,success,/mnt/scratch/pmywe/GPU/3D_irregular_packing_stream/hpc/results/all_instances_geometry/st04_Example5_normal_seq7_cylinder__minimum_aabb_volume__bottom_top__instance_size__rng42.json,1164.4378752708435,1161.6808240413666,True,,2,0.19000513118648796,0.19951065470466298,2,0.19000513118648796,0.19951065470466298
1670,st04_Example5_normal_seq7_cylinder,minimum_aabb_volume,all,180x180x180,st04_Example5_normal_seq7_cylinder;st04_Example5_normal_seq7_cylinder_999999_1,geometry_only,st04_Example5_normal,7,cylinder,success,/mnt/scratch/pmywe/GPU/3D_irregular_packing_stream/hpc/results/all_instances_geometry/st04_Example5_normal_seq7_cylinder__minimum_aabb_volume__all__instance_size__rng42.json,1407.4712166786194,1404.7561826705933,True,,3,0.12667008745765865,0.16508275518357046,3,0.12667008745765865,0.16508275518357046
1671,st04_Example5_normal_seq7_cylinder,minimum_aabb_edges_len,bottom,180x180x180,st04_Example5_normal_seq7_cylinder;st04_Example5_normal_seq7_cylinder_999999_1,geometry_only,st04_Example5_normal,7,cylinder,success,/mnt/scratch/pmywe/GPU/3D_irregular_packing_stream/hpc/results/all_instances_geometry/st04_Example5_normal_seq7_cylinder__minimum_aabb_edges_len__bottom__instance_size__rng42.json,1112.8434298038483,1110.1195275783539,True,,2,0.19000513118648796,0.21153569484938395,2,0.19000513118648796,0.21153569484938395
1672,st04_Example5_normal_seq7_cylinder,minimum_aabb_edges_len,bottom_top,180x180x180,st04_Example5_normal_seq7_cylinder;st04_Example5_normal_seq7_cylinder_999999_1,geometry_only,st04_Example5_normal,7,cylinder,success,/mnt/scratch/pmywe/GPU/3D_irregular_packing_stream/hpc/results/all_instances_geometry/st04_Example5_normal_seq7_cylinder__minimum_aabb_edges_len__bottom_top__instance_size__rng42.json,1207.254753112793,1204.5877878665924,True,,2,0.19000513118648796,0.2047350412453887,2,0.19000513118648796,0.2047350412453887
1673,st04_Example5_normal_seq7_cylinder,minimum_aabb_edges_len,all,180x180x180,st04_Example5_normal_seq7_cylinder;st04_Example5_normal_seq7_cylinder_999999_1,geometry_only,st04_Example5_normal,7,cylinder,success,/mnt/scratch/pmywe/GPU/3D_irregular_packing_stream/hpc/results/all_instances_geometry/st04_Example5_normal_seq7_cylinder__minimum_aabb_edges_len__all__instance_size__rng42.json,1363.92414188385,1361.2477068901062,True,,2,0.19000513118648796,0.20463985392688655,2,0.19000513118648796,0.20463985392688655
1674,st04_Example5_normal_seq7_cylinder,maximal_residual_box,bottom,180x180x180,st04_Example5_normal_seq7_cylinder;st04_Example5_normal_seq7_cylinder_999999_1,geometry_only,st04_Example5_normal,7,cylinder,success,/mnt/scratch/pmywe/GPU/3D_irregular_packing_stream/hpc/results/all_instances_geometry/st04_Example5_normal_seq7_cylinder__maximal_residual_box__bottom__instance_size__rng42.json,1125.5455558300018,1122.7541000843048,True,,2,0.19000513118648796,0.20262585619022985,2,0.19000513118648796,0.20262585619022985
1675,st04_Example5_normal_seq7_cylinder,maximal_residual_box,bottom_top,180x180x180,st04_Example5_normal_seq7_cylinder;st04_Example5_normal_seq7_cylinder_999999_1,geometry_only,st04_Example5_normal,7,cylinder,success,/mnt/scratch/pmywe/GPU/3D_irregular_packing_stream/hpc/results/all_instances_geometry/st04_Example5_normal_seq7_cylinder__maximal_residual_box__bottom_top__instance_size__rng42.json,1173.8032648563385,1171.0468645095825,True,,2,0.19000513118648796,0.20262585619022985,2,0.19000513118648796,0.20262585619022985
1676,st04_Example5_normal_seq7_cylinder,maximal_residual_box,all,180x180x180,st04_Example5_normal_seq7_cylinder;st04_Example5_normal_seq7_cylinder_999999_1,geometry_only,st04_Example5_normal,7,cylinder,success,/mnt/scratch/pmywe/GPU/3D_irregular_packing_stream/hpc/results/all_instances_geometry/st04_Example5_normal_seq7_cylinder__maximal_residual_box__all__instance_size__rng42.json,1431.7546827793121,1429.0674526691437,True,,3,0.12667008745765865,0.16508275518357046,3,0.12667008745765865,0.16508275518357046
1677,st04_Example5_normal_seq7_cylinder,overlap_distance,bottom,180x180x180,st04_Example5_normal_seq7_cylinder;st04_Example5_normal_seq7_cylinder_999999_1,geometry_only,st04_Example5_normal,7,cylinder,success,/mnt/scratch/pmywe/GPU/3D_irregular_packing_stream/hpc/results/all_instances_geometry/st04_Example5_normal_seq7_cylinder__overlap_distance__bottom__instance_size__rng42.json,2016.2106819152832,2013.5148303508759,True,,3,0.12667008745765865,0.17551624589737247,3,0.12667008745765865,0.17551624589737247
1678,st04_Example5_normal_seq7_cylinder,overlap_distance,bottom_top,180x180x180,st04_Example5_normal_seq7_cylinder;st04_Example5_normal_seq7_cylinder_999999_1,geometry_only,st04_Example5_normal,7,cylinder,success,/mnt/scratch/pmywe/GPU/3D_irregular_packing_stream/hpc/results/all_instances_geometry/st04_Example5_normal_seq7_cylinder__overlap_distance__bottom_top__instance_size__rng42.json,2835.7306559085846,2832.9983360767365,True,,2,0.19000513118648796,0.2041523463988698,2,0.19000513118648796,0.2041523463988698
1679,st04_Example5_normal_seq7_cylinder,overlap_distance,all,180x180x180,st04_Example5_normal_seq7_cylinder;st04_Example5_normal_seq7_cylinder_999999_1,geometry_only,st04_Example5_normal,7,cylinder,success,/mnt/scratch/pmywe/GPU/3D_irregular_packing_stream/hpc/results/all_instances_geometry/st04_Example5_normal_seq7_cylinder__overlap_distance__all__instance_size__rng42.json,4505.285963773727,4502.517324209213,True,,3,0.12667008745765865,0.14766620489190035,3,0.12667008745765865,0.14766620489190035
1680,st05_e2_seq13_cube,minimum_aabb_volume,bottom,157x157x157,st05_e2_seq13_cube;st05_e2_seq13_cube_999999_1,geometry_only,st05_e2,13,cube,success,/mnt/scratch/pmywe/GPU/3D_irregular_packing_stream/hpc/results/all_instances_geometry/st05_e2_seq13_cube__minimum_aabb_volume__bottom__instance_size__rng42.json,57.95214867591858,56.35181784629822,True,,2,0.1697711021984329,0.3023318732585113,2,0.1697711021984329,0.3023318732585113
1681,st05_e2_seq13_cube,minimum_aabb_volume,bottom_top,157x157x157,st05_e2_seq13_cube;st05_e2_seq13_cube_999999_1,geometry_only,st05_e2,13,cube,success,/mnt/scratch/pmywe/GPU/3D_irregular_packing_stream/hpc/results/all_instances_geometry/st05_e2_seq13_cube__minimum_aabb_volume__bottom_top__instance_size__rng42.json,58.609944581985474,57.25064206123352,True,,2,0.1697711021984329,0.3023318732585113,2,0.1697711021984329,0.3023318732585113
1682,st05_e2_seq13_cube,minimum_aabb_volume,all,157x157x157,st05_e2_seq13_cube;st05_e2_seq13_cube_999999_1,geometry_only,st05_e2,13,cube,success,/mnt/scratch/pmywe/GPU/3D_irregular_packing_stream/hpc/results/all_instances_geometry/st05_e2_seq13_cube__minimum_aabb_volume__all__instance_size__rng42.json,87.96392869949341,86.44837093353271,True,,2,0.1697711021984329,0.22791121098180234,2,0.1697711021984329,0.22791121098180234
1683,st05_e2_seq13_cube,minimum_aabb_edges_len,bottom,157x157x157,st05_e2_seq13_cube;st05_e2_seq13_cube_999999_1,geometry_only,st05_e2,13,cube,success,/mnt/scratch/pmywe/GPU/3D_irregular_packing_stream/hpc/results/all_instances_geometry/st05_e2_seq13_cube__minimum_aabb_edges_len__bottom__instance_size__rng42.json,62.404430866241455,60.92200326919556,True,,2,0.1697711021984329,0.2651215421201568,2,0.1697711021984329,0.2651215421201568
1684,st05_e2_seq13_cube,minimum_aabb_edges_len,bottom_top,157x157x157,st05_e2_seq13_cube;st05_e2_seq13_cube_999999_1,geometry_only,st05_e2,13,cube,success,/mnt/scratch/pmywe/GPU/3D_irregular_packing_stream/hpc/results/all_instances_geometry/st05_e2_seq13_cube__minimum_aabb_edges_len__bottom_top__instance_size__rng42.json,74.04567098617554,72.57548809051514,True,,1,0.3395422043968658,0.3395422043968658,1,0.3395422043968658,0.3395422043968658
1685,st05_e2_seq13_cube,minimum_aabb_edges_len,all,157x157x157,st05_e2_seq13_cube;st05_e2_seq13_cube_999999_1,geometry_only,st05_e2,13,cube,success,/mnt/scratch/pmywe/GPU/3D_irregular_packing_stream/hpc/results/all_instances_geometry/st05_e2_seq13_cube__minimum_aabb_edges_len__all__instance_size__rng42.json,88.21147727966309,86.73386192321777,True,,2,0.1697711021984329,0.2651215421201568,2,0.1697711021984329,0.2651215421201568
1686,st05_e2_seq13_cube,maximal_residual_box,bottom,157x157x157,st05_e2_seq13_cube;st05_e2_seq13_cube_999999_1,geometry_only,st05_e2,13,cube,success,/mnt/scratch/pmywe/GPU/3D_irregular_packing_stream/hpc/results/all_instances_geometry/st05_e2_seq13_cube__maximal_residual_box__bottom__instance_size__rng42.json,57.87573719024658,56.360870361328125,True,,2,0.1697711021984329,0.3023318732585113,2,0.1697711021984329,0.3023318732585113
1687,st05_e2_seq13_cube,maximal_residual_box,bottom_top,157x157x157,st05_e2_seq13_cube;st05_e2_seq13_cube_999999_1,geometry_only,st05_e2,13,cube,success,/mnt/scratch/pmywe/GPU/3D_irregular_packing_stream/hpc/results/all_instances_geometry/st05_e2_seq13_cube__maximal_residual_box__bottom_top__instance_size__rng42.json,57.98042678833008,56.4750030040741,True,,2,0.1697711021984329,0.3023318732585113,2,0.1697711021984329,0.3023318732585113
1688,st05_e2_seq13_cube,maximal_residual_box,all,157x157x157,st05_e2_seq13_cube;st05_e2_seq13_cube_999999_1,geometry_only,st05_e2,13,cube,success,/mnt/scratch/pmywe/GPU/3D_irregular_packing_stream/hpc/results/all_instances_geometry/st05_e2_seq13_cube__maximal_residual_box__all__instance_size__rng42.json,86.15335059165955,84.82010746002197,True,,2,0.1697711021984329,0.22791121098180234,2,0.1697711021984329,0.22791121098180234
1689,st05_e2_seq13_cube,overlap_distance,bottom,157x157x157,st05_e2_seq13_cube;st05_e2_seq13_cube_999999_1,geometry_only,st05_e2,13,cube,success,/mnt/scratch/pmywe/GPU/3D_irregular_packing_stream/hpc/results/all_instances_geometry/st05_e2_seq13_cube__overlap_distance__bottom__instance_size__rng42.json,113.64571619033813,112.16941785812378,True,,1,0.3395422043968658,0.3395422043968658,1,0.3395422043968658,0.3395422043968658
1690,st05_e2_seq13_cube,overlap_distance,bottom_top,157x157x157,st05_e2_seq13_cube;st05_e2_seq13_cube_999999_1,geometry_only,st05_e2,13,cube,success,/mnt/scratch/pmywe/GPU/3D_irregular_packing_stream/hpc/results/all_instances_geometry/st05_e2_seq13_cube__overlap_distance__bottom_top__instance_size__rng42.json,139.97912120819092,138.6231243610382,True,,1,0.3395422043968658,0.3395422043968658,1,0.3395422043968658,0.3395422043968658
1691,st05_e2_seq13_cube,overlap_distance,all,157x157x157,st05_e2_seq13_cube;st05_e2_seq13_cube_999999_1,geometry_only,st05_e2,13,cube,success,/mnt/scratch/pmywe/GPU/3D_irregular_packing_stream/hpc/results/all_instances_geometry/st05_e2_seq13_cube__overlap_distance__all__instance_size__rng42.json,285.4997503757477,284.01284313201904,True,,2,0.1697711021984329,0.2651215421201568,2,0.1697711021984329,0.2651215421201568
1692,st05_e2_seq13_cylinder,minimum_aabb_volume,bottom,174x174x174,st05_e2_seq13_cylinder;st05_e2_seq13_cylinder_999999_1,geometry_only,st05_e2,13,cylinder,success,/mnt/scratch/pmywe/GPU/3D_irregular_packing_stream/hpc/results/all_instances_geometry/st05_e2_seq13_cylinder__minimum_aabb_volume__bottom__instance_size__rng42.json,236.86307621002197,235.28914880752563,True,,2,0.15879071316547208,0.24797411457918928,2,0.15879071316547208,0.24797411457918928
1693,st05_e2_seq13_cylinder,minimum_aabb_volume,bottom_top,174x174x174,st05_e2_seq13_cylinder;st05_e2_seq13_cylinder_999999_1,geometry_only,st05_e2,13,cylinder,success,/mnt/scratch/pmywe/GPU/3D_irregular_packing_stream/hpc/results/all_instances_geometry/st05_e2_seq13_cylinder__minimum_aabb_volume__bottom_top__instance_size__rng42.json,247.73198866844177,246.15490007400513,True,,2,0.15879071316547208,0.24797411457918928,2,0.15879071316547208,0.24797411457918928
1694,st05_e2_seq13_cylinder,minimum_aabb_volume,all,174x174x174,st05_e2_seq13_cylinder;st05_e2_seq13_cylinder_999999_1,geometry_only,st05_e2,13,cylinder,success,/mnt/scratch/pmywe/GPU/3D_irregular_packing_stream/hpc/results/all_instances_geometry/st05_e2_seq13_cylinder__minimum_aabb_volume__all__instance_size__rng42.json,283.5995273590088,282.0403575897217,True,,2,0.15879071316547208,0.24797411457918928,2,0.15879071316547208,0.24797411457918928
1695,st05_e2_seq13_cylinder,minimum_aabb_edges_len,bottom,174x174x174,st05_e2_seq13_cylinder;st05_e2_seq13_cylinder_999999_1,geometry_only,st05_e2,13,cylinder,success,/mnt/scratch/pmywe/GPU/3D_irregular_packing_stream/hpc/results/all_instances_geometry/st05_e2_seq13_cylinder__minimum_aabb_edges_len__bottom__instance_size__rng42.json,243.77741146087646,242.23482632637024,True,,2,0.15879071316547208,0.28277777045506675,2,0.15879071316547208,0.28277777045506675
1696,st05_e2_seq13_cylinder,minimum_aabb_edges_len,bottom_top,174x174x174,st05_e2_seq13_cylinder;st05_e2_seq13_cylinder_999999_1,geometry_only,st05_e2,13,cylinder,success,/mnt/scratch/pmywe/GPU/3D_irregular_packing_stream/hpc/results/all_instances_geometry/st05_e2_seq13_cylinder__minimum_aabb_edges_len__bottom_top__instance_size__rng42.json,259.8024036884308,258.2012445926666,True,,1,0.31758142633094416,0.31758142633094416,1,0.31758142633094416,0.31758142633094416
1697,st05_e2_seq13_cylinder,minimum_aabb_edges_len,all,174x174x174,st05_e2_seq13_cylinder;st05_e2_seq13_cylinder_999999_1,geometry_only,st05_e2,13,cylinder,success,/mnt/scratch/pmywe/GPU/3D_irregular_packing_stream/hpc/results/all_instances_geometry/st05_e2_seq13_cylinder__minimum_aabb_edges_len__all__instance_size__rng42.json,303.50657391548157,301.9208037853241,True,,2,0.15879071316547208,0.24797411457918928,2,0.15879071316547208,0.24797411457918928
1698,st05_e2_seq13_cylinder,maximal_residual_box,bottom,174x174x174,st05_e2_seq13_cylinder;st05_e2_seq13_cylinder_999999_1,geometry_only,st05_e2,13,cylinder,success,/mnt/scratch/pmywe/GPU/3D_irregular_packing_stream/hpc/results/all_instances_geometry/st05_e2_seq13_cylinder__maximal_residual_box__bottom__instance_size__rng42.json,231.13240551948547,229.5549657344818,True,,2,0.15879071316547208,0.28277777045506675,2,0.15879071316547208,0.28277777045506675
1699,st05_e2_seq13_cylinder,maximal_residual_box,bottom_top,174x174x174,st05_e2_seq13_cylinder;st05_e2_seq13_cylinder_999999_1,geometry_only,st05_e2,13,cylinder,success,/mnt/scratch/pmywe/GPU/3D_irregular_packing_stream/hpc/results/all_instances_geometry/st05_e2_seq13_cylinder__maximal_residual_box__bottom_top__instance_size__rng42.json,242.16027283668518,240.5932605266571,True,,2,0.15879071316547208,0.28277777045506675,2,0.15879071316547208,0.28277777045506675
1700,st05_e2_seq13_cylinder,maximal_residual_box,all,174x174x174,st05_e2_seq13_cylinder;st05_e2_seq13_cylinder_999999_1,geometry_only,st05_e2,13,cylinder,success,/mnt/scratch/pmywe/GPU/3D_irregular_packing_stream/hpc/results/all_instances_geometry/st05_e2_seq13_cylinder__maximal_residual_box__all__instance_size__rng42.json,298.87268447875977,297.29569005966187,True,,2,0.15879071316547208,0.21317045870331183,2,0.15879071316547208,0.21317045870331183
1701,st05_e2_seq13_cylinder,overlap_distance,bottom,174x174x174,st05_e2_seq13_cylinder;st05_e2_seq13_cylinder_999999_1,geometry_only,st05_e2,13,cylinder,success,/mnt/scratch/pmywe/GPU/3D_irregular_packing_stream/hpc/results/all_instances_geometry/st05_e2_seq13_cylinder__overlap_distance__bottom__instance_size__rng42.json,352.99479484558105,351.4146032333374,True,,2,0.15879071316547208,0.28277777045506675,2,0.15879071316547208,0.28277777045506675
1702,st05_e2_seq13_cylinder,overlap_distance,bottom_top,174x174x174,st05_e2_seq13_cylinder;st05_e2_seq13_cylinder_999999_1,geometry_only,st05_e2,13,cylinder,success,/mnt/scratch/pmywe/GPU/3D_irregular_packing_stream/hpc/results/all_instances_geometry/st05_e2_seq13_cylinder__overlap_distance__bottom_top__instance_size__rng42.json,395.22562766075134,393.6904454231262,True,,2,0.15879071316547208,0.28277777045506675,2,0.15879071316547208,0.28277777045506675
1703,st05_e2_seq13_cylinder,overlap_distance,all,174x174x174,st05_e2_seq13_cylinder;st05_e2_seq13_cylinder_999999_1,geometry_only,st05_e2,13,cylinder,success,/mnt/scratch/pmywe/GPU/3D_irregular_packing_stream/hpc/results/all_instances_geometry/st05_e2_seq13_cylinder__overlap_distance__all__instance_size__rng42.json,497.64869022369385,496.08959794044495,True,,2,0.15879071316547208,0.21317045870331183,2,0.15879071316547208,0.21317045870331183
1704,st05_e2_seq19_cube,minimum_aabb_volume,bottom,157x157x157,st05_e2_seq19_cube;st05_e2_seq19_cube_999999_1,geometry_only,st05_e2,19,cube,success,/mnt/scratch/pmywe/GPU/3D_irregular_packing_stream/hpc/results/all_instances_geometry/st05_e2_seq19_cube__minimum_aabb_volume__bottom__instance_size__rng42.json,48.95711851119995,47.45695638656616,True,,2,0.1697711021984329,0.31329858474123184,2,0.1697711021984329,0.31329858474123184
1705,st05_e2_seq19_cube,minimum_aabb_volume,bottom_top,157x157x157,st05_e2_seq19_cube;st05_e2_seq19_cube_999999_1,geometry_only,st05_e2,19,cube,success,/mnt/scratch/pmywe/GPU/3D_irregular_packing_stream/hpc/results/all_instances_geometry/st05_e2_seq19_cube__minimum_aabb_volume__bottom_top__instance_size__rng42.json,54.48705983161926,53.144702672958374,True,,2,0.1697711021984329,0.31329858474123184,2,0.1697711021984329,0.31329858474123184
1706,st05_e2_seq19_cube,minimum_aabb_volume,all,157x157x157,st05_e2_seq19_cube;st05_e2_seq19_cube_999999_1,geometry_only,st05_e2,19,cube,success,/mnt/scratch/pmywe/GPU/3D_irregular_packing_stream/hpc/results/all_instances_geometry/st05_e2_seq19_cube__minimum_aabb_volume__all__instance_size__rng42.json,73.44708967208862,71.99243831634521,True,,2,0.1697711021984329,0.31329858474123184,2,0.1697711021984329,0.31329858474123184
1707,st05_e2_seq19_cube,minimum_aabb_edges_len,bottom,157x157x157,st05_e2_seq19_cube;st05_e2_seq19_cube_999999_1,geometry_only,st05_e2,19,cube,success,/mnt/scratch/pmywe/GPU/3D_irregular_packing_stream/hpc/results/all_instances_geometry/st05_e2_seq19_cube__minimum_aabb_edges_len__bottom__instance_size__rng42.json,57.87800431251526,56.35731482505798,True,,2,0.1697711021984329,0.3159503376449943,2,0.1697711021984329,0.3159503376449943
1708,st05_e2_seq19_cube,minimum_aabb_edges_len,bottom_top,157x157x157,st05_e2_seq19_cube;st05_e2_seq19_cube_999999_1,geometry_only,st05_e2,19,cube,success,/mnt/scratch/pmywe/GPU/3D_irregular_packing_stream/hpc/results/all_instances_geometry/st05_e2_seq19_cube__minimum_aabb_edges_len__bottom_top__instance_size__rng42.json,68.68161821365356,67.2078046798706,True,,1,0.3395422043968658,0.3395422043968658,1,0.3395422043968658,0.3395422043968658
1709,st05_e2_seq19_cube,minimum_aabb_edges_len,all,157x157x157,st05_e2_seq19_cube;st05_e2_seq19_cube_999999_1,geometry_only,st05_e2,19,cube,success,/mnt/scratch/pmywe/GPU/3D_irregular_packing_stream/hpc/results/all_instances_geometry/st05_e2_seq19_cube__minimum_aabb_edges_len__all__instance_size__rng42.json,74.88046765327454,73.53179216384888,True,,1,0.3395422043968658,0.3395422043968658,1,0.3395422043968658,0.3395422043968658
1710,st05_e2_seq19_cube,maximal_residual_box,bottom,157x157x157,st05_e2_seq19_cube;st05_e2_seq19_cube_999999_1,geometry_only,st05_e2,19,cube,success,/mnt/scratch/pmywe/GPU/3D_irregular_packing_stream/hpc/results/all_instances_geometry/st05_e2_seq19_cube__maximal_residual_box__bottom__instance_size__rng42.json,47.09204626083374,45.60280156135559,True,,1,0.3395422043968658,0.3395422043968658,1,0.3395422043968658,0.3395422043968658
1711,st05_e2_seq19_cube,maximal_residual_box,bottom_top,157x157x157,st05_e2_seq19_cube;st05_e2_seq19_cube_999999_1,geometry_only,st05_e2,19,cube,success,/mnt/scratch/pmywe/GPU/3D_irregular_packing_stream/hpc/results/all_instances_geometry/st05_e2_seq19_cube__maximal_residual_box__bottom_top__instance_size__rng42.json,52.73560667037964,51.28587865829468,True,,1,0.3395422043968658,0.3395422043968658,1,0.3395422043968658,0.3395422043968658
1712,st05_e2_seq19_cube,maximal_residual_box,all,157x157x157,st05_e2_seq19_cube;st05_e2_seq19_cube_999999_1,geometry_only,st05_e2,19,cube,success,/mnt/scratch/pmywe/GPU/3D_irregular_packing_stream/hpc/results/all_instances_geometry/st05_e2_seq19_cube__maximal_residual_box__all__instance_size__rng42.json,73.61497735977173,72.12112855911255,True,,2,0.1697711021984329,0.2787400065066398,2,0.1697711021984329,0.2787400065066398
1713,st05_e2_seq19_cube,overlap_distance,bottom,157x157x157,st05_e2_seq19_cube;st05_e2_seq19_cube_999999_1,geometry_only,st05_e2,19,cube,success,/mnt/scratch/pmywe/GPU/3D_irregular_packing_stream/hpc/results/all_instances_geometry/st05_e2_seq19_cube__overlap_distance__bottom__instance_size__rng42.json,131.08919715881348,129.75298285484314,True,,1,0.3395422043968658,0.3395422043968658,1,0.3395422043968658,0.3395422043968658
1714,st05_e2_seq19_cube,overlap_distance,bottom_top,157x157x157,st05_e2_seq19_cube;st05_e2_seq19_cube_999999_1,geometry_only,st05_e2,19,cube,success,/mnt/scratch/pmywe/GPU/3D_irregular_packing_stream/hpc/results/all_instances_geometry/st05_e2_seq19_cube__overlap_distance__bottom_top__instance_size__rng42.json,146.30544996261597,144.8718433380127,True,,1,0.3395422043968658,0.3395422043968658,1,0.3395422043968658,0.3395422043968658
1715,st05_e2_seq19_cube,overlap_distance,all,157x157x157,st05_e2_seq19_cube;st05_e2_seq19_cube_999999_1,geometry_only,st05_e2,19,cube,success,/mnt/scratch/pmywe/GPU/3D_irregular_packing_stream/hpc/results/all_instances_geometry/st05_e2_seq19_cube__overlap_distance__all__instance_size__rng42.json,271.9687931537628,270.62107849121094,True,,2,0.1697711021984329,0.32370662444672244,2,0.1697711021984329,0.32370662444672244
1716,st05_e2_seq19_cylinder,minimum_aabb_volume,bottom,174x174x174,st05_e2_seq19_cylinder;st05_e2_seq19_cylinder_999999_1,geometry_only,st05_e2,19,cylinder,success,/mnt/scratch/pmywe/GPU/3D_irregular_packing_stream/hpc/results/all_instances_geometry/st05_e2_seq19_cylinder__minimum_aabb_volume__bottom__instance_size__rng42.json,225.48484134674072,223.92513155937195,True,,1,0.31758142633094416,0.31758142633094416,1,0.31758142633094416,0.31758142633094416
1717,st05_e2_seq19_cylinder,minimum_aabb_volume,bottom_top,174x174x174,st05_e2_seq19_cylinder;st05_e2_seq19_cylinder_999999_1,geometry_only,st05_e2,19,cylinder,success,/mnt/scratch/pmywe/GPU/3D_irregular_packing_stream/hpc/results/all_instances_geometry/st05_e2_seq19_cylinder__minimum_aabb_volume__bottom_top__instance_size__rng42.json,248.93247866630554,247.35722184181213,True,,2,0.15879071316547208,0.27096918004684717,2,0.15879071316547208,0.27096918004684717
1718,st05_e2_seq19_cylinder,minimum_aabb_volume,all,174x174x174,st05_e2_seq19_cylinder;st05_e2_seq19_cylinder_999999_1,geometry_only,st05_e2,19,cylinder,success,/mnt/scratch/pmywe/GPU/3D_irregular_packing_stream/hpc/results/all_instances_geometry/st05_e2_seq19_cylinder__minimum_aabb_volume__all__instance_size__rng42.json,264.71798062324524,263.1484363079071,True,,1,0.31758142633094416,0.31758142633094416,1,0.31758142633094416,0.31758142633094416
1719,st05_e2_seq19_cylinder,minimum_aabb_edges_len,bottom,174x174x174,st05_e2_seq19_cylinder;st05_e2_seq19_cylinder_999999_1,geometry_only,st05_e2,19,cylinder,success,/mnt/scratch/pmywe/GPU/3D_irregular_packing_stream/hpc/results/all_instances_geometry/st05_e2_seq19_cylinder__minimum_aabb_edges_len__bottom__instance_size__rng42.json,231.5242145061493,229.95382142066956,True,,2,0.15879071316547208,0.2930351812562628,2,0.15879071316547208,0.2930351812562628
1720,st05_e2_seq19_cylinder,minimum_aabb_edges_len,bottom_top,174x174x174,st05_e2_seq19_cylinder;st05_e2_seq19_cylinder_999999_1,geometry_only,st05_e2,19,cylinder,success,/mnt/scratch/pmywe/GPU/3D_irregular_packing_stream/hpc/results/all_instances_geometry/st05_e2_seq19_cylinder__minimum_aabb_edges_len__bottom_top__instance_size__rng42.json,252.26148629188538,250.7180757522583,True,,2,0.15879071316547208,0.2955154251215285,2,0.15879071316547208,0.2955154251215285
1721,st05_e2_seq19_cylinder,minimum_aabb_edges_len,all,174x174x174,st05_e2_seq19_cylinder;st05_e2_seq19_cylinder_999999_1,geometry_only,st05_e2,19,cylinder,success,/mnt/scratch/pmywe/GPU/3D_irregular_packing_stream/hpc/results/all_instances_geometry/st05_e2_seq19_cylinder__minimum_aabb_edges_len__all__instance_size__rng42.json,278.20490407943726,276.61602091789246,True,,2,0.15879071316547208,0.3027700538352114,2,0.15879071316547208,0.3027700538352114
1722,st05_e2_seq19_cylinder,maximal_residual_box,bottom,174x174x174,st05_e2_seq19_cylinder;st05_e2_seq19_cylinder_999999_1,geometry_only,st05_e2,19,cylinder,success,/mnt/scratch/pmywe/GPU/3D_irregular_packing_stream/hpc/results/all_instances_geometry/st05_e2_seq19_cylinder__maximal_residual_box__bottom__instance_size__rng42.json,238.14609575271606,236.59188890457153,True,,2,0.15879071316547208,0.27096918004684717,2,0.15879071316547208,0.27096918004684717
1723,st05_e2_seq19_cylinder,maximal_residual_box,bottom_top,174x174x174,st05_e2_seq19_cylinder;st05_e2_seq19_cylinder_999999_1,geometry_only,st05_e2,19,cylinder,success,/mnt/scratch/pmywe/GPU/3D_irregular_packing_stream/hpc/results/all_instances_geometry/st05_e2_seq19_cylinder__maximal_residual_box__bottom_top__instance_size__rng42.json,235.05203557014465,233.4459981918335,True,,2,0.15879071316547208,0.2930351812562628,2,0.15879071316547208,0.2930351812562628
1724,st05_e2_seq19_cylinder,maximal_residual_box,all,174x174x174,st05_e2_seq19_cylinder;st05_e2_seq19_cylinder_999999_1,geometry_only,st05_e2,19,cylinder,success,/mnt/scratch/pmywe/GPU/3D_irregular_packing_stream/hpc/results/all_instances_geometry/st05_e2_seq19_cylinder__maximal_residual_box__all__instance_size__rng42.json,285.5683488845825,284.02231454849243,True,,2,0.15879071316547208,0.2582315253803854,2,0.15879071316547208,0.2582315253803854
1725,st05_e2_seq19_cylinder,overlap_distance,bottom,174x174x174,st05_e2_seq19_cylinder;st05_e2_seq19_cylinder_999999_1,geometry_only,st05_e2,19,cylinder,success,/mnt/scratch/pmywe/GPU/3D_irregular_packing_stream/hpc/results/all_instances_geometry/st05_e2_seq19_cylinder__overlap_distance__bottom__instance_size__rng42.json,313.1646065711975,311.58021903038025,True,,1,0.31758142633094416,0.31758142633094416,1,0.31758142633094416,0.31758142633094416
1726,st05_e2_seq19_cylinder,overlap_distance,bottom_top,174x174x174,st05_e2_seq19_cylinder;st05_e2_seq19_cylinder_999999_1,geometry_only,st05_e2,19,cylinder,success,/mnt/scratch/pmywe/GPU/3D_irregular_packing_stream/hpc/results/all_instances_geometry/st05_e2_seq19_cylinder__overlap_distance__bottom_top__instance_size__rng42.json,398.648104429245,397.1198511123657,True,,1,0.31758142633094416,0.31758142633094416,1,0.31758142633094416,0.31758142633094416
1727,st05_e2_seq19_cylinder,overlap_distance,all,174x174x174,st05_e2_seq19_cylinder;st05_e2_seq19_cylinder_999999_1,geometry_only,st05_e2,19,cylinder,success,/mnt/scratch/pmywe/GPU/3D_irregular_packing_stream/hpc/results/all_instances_geometry/st05_e2_seq19_cylinder__overlap_distance__all__instance_size__rng42.json,593.1677227020264,591.6349358558655,True,,2,0.15879071316547208,0.27096918004684717,2,0.15879071316547208,0.27096918004684717
1728,st05_e2_seq3_cube,minimum_aabb_volume,bottom,157x157x157,st05_e2_seq3_cube;st05_e2_seq3_cube_999999_1,geometry_only,st05_e2,3,cube,success,/mnt/scratch/pmywe/GPU/3D_irregular_packing_stream/hpc/results/all_instances_geometry/st05_e2_seq3_cube__minimum_aabb_volume__bottom__instance_size__rng42.json,52.78687930107117,51.30074381828308,True,,1,0.3395422043968658,0.3395422043968658,1,0.3395422043968658,0.3395422043968658
1729,st05_e2_seq3_cube,minimum_aabb_volume,bottom_top,157x157x157,st05_e2_seq3_cube;st05_e2_seq3_cube_999999_1,geometry_only,st05_e2,3,cube,success,/mnt/scratch/pmywe/GPU/3D_irregular_packing_stream/hpc/results/all_instances_geometry/st05_e2_seq3_cube__minimum_aabb_volume__bottom_top__instance_size__rng42.json,57.687931299209595,56.36047720909119,True,,1,0.3395422043968658,0.3395422043968658,1,0.3395422043968658,0.3395422043968658
1730,st05_e2_seq3_cube,minimum_aabb_volume,all,157x157x157,st05_e2_seq3_cube;st05_e2_seq3_cube_999999_1,geometry_only,st05_e2,3,cube,success,/mnt/scratch/pmywe/GPU/3D_irregular_packing_stream/hpc/results/all_instances_geometry/st05_e2_seq3_cube__minimum_aabb_volume__all__instance_size__rng42.json,72.2398943901062,70.75388026237488,True,,2,0.1697711021984329,0.2856461406038875,2,0.1697711021984329,0.2856461406038875
1731,st05_e2_seq3_cube,minimum_aabb_edges_len,bottom,157x157x157,st05_e2_seq3_cube;st05_e2_seq3_cube_999999_1,geometry_only,st05_e2,3,cube,success,/mnt/scratch/pmywe/GPU/3D_irregular_packing_stream/hpc/results/all_instances_geometry/st05_e2_seq3_cube__minimum_aabb_edges_len__bottom__instance_size__rng42.json,55.77823042869568,54.29636096954346,True,,1,0.3395422043968658,0.3395422043968658,1,0.3395422043968658,0.3395422043968658
1732,st05_e2_seq3_cube,minimum_aabb_edges_len,bottom_top,157x157x157,st05_e2_seq3_cube;st05_e2_seq3_cube_999999_1,geometry_only,st05_e2,3,cube,success,/mnt/scratch/pmywe/GPU/3D_irregular_packing_stream/hpc/results/all_instances_geometry/st05_e2_seq3_cube__minimum_aabb_edges_len__bottom_top__instance_size__rng42.json,74.02609014511108,72.56937718391418,True,,1,0.3395422043968658,0.3395422043968658,1,0.3395422043968658,0.3395422043968658
1733,st05_e2_seq3_cube,minimum_aabb_edges_len,all,157x157x157,st05_e2_seq3_cube;st05_e2_seq3_cube_999999_1,geometry_only,st05_e2,3,cube,success,/mnt/scratch/pmywe/GPU/3D_irregular_packing_stream/hpc/results/all_instances_geometry/st05_e2_seq3_cube__minimum_aabb_edges_len__all__instance_size__rng42.json,70.23970246315002,68.78283143043518,True,,2,0.1697711021984329,0.31188976025952136,2,0.1697711021984329,0.31188976025952136
1734,st05_e2_seq3_cube,maximal_residual_box,bottom,157x157x157,st05_e2_seq3_cube;st05_e2_seq3_cube_999999_1,geometry_only,st05_e2,3,cube,success,/mnt/scratch/pmywe/GPU/3D_irregular_packing_stream/hpc/results/all_instances_geometry/st05_e2_seq3_cube__maximal_residual_box__bottom__instance_size__rng42.json,51.28302836418152,49.954325914382935,True,,2,0.1697711021984329,0.31188976025952136,2,0.1697711021984329,0.31188976025952136
1735,st05_e2_seq3_cube,maximal_residual_box,bottom_top,157x157x157,st05_e2_seq3_cube;st05_e2_seq3_cube_999999_1,geometry_only,st05_e2,3,cube,success,/mnt/scratch/pmywe/GPU/3D_irregular_packing_stream/hpc/results/all_instances_geometry/st05_e2_seq3_cube__maximal_residual_box__bottom_top__instance_size__rng42.json,55.50343298912048,53.99139428138733,True,,2,0.1697711021984329,0.31188976025952136,2,0.1697711021984329,0.31188976025952136
1736,st05_e2_seq3_cube,maximal_residual_box,all,157x157x157,st05_e2_seq3_cube;st05_e2_seq3_cube_999999_1,geometry_only,st05_e2,3,cube,success,/mnt/scratch/pmywe/GPU/3D_irregular_packing_stream/hpc/results/all_instances_geometry/st05_e2_seq3_cube__maximal_residual_box__all__instance_size__rng42.json,71.62799763679504,70.13140654563904,True,,2,0.1697711021984329,0.27467942912116694,2,0.1697711021984329,0.27467942912116694
1737,st05_e2_seq3_cube,overlap_distance,bottom,157x157x157,st05_e2_seq3_cube;st05_e2_seq3_cube_999999_1,geometry_only,st05_e2,3,cube,success,/mnt/scratch/pmywe/GPU/3D_irregular_packing_stream/hpc/results/all_instances_geometry/st05_e2_seq3_cube__overlap_distance__bottom__instance_size__rng42.json,119.00743770599365,117.56679034233093,True,,1,0.3395422043968658,0.3395422043968658,1,0.3395422043968658,0.3395422043968658
1738,st05_e2_seq3_cube,overlap_distance,bottom_top,157x157x157,st05_e2_seq3_cube;st05_e2_seq3_cube_999999_1,geometry_only,st05_e2,3,cube,success,/mnt/scratch/pmywe/GPU/3D_irregular_packing_stream/hpc/results/all_instances_geometry/st05_e2_seq3_cube__overlap_distance__bottom_top__instance_size__rng42.json,116.60071158409119,115.10020208358765,True,,1,0.3395422043968658,0.3395422043968658,1,0.3395422043968658,0.3395422043968658
1739,st05_e2_seq3_cube,overlap_distance,all,157x157x157,st05_e2_seq3_cube;st05_e2_seq3_cube_999999_1,geometry_only,st05_e2,3,cube,success,/mnt/scratch/pmywe/GPU/3D_irregular_packing_stream/hpc/results/all_instances_geometry/st05_e2_seq3_cube__overlap_distance__all__instance_size__rng42.json,229.5250062942505,228.10294771194458,True,,2,0.1697711021984329,0.31188976025952136,2,0.1697711021984329,0.31188976025952136
1740,st05_e2_seq3_cylinder,minimum_aabb_volume,bottom,174x174x174,st05_e2_seq3_cylinder;st05_e2_seq3_cylinder_999999_1,geometry_only,st05_e2,3,cylinder,success,/mnt/scratch/pmywe/GPU/3D_irregular_packing_stream/hpc/results/all_instances_geometry/st05_e2_seq3_cylinder__minimum_aabb_volume__bottom__instance_size__rng42.json,230.40970158576965,228.96176886558533,True,,2,0.15879071316547208,0.29171747617407334,2,0.15879071316547208,0.29171747617407334
1741,st05_e2_seq3_cylinder,minimum_aabb_volume,bottom_top,174x174x174,st05_e2_seq3_cylinder;st05_e2_seq3_cylinder_999999_1,geometry_only,st05_e2,3,cylinder,success,/mnt/scratch/pmywe/GPU/3D_irregular_packing_stream/hpc/results/all_instances_geometry/st05_e2_seq3_cylinder__minimum_aabb_volume__bottom_top__instance_size__rng42.json,241.33109831809998,239.76146364212036,True,,2,0.15879071316547208,0.29171747617407334,2,0.15879071316547208,0.29171747617407334
1742,st05_e2_seq3_cylinder,minimum_aabb_volume,all,174x174x174,st05_e2_seq3_cylinder;st05_e2_seq3_cylinder_999999_1,geometry_only,st05_e2,3,cylinder,success,/mnt/scratch/pmywe/GPU/3D_irregular_packing_stream/hpc/results/all_instances_geometry/st05_e2_seq3_cylinder__minimum_aabb_volume__all__instance_size__rng42.json,257.96253514289856,256.43139815330505,True,,2,0.15879071316547208,0.29171747617407334,2,0.15879071316547208,0.29171747617407334
1743,st05_e2_seq3_cylinder,minimum_aabb_edges_len,bottom,174x174x174,st05_e2_seq3_cylinder;st05_e2_seq3_cylinder_999999_1,geometry_only,st05_e2,3,cylinder,success,/mnt/scratch/pmywe/GPU/3D_irregular_packing_stream/hpc/results/all_instances_geometry/st05_e2_seq3_cylinder__minimum_aabb_edges_len__bottom__instance_size__rng42.json,245.53222608566284,243.9653980731964,True,,1,0.31758142633094416,0.31758142633094416,1,0.31758142633094416,0.31758142633094416
1744,st05_e2_seq3_cylinder,minimum_aabb_edges_len,bottom_top,174x174x174,st05_e2_seq3_cylinder;st05_e2_seq3_cylinder_999999_1,geometry_only,st05_e2,3,cylinder,success,/mnt/scratch/pmywe/GPU/3D_irregular_packing_stream/hpc/results/all_instances_geometry/st05_e2_seq3_cylinder__minimum_aabb_edges_len__bottom_top__instance_size__rng42.json,260.18046855926514,258.61930775642395,True,,1,0.31758142633094416,0.31758142633094416,1,0.31758142633094416,0.31758142633094416
1745,st05_e2_seq3_cylinder,minimum_aabb_edges_len,all,174x174x174,st05_e2_seq3_cylinder;st05_e2_seq3_cylinder_999999_1,geometry_only,st05_e2,3,cylinder,success,/mnt/scratch/pmywe/GPU/3D_irregular_packing_stream/hpc/results/all_instances_geometry/st05_e2_seq3_cylinder__minimum_aabb_edges_len__all__instance_size__rng42.json,264.878545999527,263.29679679870605,True,,2,0.15879071316547208,0.29171747617407334,2,0.15879071316547208,0.29171747617407334
1746,st05_e2_seq3_cylinder,maximal_residual_box,bottom,174x174x174,st05_e2_seq3_cylinder;st05_e2_seq3_cylinder_999999_1,geometry_only,st05_e2,3,cylinder,success,/mnt/scratch/pmywe/GPU/3D_irregular_packing_stream/hpc/results/all_instances_geometry/st05_e2_seq3_cylinder__maximal_residual_box__bottom__instance_size__rng42.json,229.15009140968323,227.57733821868896,True,,1,0.31758142633094416,0.31758142633094416,1,0.31758142633094416,0.31758142633094416
1747,st05_e2_seq3_cylinder,maximal_residual_box,bottom_top,174x174x174,st05_e2_seq3_cylinder;st05_e2_seq3_cylinder_999999_1,geometry_only,st05_e2,3,cylinder,success,/mnt/scratch/pmywe/GPU/3D_irregular_packing_stream/hpc/results/all_instances_geometry/st05_e2_seq3_cylinder__maximal_residual_box__bottom_top__instance_size__rng42.json,242.69209122657776,241.11132311820984,True,,1,0.31758142633094416,0.31758142633094416,1,0.31758142633094416,0.31758142633094416
1748,st05_e2_seq3_cylinder,maximal_residual_box,all,174x174x174,st05_e2_seq3_cylinder;st05_e2_seq3_cylinder_999999_1,geometry_only,st05_e2,3,cylinder,success,/mnt/scratch/pmywe/GPU/3D_irregular_packing_stream/hpc/results/all_instances_geometry/st05_e2_seq3_cylinder__maximal_residual_box__all__instance_size__rng42.json,257.966917514801,256.4176735877991,True,,2,0.15879071316547208,0.28277777045506675,2,0.15879071316547208,0.28277777045506675
1749,st05_e2_seq3_cylinder,overlap_distance,bottom,174x174x174,st05_e2_seq3_cylinder;st05_e2_seq3_cylinder_999999_1,geometry_only,st05_e2,3,cylinder,success,/mnt/scratch/pmywe/GPU/3D_irregular_packing_stream/hpc/results/all_instances_geometry/st05_e2_seq3_cylinder__overlap_distance__bottom__instance_size__rng42.json,362.5441138744354,361.0211274623871,True,,1,0.31758142633094416,0.31758142633094416,1,0.31758142633094416,0.31758142633094416
1750,st05_e2_seq3_cylinder,overlap_distance,bottom_top,174x174x174,st05_e2_seq3_cylinder;st05_e2_seq3_cylinder_999999_1,geometry_only,st05_e2,3,cylinder,success,/mnt/scratch/pmywe/GPU/3D_irregular_packing_stream/hpc/results/all_instances_geometry/st05_e2_seq3_cylinder__overlap_distance__bottom_top__instance_size__rng42.json,442.9563660621643,441.4105408191681,True,,1,0.31758142633094416,0.31758142633094416,1,0.31758142633094416,0.31758142633094416
1751,st05_e2_seq3_cylinder,overlap_distance,all,174x174x174,st05_e2_seq3_cylinder;st05_e2_seq3_cylinder_999999_1,geometry_only,st05_e2,3,cylinder,success,/mnt/scratch/pmywe/GPU/3D_irregular_packing_stream/hpc/results/all_instances_geometry/st05_e2_seq3_cylinder__overlap_distance__all__instance_size__rng42.json,537.5720093250275,536.0102524757385,True,,2,0.15879071316547208,0.28277777045506675,2,0.15879071316547208,0.28277777045506675
1752,st05_e2_seq53_cube,minimum_aabb_volume,bottom,157x157x157,st05_e2_seq53_cube;st05_e2_seq53_cube_999999_1,geometry_only,st05_e2,53,cube,success,/mnt/scratch/pmywe/GPU/3D_irregular_packing_stream/hpc/results/all_instances_geometry/st05_e2_seq53_cube__minimum_aabb_volume__bottom__instance_size__rng42.json,52.73882007598877,51.24718165397644,True,,2,0.1697711021984329,0.3023318732585113,2,0.1697711021984329,0.3023318732585113
1753,st05_e2_seq53_cube,minimum_aabb_volume,bottom_top,157x157x157,st05_e2_seq53_cube;st05_e2_seq53_cube_999999_1,geometry_only,st05_e2,53,cube,success,/mnt/scratch/pmywe/GPU/3D_irregular_packing_stream/hpc/results/all_instances_geometry/st05_e2_seq53_cube__minimum_aabb_volume__bottom_top__instance_size__rng42.json,54.25947856903076,52.91323232650757,True,,2,0.1697711021984329,0.3023318732585113,2,0.1697711021984329,0.3023318732585113
1754,st05_e2_seq53_cube,minimum_aabb_volume,all,157x157x157,st05_e2_seq53_cube;st05_e2_seq53_cube_999999_1,geometry_only,st05_e2,53,cube,success,/mnt/scratch/pmywe/GPU/3D_irregular_packing_stream/hpc/results/all_instances_geometry/st05_e2_seq53_cube__minimum_aabb_volume__all__instance_size__rng42.json,73.36656284332275,71.89161539077759,True,,2,0.1697711021984329,0.3023318732585113,2,0.1697711021984329,0.3023318732585113
1755,st05_e2_seq53_cube,minimum_aabb_edges_len,bottom,157x157x157,st05_e2_seq53_cube;st05_e2_seq53_cube_999999_1,geometry_only,st05_e2,53,cube,success,/mnt/scratch/pmywe/GPU/3D_irregular_packing_stream/hpc/results/all_instances_geometry/st05_e2_seq53_cube__minimum_aabb_edges_len__bottom__instance_size__rng42.json,62.339059352874756,60.90282130241394,True,,1,0.3395422043968658,0.3395422043968658,1,0.3395422043968658,0.3395422043968658
1756,st05_e2_seq53_cube,minimum_aabb_edges_len,bottom_top,157x157x157,st05_e2_seq53_cube;st05_e2_seq53_cube_999999_1,geometry_only,st05_e2,53,cube,success,/mnt/scratch/pmywe/GPU/3D_irregular_packing_stream/hpc/results/all_instances_geometry/st05_e2_seq53_cube__minimum_aabb_edges_len__bottom_top__instance_size__rng42.json,70.2808952331543,68.86274790763855,True,,1,0.3395422043968658,0.3395422043968658,1,0.3395422043968658,0.3395422043968658
1757,st05_e2_seq53_cube,minimum_aabb_edges_len,all,157x157x157,st05_e2_seq53_cube;st05_e2_seq53_cube_999999_1,geometry_only,st05_e2,53,cube,success,/mnt/scratch/pmywe/GPU/3D_irregular_packing_stream/hpc/results/all_instances_geometry/st05_e2_seq53_cube__minimum_aabb_edges_len__all__instance_size__rng42.json,81.11199569702148,79.63428449630737,True,,2,0.1697711021984329,0.3023318732585113,2,0.1697711021984329,0.3023318732585113
1758,st05_e2_seq53_cube,maximal_residual_box,bottom,157x157x157,st05_e2_seq53_cube;st05_e2_seq53_cube_999999_1,geometry_only,st05_e2,53,cube,success,/mnt/scratch/pmywe/GPU/3D_irregular_packing_stream/hpc/results/all_instances_geometry/st05_e2_seq53_cube__maximal_residual_box__bottom__instance_size__rng42.json,51.71056151390076,50.251970052719116,True,,2,0.1697711021984329,0.3023318732585113,2,0.1697711021984329,0.3023318732585113
1759,st05_e2_seq53_cube,maximal_residual_box,bottom_top,157x157x157,st05_e2_seq53_cube;st05_e2_seq53_cube_999999_1,geometry_only,st05_e2,53,cube,success,/mnt/scratch/pmywe/GPU/3D_irregular_packing_stream/hpc/results/all_instances_geometry/st05_e2_seq53_cube__maximal_residual_box__bottom_top__instance_size__rng42.json,55.09104657173157,53.6133770942688,True,,2,0.1697711021984329,0.3023318732585113,2,0.1697711021984329,0.3023318732585113
1760,st05_e2_seq53_cube,maximal_residual_box,all,157x157x157,st05_e2_seq53_cube;st05_e2_seq53_cube_999999_1,geometry_only,st05_e2,53,cube,success,/mnt/scratch/pmywe/GPU/3D_irregular_packing_stream/hpc/results/all_instances_geometry/st05_e2_seq53_cube__maximal_residual_box__all__instance_size__rng42.json,69.73589539527893,68.26933598518372,True,,2,0.1697711021984329,0.3023318732585113,2,0.1697711021984329,0.3023318732585113
1761,st05_e2_seq53_cube,overlap_distance,bottom,157x157x157,st05_e2_seq53_cube;st05_e2_seq53_cube_999999_1,geometry_only,st05_e2,53,cube,success,/mnt/scratch/pmywe/GPU/3D_irregular_packing_stream/hpc/results/all_instances_geometry/st05_e2_seq53_cube__overlap_distance__bottom__instance_size__rng42.json,148.16607117652893,146.84277415275574,True,,2,0.1697711021984329,0.3023318732585113,2,0.1697711021984329,0.3023318732585113
1762,st05_e2_seq53_cube,overlap_distance,bottom_top,157x157x157,st05_e2_seq53_cube;st05_e2_seq53_cube_999999_1,geometry_only,st05_e2,53,cube,success,/mnt/scratch/pmywe/GPU/3D_irregular_packing_stream/hpc/results/all_instances_geometry/st05_e2_seq53_cube__overlap_distance__bottom_top__instance_size__rng42.json,191.83021807670593,190.35143113136292,True,,1,0.3395422043968658,0.3395422043968658,1,0.3395422043968658,0.3395422043968658
1763,st05_e2_seq53_cube,overlap_distance,all,157x157x157,st05_e2_seq53_cube;st05_e2_seq53_cube_999999_1,geometry_only,st05_e2,53,cube,success,/mnt/scratch/pmywe/GPU/3D_irregular_packing_stream/hpc/results/all_instances_geometry/st05_e2_seq53_cube__overlap_distance__all__instance_size__rng42.json,227.68473196029663,226.36105632781982,True,,2,0.1697711021984329,0.3023318732585113,2,0.1697711021984329,0.3023318732585113
1764,st05_e2_seq53_cylinder,minimum_aabb_volume,bottom,174x174x174,st05_e2_seq53_cylinder;st05_e2_seq53_cylinder_999999_1,geometry_only,st05_e2,53,cylinder,success,/mnt/scratch/pmywe/GPU/3D_irregular_packing_stream/hpc/results/all_instances_geometry/st05_e2_seq53_cylinder__minimum_aabb_volume__bottom__instance_size__rng42.json,231.26508831977844,229.7138192653656,True,,2,0.15879071316547208,0.28277777045506675,2,0.15879071316547208,0.28277777045506675
1765,st05_e2_seq53_cylinder,minimum_aabb_volume,bottom_top,174x174x174,st05_e2_seq53_cylinder;st05_e2_seq53_cylinder_999999_1,geometry_only,st05_e2,53,cylinder,success,/mnt/scratch/pmywe/GPU/3D_irregular_packing_stream/hpc/results/all_instances_geometry/st05_e2_seq53_cylinder__minimum_aabb_volume__bottom_top__instance_size__rng42.json,242.9751284122467,241.40415287017822,True,,2,0.15879071316547208,0.28277777045506675,2,0.15879071316547208,0.28277777045506675
1766,st05_e2_seq53_cylinder,minimum_aabb_volume,all,174x174x174,st05_e2_seq53_cylinder;st05_e2_seq53_cylinder_999999_1,geometry_only,st05_e2,53,cylinder,success,/mnt/scratch/pmywe/GPU/3D_irregular_packing_stream/hpc/results/all_instances_geometry/st05_e2_seq53_cylinder__minimum_aabb_volume__all__instance_size__rng42.json,297.4551920890808,295.88402009010315,True,,2,0.15879071316547208,0.23606425520005309,2,0.15879071316547208,0.23606425520005309
1767,st05_e2_seq53_cylinder,minimum_aabb_edges_len,bottom,174x174x174,st05_e2_seq53_cylinder;st05_e2_seq53_cylinder_999999_1,geometry_only,st05_e2,53,cylinder,success,/mnt/scratch/pmywe/GPU/3D_irregular_packing_stream/hpc/results/all_instances_geometry/st05_e2_seq53_cylinder__minimum_aabb_edges_len__bottom__instance_size__rng42.json,250.49605655670166,248.92951369285583,True,,2,0.15879071316547208,0.28277777045506675,2,0.15879071316547208,0.28277777045506675
1768,st05_e2_seq53_cylinder,minimum_aabb_edges_len,bottom_top,174x174x174,st05_e2_seq53_cylinder;st05_e2_seq53_cylinder_999999_1,geometry_only,st05_e2,53,cylinder,success,/mnt/scratch/pmywe/GPU/3D_irregular_packing_stream/hpc/results/all_instances_geometry/st05_e2_seq53_cylinder__minimum_aabb_edges_len__bottom_top__instance_size__rng42.json,252.5219850540161,250.94439482688904,True,,2,0.15879071316547208,0.28277777045506675,2,0.15879071316547208,0.28277777045506675
1769,st05_e2_seq53_cylinder,minimum_aabb_edges_len,all,174x174x174,st05_e2_seq53_cylinder;st05_e2_seq53_cylinder_999999_1,geometry_only,st05_e2,53,cylinder,success,/mnt/scratch/pmywe/GPU/3D_irregular_packing_stream/hpc/results/all_instances_geometry/st05_e2_seq53_cylinder__minimum_aabb_edges_len__all__instance_size__rng42.json,278.32536697387695,276.7853066921234,True,,2,0.15879071316547208,0.28277777045506675,2,0.15879071316547208,0.28277777045506675
1770,st05_e2_seq53_cylinder,maximal_residual_box,bottom,174x174x174,st05_e2_seq53_cylinder;st05_e2_seq53_cylinder_999999_1,geometry_only,st05_e2,53,cylinder,success,/mnt/scratch/pmywe/GPU/3D_irregular_packing_stream/hpc/results/all_instances_geometry/st05_e2_seq53_cylinder__maximal_residual_box__bottom__instance_size__rng42.json,236.1683316230774,234.5920922756195,True,,2,0.15879071316547208,0.28277777045506675,2,0.15879071316547208,0.28277777045506675
1771,st05_e2_seq53_cylinder,maximal_residual_box,bottom_top,174x174x174,st05_e2_seq53_cylinder;st05_e2_seq53_cylinder_999999_1,geometry_only,st05_e2,53,cylinder,success,/mnt/scratch/pmywe/GPU/3D_irregular_packing_stream/hpc/results/all_instances_geometry/st05_e2_seq53_cylinder__maximal_residual_box__bottom_top__instance_size__rng42.json,246.7788519859314,245.19774866104126,True,,2,0.15879071316547208,0.28277777045506675,2,0.15879071316547208,0.28277777045506675
1772,st05_e2_seq53_cylinder,maximal_residual_box,all,174x174x174,st05_e2_seq53_cylinder;st05_e2_seq53_cylinder_999999_1,geometry_only,st05_e2,53,cylinder,success,/mnt/scratch/pmywe/GPU/3D_irregular_packing_stream/hpc/results/all_instances_geometry/st05_e2_seq53_cylinder__maximal_residual_box__all__instance_size__rng42.json,309.36416840553284,307.7813491821289,True,,2,0.15879071316547208,0.22211016442231846,2,0.15879071316547208,0.22211016442231846
1773,st05_e2_seq53_cylinder,overlap_distance,bottom,174x174x174,st05_e2_seq53_cylinder;st05_e2_seq53_cylinder_999999_1,geometry_only,st05_e2,53,cylinder,success,/mnt/scratch/pmywe/GPU/3D_irregular_packing_stream/hpc/results/all_instances_geometry/st05_e2_seq53_cylinder__overlap_distance__bottom__instance_size__rng42.json,346.06967401504517,344.50878620147705,True,,2,0.15879071316547208,0.28277777045506675,2,0.15879071316547208,0.28277777045506675
1774,st05_e2_seq53_cylinder,overlap_distance,bottom_top,174x174x174,st05_e2_seq53_cylinder;st05_e2_seq53_cylinder_999999_1,geometry_only,st05_e2,53,cylinder,success,/mnt/scratch/pmywe/GPU/3D_irregular_packing_stream/hpc/results/all_instances_geometry/st05_e2_seq53_cylinder__overlap_distance__bottom_top__instance_size__rng42.json,387.0392301082611,385.48759627342224,True,,2,0.15879071316547208,0.2569138202981959,2,0.15879071316547208,0.2569138202981959
1775,st05_e2_seq53_cylinder,overlap_distance,all,174x174x174,st05_e2_seq53_cylinder;st05_e2_seq53_cylinder_999999_1,geometry_only,st05_e2,53,cylinder,success,/mnt/scratch/pmywe/GPU/3D_irregular_packing_stream/hpc/results/all_instances_geometry/st05_e2_seq53_cylinder__overlap_distance__all__instance_size__rng42.json,614.0973250865936,612.5244026184082,True,,2,0.15879071316547208,0.24797411457918928,2,0.15879071316547208,0.24797411457918928
1776,st05_e2_seq7_cube,minimum_aabb_volume,bottom,157x157x157,st05_e2_seq7_cube;st05_e2_seq7_cube_999999_1,geometry_only,st05_e2,7,cube,success,/mnt/scratch/pmywe/GPU/3D_irregular_packing_stream/hpc/results/all_instances_geometry/st05_e2_seq7_cube__minimum_aabb_volume__bottom__instance_size__rng42.json,56.42690110206604,54.970622062683105,True,,2,0.1697711021984329,0.2651215421201568,2,0.1697711021984329,0.2651215421201568
1777,st05_e2_seq7_cube,minimum_aabb_volume,bottom_top,157x157x157,st05_e2_seq7_cube;st05_e2_seq7_cube_999999_1,geometry_only,st05_e2,7,cube,success,/mnt/scratch/pmywe/GPU/3D_irregular_packing_stream/hpc/results/all_instances_geometry/st05_e2_seq7_cube__minimum_aabb_volume__bottom_top__instance_size__rng42.json,57.60049247741699,55.82617425918579,True,,2,0.1697711021984329,0.2651215421201568,2,0.1697711021984329,0.2651215421201568
1778,st05_e2_seq7_cube,minimum_aabb_volume,all,157x157x157,st05_e2_seq7_cube;st05_e2_seq7_cube_999999_1,geometry_only,st05_e2,7,cube,success,/mnt/scratch/pmywe/GPU/3D_irregular_packing_stream/hpc/results/all_instances_geometry/st05_e2_seq7_cube__minimum_aabb_volume__all__instance_size__rng42.json,78.8238115310669,77.50400018692017,True,,2,0.1697711021984329,0.2651215421201568,2,0.1697711021984329,0.2651215421201568
1779,st05_e2_seq7_cube,minimum_aabb_edges_len,bottom,157x157x157,st05_e2_seq7_cube;st05_e2_seq7_cube_999999_1,geometry_only,st05_e2,7,cube,success,/mnt/scratch/pmywe/GPU/3D_irregular_packing_stream/hpc/results/all_instances_geometry/st05_e2_seq7_cube__minimum_aabb_edges_len__bottom__instance_size__rng42.json,61.65723657608032,60.17843556404114,True,,2,0.1697711021984329,0.3023318732585113,2,0.1697711021984329,0.3023318732585113
1780,st05_e2_seq7_cube,minimum_aabb_edges_len,bottom_top,157x157x157,st05_e2_seq7_cube;st05_e2_seq7_cube_999999_1,geometry_only,st05_e2,7,cube,success,/mnt/scratch/pmywe/GPU/3D_irregular_packing_stream/hpc/results/all_instances_geometry/st05_e2_seq7_cube__minimum_aabb_edges_len__bottom_top__instance_size__rng42.json,64.29217624664307,62.9637975692749,True,,2,0.1697711021984329,0.3023318732585113,2,0.1697711021984329,0.3023318732585113
1781,st05_e2_seq7_cube,minimum_aabb_edges_len,all,157x157x157,st05_e2_seq7_cube;st05_e2_seq7_cube_999999_1,geometry_only,st05_e2,7,cube,success,/mnt/scratch/pmywe/GPU/3D_irregular_packing_stream/hpc/results/all_instances_geometry/st05_e2_seq7_cube__minimum_aabb_edges_len__all__instance_size__rng42.json,86.1474404335022,84.67961502075195,True,,2,0.1697711021984329,0.3023318732585113,2,0.1697711021984329,0.3023318732585113
1782,st05_e2_seq7_cube,maximal_residual_box,bottom,157x157x157,st05_e2_seq7_cube;st05_e2_seq7_cube_999999_1,geometry_only,st05_e2,7,cube,success,/mnt/scratch/pmywe/GPU/3D_irregular_packing_stream/hpc/results/all_instances_geometry/st05_e2_seq7_cube__maximal_residual_box__bottom__instance_size__rng42.json,56.6523551940918,55.192352056503296,True,,2,0.1697711021984329,0.2651215421201568,2,0.1697711021984329,0.2651215421201568
1783,st05_e2_seq7_cube,maximal_residual_box,bottom_top,157x157x157,st05_e2_seq7_cube;st05_e2_seq7_cube_999999_1,geometry_only,st05_e2,7,cube,success,/mnt/scratch/pmywe/GPU/3D_irregular_packing_stream/hpc/results/all_instances_geometry/st05_e2_seq7_cube__maximal_residual_box__bottom_top__instance_size__rng42.json,56.89944410324097,55.437357902526855,True,,2,0.1697711021984329,0.2651215421201568,2,0.1697711021984329,0.2651215421201568
1784,st05_e2_seq7_cube,maximal_residual_box,all,157x157x157,st05_e2_seq7_cube;st05_e2_seq7_cube_999999_1,geometry_only,st05_e2,7,cube,success,/mnt/scratch/pmywe/GPU/3D_irregular_packing_stream/hpc/results/all_instances_geometry/st05_e2_seq7_cube__maximal_residual_box__all__instance_size__rng42.json,79.64957523345947,78.32868194580078,True,,2,0.1697711021984329,0.2651215421201568,2,0.1697711021984329,0.2651215421201568
1785,st05_e2_seq7_cube,overlap_distance,bottom,157x157x157,st05_e2_seq7_cube;st05_e2_seq7_cube_999999_1,geometry_only,st05_e2,7,cube,success,/mnt/scratch/pmywe/GPU/3D_irregular_packing_stream/hpc/results/all_instances_geometry/st05_e2_seq7_cube__overlap_distance__bottom__instance_size__rng42.json,117.77473902702332,116.30944156646729,True,,2,0.1697711021984329,0.3023318732585113,2,0.1697711021984329,0.3023318732585113
1786,st05_e2_seq7_cube,overlap_distance,bottom_top,157x157x157,st05_e2_seq7_cube;st05_e2_seq7_cube_999999_1,geometry_only,st05_e2,7,cube,success,/mnt/scratch/pmywe/GPU/3D_irregular_packing_stream/hpc/results/all_instances_geometry/st05_e2_seq7_cube__overlap_distance__bottom_top__instance_size__rng42.json,155.96918487548828,154.51498246192932,True,,2,0.1697711021984329,0.3023318732585113,2,0.1697711021984329,0.3023318732585113
1787,st05_e2_seq7_cube,overlap_distance,all,157x157x157,st05_e2_seq7_cube;st05_e2_seq7_cube_999999_1,geometry_only,st05_e2,7,cube,success,/mnt/scratch/pmywe/GPU/3D_irregular_packing_stream/hpc/results/all_instances_geometry/st05_e2_seq7_cube__overlap_distance__all__instance_size__rng42.json,264.15039920806885,262.8278532028198,True,,2,0.1697711021984329,0.2651215421201568,2,0.1697711021984329,0.2651215421201568
1788,st05_e2_seq7_cylinder,minimum_aabb_volume,bottom,174x174x174,st05_e2_seq7_cylinder;st05_e2_seq7_cylinder_999999_1,geometry_only,st05_e2,7,cylinder,success,/mnt/scratch/pmywe/GPU/3D_irregular_packing_stream/hpc/results/all_instances_geometry/st05_e2_seq7_cylinder__minimum_aabb_volume__bottom__instance_size__rng42.json,228.0503740310669,226.46110153198242,True,,2,0.15879071316547208,0.28277777045506675,2,0.15879071316547208,0.28277777045506675
1789,st05_e2_seq7_cylinder,minimum_aabb_volume,bottom_top,174x174x174,st05_e2_seq7_cylinder;st05_e2_seq7_cylinder_999999_1,geometry_only,st05_e2,7,cylinder,success,/mnt/scratch/pmywe/GPU/3D_irregular_packing_stream/hpc/results/all_instances_geometry/st05_e2_seq7_cylinder__minimum_aabb_volume__bottom_top__instance_size__rng42.json,238.768803358078,237.2142162322998,True,,2,0.15879071316547208,0.28277777045506675,2,0.15879071316547208,0.28277777045506675
1790,st05_e2_seq7_cylinder,minimum_aabb_volume,all,174x174x174,st05_e2_seq7_cylinder;st05_e2_seq7_cylinder_999999_1,geometry_only,st05_e2,7,cylinder,success,/mnt/scratch/pmywe/GPU/3D_irregular_packing_stream/hpc/results/all_instances_geometry/st05_e2_seq7_cylinder__minimum_aabb_volume__all__instance_size__rng42.json,282.08039808273315,280.52339148521423,True,,2,0.15879071316547208,0.24797411457918928,2,0.15879071316547208,0.24797411457918928
1791,st05_e2_seq7_cylinder,minimum_aabb_edges_len,bottom,174x174x174,st05_e2_seq7_cylinder;st05_e2_seq7_cylinder_999999_1,geometry_only,st05_e2,7,cylinder,success,/mnt/scratch/pmywe/GPU/3D_irregular_packing_stream/hpc/results/all_instances_geometry/st05_e2_seq7_cylinder__minimum_aabb_edges_len__bottom__instance_size__rng42.json,235.62760663032532,234.0765082836151,True,,2,0.15879071316547208,0.28277777045506675,2,0.15879071316547208,0.28277777045506675
1792,st05_e2_seq7_cylinder,minimum_aabb_edges_len,bottom_top,174x174x174,st05_e2_seq7_cylinder;st05_e2_seq7_cylinder_999999_1,geometry_only,st05_e2,7,cylinder,success,/mnt/scratch/pmywe/GPU/3D_irregular_packing_stream/hpc/results/all_instances_geometry/st05_e2_seq7_cylinder__minimum_aabb_edges_len__bottom_top__instance_size__rng42.json,248.6918978691101,247.11099529266357,True,,1,0.31758142633094416,0.31758142633094416,1,0.31758142633094416,0.31758142633094416
1793,st05_e2_seq7_cylinder,minimum_aabb_edges_len,all,174x174x174,st05_e2_seq7_cylinder;st05_e2_seq7_cylinder_999999_1,geometry_only,st05_e2,7,cylinder,success,/mnt/scratch/pmywe/GPU/3D_irregular_packing_stream/hpc/results/all_instances_geometry/st05_e2_seq7_cylinder__minimum_aabb_edges_len__all__instance_size__rng42.json,283.1037414073944,281.5317404270172,True,,2,0.15879071316547208,0.28277777045506675,2,0.15879071316547208,0.28277777045506675
1794,st05_e2_seq7_cylinder,maximal_residual_box,bottom,174x174x174,st05_e2_seq7_cylinder;st05_e2_seq7_cylinder_999999_1,geometry_only,st05_e2,7,cylinder,success,/mnt/scratch/pmywe/GPU/3D_irregular_packing_stream/hpc/results/all_instances_geometry/st05_e2_seq7_cylinder__maximal_residual_box__bottom__instance_size__rng42.json,242.72979760169983,241.13898968696594,True,,2,0.15879071316547208,0.24797411457918928,2,0.15879071316547208,0.24797411457918928
1795,st05_e2_seq7_cylinder,maximal_residual_box,bottom_top,174x174x174,st05_e2_seq7_cylinder;st05_e2_seq7_cylinder_999999_1,geometry_only,st05_e2,7,cylinder,success,/mnt/scratch/pmywe/GPU/3D_irregular_packing_stream/hpc/results/all_instances_geometry/st05_e2_seq7_cylinder__maximal_residual_box__bottom_top__instance_size__rng42.json,252.6969587802887,251.11302399635315,True,,2,0.15879071316547208,0.24797411457918928,2,0.15879071316547208,0.24797411457918928
1796,st05_e2_seq7_cylinder,maximal_residual_box,all,174x174x174,st05_e2_seq7_cylinder;st05_e2_seq7_cylinder_999999_1,geometry_only,st05_e2,7,cylinder,success,/mnt/scratch/pmywe/GPU/3D_irregular_packing_stream/hpc/results/all_instances_geometry/st05_e2_seq7_cylinder__maximal_residual_box__all__instance_size__rng42.json,284.57736444473267,283.00628566741943,True,,2,0.15879071316547208,0.24797411457918928,2,0.15879071316547208,0.24797411457918928
1797,st05_e2_seq7_cylinder,overlap_distance,bottom,174x174x174,st05_e2_seq7_cylinder;st05_e2_seq7_cylinder_999999_1,geometry_only,st05_e2,7,cylinder,success,/mnt/scratch/pmywe/GPU/3D_irregular_packing_stream/hpc/results/all_instances_geometry/st05_e2_seq7_cylinder__overlap_distance__bottom__instance_size__rng42.json,336.93200039863586,335.3512120246887,True,,2,0.15879071316547208,0.24797411457918928,2,0.15879071316547208,0.24797411457918928
1798,st05_e2_seq7_cylinder,overlap_distance,bottom_top,174x174x174,st05_e2_seq7_cylinder;st05_e2_seq7_cylinder_999999_1,geometry_only,st05_e2,7,cylinder,success,/mnt/scratch/pmywe/GPU/3D_irregular_packing_stream/hpc/results/all_instances_geometry/st05_e2_seq7_cylinder__overlap_distance__bottom_top__instance_size__rng42.json,398.81387090682983,397.2515826225281,True,,2,0.15879071316547208,0.28277777045506675,2,0.15879071316547208,0.28277777045506675
1799,st05_e2_seq7_cylinder,overlap_distance,all,174x174x174,st05_e2_seq7_cylinder;st05_e2_seq7_cylinder_999999_1,geometry_only,st05_e2,7,cylinder,success,/mnt/scratch/pmywe/GPU/3D_irregular_packing_stream/hpc/results/all_instances_geometry/st05_e2_seq7_cylinder__overlap_distance__all__instance_size__rng42.json,612.8129127025604,611.2337613105774,True,,2,0.15879071316547208,0.24797411457918928,2,0.15879071316547208,0.24797411457918928
